date,product,category,price,quantity,customer,city,discount,payment_method,revenue
2024-01-01,Bag H,Fashion,447000,2,C1242,Bandung,15,E-Wallet,759900
2024-01-01,Jacket F,Fashion,531000,3,C0996,Semarang,0,E-Wallet,1593000
2024-01-01,Snack J,Food,34000,2,C1356,Jakarta,5,Credit Card,64600
2024-01-01,Snack J,Food,36000,1,C1876,Semarang,15,COD,30600
2024-01-01,Smartphone B,Electronics,5056000,1,C1276,Solo,10,E-Wallet,4550400
2024-01-01,T-Shirt G,Fashion,262000,5,C2006,Surabaya,0,E-Wallet,1310000
2024-01-01,Coffee I,Food,75000,1,C1600,Malang,0,Bank Transfer,75000
2024-01-01,Chair N,Home,906000,1,C0742,Bandung,0,Bank Transfer,906000
2024-01-01,Pillow P,Home,174000,1,C0491,Jakarta,0,Credit Card,174000
2024-01-01,Monitor D,Electronics,2380000,2,C0387,Semarang,5,Bank Transfer,4522000
2024-01-01,Lamp M,Home,299000,1,C2020,Bandung,15,E-Wallet,254150
2024-01-01,Snack J,Food,35000,2,C1917,Surabaya,10,Credit Card,63000
2024-01-01,Chocolate L,Food,66000,2,C1300,Surabaya,15,E-Wallet,112200
2024-01-01,Shoes E,Fashion,668000,3,C0033,Jakarta,10,Bank Transfer,1803600
2024-01-01,Headphone C,Electronics,750000,1,C0632,Bandung,10,E-Wallet,675000
2024-01-01,Chair N,Home,873000,4,C2056,Jakarta,0,Bank Transfer,3492000
2024-01-01,Lamp M,Home,299000,2,C0198,Surabaya,0,E-Wallet,598000
2024-01-01,T-Shirt G,Fashion,248000,2,C0992,Jakarta,10,E-Wallet,446400
2024-01-02,Monitor D,Electronics,2448000,1,C0907,Yogyakarta,0,Credit Card,2448000
2024-01-02,Coffee I,Food,77000,3,C0609,Bandung,10,COD,207900
2024-01-02,Table O,Home,1490000,2,C1844,Jakarta,5,E-Wallet,2831000
2024-01-02,Shoes E,Fashion,658000,5,C2135,Jakarta,10,Bank Transfer,2961000
2024-01-02,Snack J,Food,35000,4,C0080,Surabaya,0,Bank Transfer,140000
2024-01-02,Pillow P,Home,165000,1,C0687,Yogyakarta,20,E-Wallet,132000
2024-01-02,Jacket F,Fashion,531000,4,C1176,Yogyakarta,15,E-Wallet,1805400
2024-01-02,Monitor D,Electronics,2710000,1,C0750,Semarang,0,Bank Transfer,2710000
2024-01-02,Bag H,Fashion,448000,4,C0509,Jakarta,15,Credit Card,1523200
2024-01-02,Shoes E,Fashion,635000,1,C1629,Surabaya,0,Credit Card,635000
2024-01-02,Bag H,Fashion,411000,1,C0524,Jakarta,0,Bank Transfer,411000
2024-01-02,Lamp M,Home,291000,2,C0590,Bandung,0,Bank Transfer,582000
2024-01-02,Lamp M,Home,284000,1,C1201,Malang,0,Credit Card,284000
2024-01-02,Bag H,Fashion,458000,3,C0892,Surabaya,0,COD,1374000
2024-01-02,Snack J,Food,36000,3,C1901,Yogyakarta,10,Credit Card,97200
2024-01-03,Jacket F,Fashion,556000,1,C0318,Bandung,10,Credit Card,500400
2024-01-03,Laptop A,Electronics,8819000,2,C2417,Surabaya,5,Bank Transfer,16756100
2024-01-03,Pillow P,Home,180000,1,C1902,Jakarta,5,E-Wallet,171000
2024-01-03,Tea K,Food,49000,1,C1877,Bandung,15,E-Wallet,41650
2024-01-03,Chocolate L,Food,62000,1,C1706,Jakarta,0,COD,62000
2024-01-03,Snack J,Food,34000,4,C0999,Malang,10,E-Wallet,122400
2024-01-03,Pillow P,Home,175000,3,C0400,Semarang,10,Credit Card,472500
2024-01-03,Jacket F,Fashion,549000,1,C1625,Jakarta,10,Bank Transfer,494100
2024-01-03,Pillow P,Home,185000,1,C2405,Jakarta,15,E-Wallet,157250
2024-01-03,Bag H,Fashion,467000,2,C0286,Semarang,15,E-Wallet,793900
2024-01-03,Shoes E,Fashion,671000,3,C0790,Semarang,5,Credit Card,1912350
2024-01-03,T-Shirt G,Fashion,251000,1,C2068,Solo,0,Bank Transfer,251000
2024-01-03,Table O,Home,1517000,1,C1815,Jakarta,0,E-Wallet,1517000
2024-01-03,Pillow P,Home,188000,5,C1474,Jakarta,5,Credit Card,893000
2024-01-04,T-Shirt G,Fashion,250000,3,C0765,Bandung,15,Credit Card,637500
2024-01-04,T-Shirt G,Fashion,250000,5,C2229,Yogyakarta,15,Credit Card,1062500
2024-01-04,Laptop A,Electronics,8953000,1,C0031,Yogyakarta,0,E-Wallet,8953000
2024-01-04,T-Shirt G,Fashion,255000,2,C1625,Semarang,0,Credit Card,510000
2024-01-04,Headphone C,Electronics,726000,1,C1090,Malang,0,E-Wallet,726000
2024-01-04,Lamp M,Home,292000,1,C2370,Semarang,10,Credit Card,262800
2024-01-04,Chocolate L,Food,60000,1,C1524,Jakarta,0,E-Wallet,60000
2024-01-04,Smartphone B,Electronics,5121000,2,C2283,Bandung,10,COD,9217800
2024-01-04,Bag H,Fashion,426000,1,C2033,Surabaya,10,E-Wallet,383400
2024-01-04,Shoes E,Fashion,595000,3,C1588,Jakarta,0,Credit Card,1785000
2024-01-04,Pillow P,Home,176000,2,C0699,Jakarta,15,Bank Transfer,299200
2024-01-04,Chair N,Home,880000,1,C1997,Yogyakarta,10,E-Wallet,792000
2024-01-04,Tea K,Food,50000,3,C0901,Bandung,10,E-Wallet,135000
2024-01-05,Smartphone B,Electronics,5239000,3,C0296,Jakarta,5,E-Wallet,14931150
2024-01-05,Table O,Home,1450000,1,C1199,Jakarta,10,Bank Transfer,1305000
2024-01-05,Lamp M,Home,310000,4,C2319,Jakarta,15,Bank Transfer,1054000
2024-01-05,Chair N,Home,927000,1,C1892,Bandung,5,E-Wallet,880650
2024-01-05,T-Shirt G,Fashion,245000,2,C0105,Surabaya,0,Bank Transfer,490000
2024-01-05,Table O,Home,1546000,2,C0293,Surabaya,0,E-Wallet,3092000
2024-01-05,Coffee I,Food,74000,2,C1624,Jakarta,5,E-Wallet,140600
2024-01-05,T-Shirt G,Fashion,257000,1,C1448,Jakarta,5,Bank Transfer,244150
2024-01-05,Smartphone B,Electronics,5028000,3,C2151,Surabaya,0,Credit Card,15084000
2024-01-05,Chair N,Home,936000,2,C0334,Malang,5,E-Wallet,1778400
2024-01-05,T-Shirt G,Fashion,244000,1,C0404,Semarang,15,Credit Card,207400
2024-01-05,Tea K,Food,49000,1,C0161,Jakarta,5,E-Wallet,46550
2024-01-05,Coffee I,Food,76000,2,C1619,Jakarta,0,Credit Card,152000
2024-01-06,Tea K,Food,47000,5,C1865,Solo,5,Bank Transfer,223250
2024-01-06,Shoes E,Fashion,655000,1,C1775,Semarang,0,Credit Card,655000
2024-01-06,Shoes E,Fashion,606000,2,C0632,Bandung,0,Bank Transfer,1212000
2024-01-06,Smartphone B,Electronics,5348000,4,C2270,Solo,15,Bank Transfer,18183200
2024-01-06,Lamp M,Home,300000,1,C1437,Solo,15,COD,255000
2024-01-06,Monitor D,Electronics,2441000,1,C2484,Surabaya,0,E-Wallet,2441000
2024-01-06,T-Shirt G,Fashion,243000,1,C2126,Surabaya,10,Bank Transfer,218700
2024-01-06,Jacket F,Fashion,591000,3,C1327,Surabaya,15,COD,1507050
2024-01-06,Coffee I,Food,74000,1,C1689,Bandung,10,Credit Card,66600
2024-01-06,Tea K,Food,51000,2,C0494,Solo,15,E-Wallet,86700
2024-01-06,T-Shirt G,Fashion,244000,2,C0704,Semarang,5,E-Wallet,463600
2024-01-06,T-Shirt G,Fashion,258000,3,C2207,Bandung,5,E-Wallet,735300
2024-01-06,Table O,Home,1621000,2,C1783,Yogyakarta,0,E-Wallet,3242000
2024-01-06,Headphone C,Electronics,723000,4,C0640,Surabaya,5,Bank Transfer,2747400
2024-01-06,Chair N,Home,863000,1,C1222,Yogyakarta,10,Bank Transfer,776700
2024-01-06,Coffee I,Food,76000,4,C0152,Yogyakarta,0,E-Wallet,304000
2024-01-06,Laptop A,Electronics,8968000,2,C1667,Semarang,5,Bank Transfer,17039200
2024-01-07,Smartphone B,Electronics,4984000,1,C0700,Bandung,15,Credit Card,4236400
2024-01-07,Table O,Home,1478000,2,C2298,Semarang,0,Credit Card,2956000
2024-01-07,Bag H,Fashion,448000,1,C1875,Malang,0,Bank Transfer,448000
2024-01-07,Monitor D,Electronics,2479000,1,C1744,Jakarta,15,E-Wallet,2107150
2024-01-07,Bag H,Fashion,447000,1,C1536,Jakarta,0,COD,447000
2024-01-07,Monitor D,Electronics,2461000,2,C0951,Bandung,0,E-Wallet,4922000
2024-01-07,Laptop A,Electronics,7736000,2,C2048,Bandung,0,E-Wallet,15472000
2024-01-07,Lamp M,Home,324000,1,C0655,Jakarta,0,COD,324000
2024-01-07,Snack J,Food,37000,1,C2066,Surabaya,15,E-Wallet,31450
2024-01-07,Headphone C,Electronics,790000,2,C0123,Jakarta,10,Credit Card,1422000
2024-01-07,Table O,Home,1601000,1,C2115,Surabaya,10,Credit Card,1440900
2024-01-07,Tea K,Food,52000,1,C1522,Surabaya,5,COD,49400
2024-01-07,T-Shirt G,Fashion,246000,2,C2171,Malang,0,COD,492000
2024-01-07,T-Shirt G,Fashion,253000,2,C1367,Semarang,5,Credit Card,480700
2024-01-07,Tea K,Food,51000,1,C0735,Bandung,15,Credit Card,43350
2024-01-08,Jacket F,Fashion,560000,1,C2185,Malang,20,Bank Transfer,448000
2024-01-08,Laptop A,Electronics,8587000,1,C1194,Surabaya,20,Bank Transfer,6869600
2024-01-08,Lamp M,Home,291000,1,C1610,Jakarta,15,COD,247350
2024-01-08,Laptop A,Electronics,7887000,2,C2364,Surabaya,0,E-Wallet,15774000
2024-01-08,Chocolate L,Food,61000,1,C0710,Solo,0,E-Wallet,61000
2024-01-08,Jacket F,Fashion,599000,1,C1216,Surabaya,10,E-Wallet,539100
2024-01-08,Table O,Home,1515000,4,C0019,Surabaya,0,Credit Card,6060000
2024-01-08,Bag H,Fashion,460000,3,C2173,Bandung,15,Credit Card,1173000
2024-01-08,Coffee I,Food,74000,1,C1125,Bandung,0,E-Wallet,74000
2024-01-08,Chocolate L,Food,61000,1,C1567,Malang,5,Credit Card,57950
2024-01-08,Chair N,Home,923000,1,C1375,Malang,10,E-Wallet,830700
2024-01-09,Chair N,Home,838000,2,C1347,Jakarta,5,E-Wallet,1592200
2024-01-09,Lamp M,Home,300000,3,C1212,Surabaya,10,Bank Transfer,810000
2024-01-09,Coffee I,Food,79000,1,C0460,Malang,0,Bank Transfer,79000
2024-01-09,Smartphone B,Electronics,5028000,2,C1435,Jakarta,15,E-Wallet,8547600
2024-01-09,Pillow P,Home,179000,2,C1619,Semarang,10,E-Wallet,322200
2024-01-09,Smartphone B,Electronics,4985000,3,C1451,Jakarta,5,Bank Transfer,14207250
2024-01-09,Tea K,Food,47000,4,C0285,Jakarta,5,Credit Card,178600
2024-01-09,Table O,Home,1534000,1,C1996,Jakarta,0,E-Wallet,1534000
2024-01-09,Chocolate L,Food,63000,5,C1110,Yogyakarta,0,E-Wallet,315000
2024-01-09,Laptop A,Electronics,8967000,1,C1780,Yogyakarta,5,Bank Transfer,8518650
2024-01-09,Shoes E,Fashion,622000,2,C1340,Bandung,0,E-Wallet,1244000
2024-01-09,Coffee I,Food,72000,1,C1598,Solo,15,E-Wallet,61200
2024-01-09,T-Shirt G,Fashion,276000,1,C0321,Surabaya,5,COD,262200
2024-01-09,Snack J,Food,37000,1,C0565,Semarang,5,Bank Transfer,35150
2024-01-09,Lamp M,Home,313000,2,C1002,Bandung,10,Credit Card,563400
2024-01-09,Snack J,Food,37000,4,C1215,Bandung,5,E-Wallet,140600
2024-01-09,Headphone C,Electronics,760000,5,C2394,Solo,15,COD,3230000
2024-01-09,Smartphone B,Electronics,4819000,3,C2326,Jakarta,10,Credit Card,13011300
2024-01-09,Jacket F,Fashion,508000,1,C0356,Jakarta,10,Bank Transfer,457200
2024-01-09,Monitor D,Electronics,2519000,4,C2039,Surabaya,5,COD,9572200
2024-01-09,Monitor D,Electronics,2632000,1,C1091,Bandung,15,E-Wallet,2237200
2024-01-09,Pillow P,Home,175000,3,C0644,Surabaya,10,Credit Card,472500
2024-01-09,Chair N,Home,889000,2,C0268,Jakarta,10,COD,1600200
2024-01-10,Tea K,Food,51000,2,C0111,Bandung,0,COD,102000
2024-01-10,Tea K,Food,53000,4,C1134,Semarang,0,Bank Transfer,212000
2024-01-10,Bag H,Fashion,462000,1,C1079,Semarang,10,E-Wallet,415800
2024-01-10,Laptop A,Electronics,8020000,1,C1885,Bandung,0,E-Wallet,8020000
2024-01-10,Coffee I,Food,81000,2,C1486,Jakarta,15,Bank Transfer,137700
2024-01-10,Pillow P,Home,182000,1,C1736,Solo,5,E-Wallet,172900
2024-01-10,Tea K,Food,53000,1,C0944,Surabaya,10,Bank Transfer,47700
2024-01-10,Bag H,Fashion,442000,1,C2235,Jakarta,0,E-Wallet,442000
2024-01-10,Headphone C,Electronics,797000,2,C0207,Solo,0,Credit Card,1594000
2024-01-10,Tea K,Food,46000,1,C1324,Malang,15,E-Wallet,39100
2024-01-11,T-Shirt G,Fashion,240000,1,C0218,Semarang,0,COD,240000
2024-01-11,Bag H,Fashion,465000,4,C2389,Semarang,10,Credit Card,1674000
2024-01-11,Jacket F,Fashion,552000,1,C0852,Semarang,0,E-Wallet,552000
2024-01-11,Smartphone B,Electronics,4817000,5,C0312,Semarang,10,E-Wallet,21676500
2024-01-11,Lamp M,Home,311000,5,C1883,Surabaya,5,Bank Transfer,1477250
2024-01-11,Pillow P,Home,179000,3,C1648,Solo,0,Bank Transfer,537000
2024-01-11,Headphone C,Electronics,759000,4,C0174,Malang,5,COD,2884200
2024-01-11,Laptop A,Electronics,8090000,2,C1982,Solo,5,Bank Transfer,15371000
2024-01-11,T-Shirt G,Fashion,257000,1,C2179,Surabaya,10,Credit Card,231300
2024-01-11,Tea K,Food,51000,2,C0123,Jakarta,5,Credit Card,96900
2024-01-11,T-Shirt G,Fashion,251000,1,C1575,Jakarta,20,Bank Transfer,200800
2024-01-11,Headphone C,Electronics,760000,1,C0123,Surabaya,15,Credit Card,646000
2024-01-11,T-Shirt G,Fashion,256000,2,C2225,Jakarta,10,COD,460800
2024-01-11,T-Shirt G,Fashion,244000,2,C0029,Yogyakarta,5,Credit Card,463600
2024-01-11,Laptop A,Electronics,8050000,1,C0618,Jakarta,10,E-Wallet,7245000
2024-01-11,Chocolate L,Food,61000,1,C1743,Bandung,5,Bank Transfer,57950
2024-01-11,Coffee I,Food,78000,2,C2391,Yogyakarta,5,E-Wallet,148200
2024-01-12,Table O,Home,1610000,1,C0046,Semarang,0,E-Wallet,1610000
2024-01-12,Monitor D,Electronics,2566000,2,C2365,Jakarta,0,COD,5132000
2024-01-12,Shoes E,Fashion,673000,1,C0109,Surabaya,0,COD,673000
2024-01-12,Chair N,Home,868000,1,C0063,Solo,5,E-Wallet,824600
2024-01-13,Smartphone B,Electronics,4751000,1,C0640,Bandung,5,Credit Card,4513450
2024-01-13,Smartphone B,Electronics,4965000,1,C1152,Malang,5,Credit Card,4716750
2024-01-13,Tea K,Food,51000,2,C2384,Bandung,10,E-Wallet,91800
2024-01-13,T-Shirt G,Fashion,261000,3,C0715,Surabaya,10,E-Wallet,704700
2024-01-13,Tea K,Food,52000,1,C2439,Semarang,0,Credit Card,52000
2024-01-13,Laptop A,Electronics,8489000,4,C1177,Bandung,5,Bank Transfer,32258200
2024-01-13,T-Shirt G,Fashion,248000,1,C2371,Solo,0,COD,248000
2024-01-13,Lamp M,Home,297000,1,C0743,Jakarta,10,Bank Transfer,267300
2024-01-13,Snack J,Food,36000,2,C1106,Yogyakarta,15,COD,61200
2024-01-13,Chocolate L,Food,56000,1,C0573,Bandung,15,E-Wallet,47600
2024-01-13,Coffee I,Food,74000,2,C2269,Semarang,10,COD,133200
2024-01-13,Shoes E,Fashion,641000,2,C1858,Jakarta,5,E-Wallet,1217900
2024-01-13,Laptop A,Electronics,8188000,3,C0018,Jakarta,20,E-Wallet,19651200
2024-01-13,Headphone C,Electronics,743000,1,C1679,Jakarta,0,Bank Transfer,743000
2024-01-13,Laptop A,Electronics,9036000,1,C0144,Surabaya,15,Bank Transfer,7680600
2024-01-13,Shoes E,Fashion,656000,1,C2303,Surabaya,5,Credit Card,623200
2024-01-13,Headphone C,Electronics,738000,3,C1109,Surabaya,5,E-Wallet,2103300
2024-01-13,Snack J,Food,37000,1,C1167,Bandung,0,COD,37000
2024-01-13,Laptop A,Electronics,8598000,2,C1109,Malang,15,Bank Transfer,14616600
2024-01-13,Bag H,Fashion,442000,4,C0278,Surabaya,15,Credit Card,1502800
2024-01-13,Bag H,Fashion,459000,2,C1466,Jakarta,15,E-Wallet,780300
2024-01-14,Chocolate L,Food,62000,2,C2020,Solo,0,Credit Card,124000
2024-01-14,Pillow P,Home,187000,1,C0138,Surabaya,15,COD,158950
2024-01-14,Smartphone B,Electronics,5172000,1,C1366,Surabaya,10,COD,4654800
2024-01-14,Snack J,Food,35000,3,C2249,Yogyakarta,10,Credit Card,94500
2024-01-14,Bag H,Fashion,440000,3,C0030,Bandung,10,Credit Card,1188000
2024-01-14,Laptop A,Electronics,8560000,2,C0827,Bandung,10,E-Wallet,15408000
2024-01-14,Table O,Home,1489000,1,C1090,Yogyakarta,15,Credit Card,1265650
2024-01-14,Chocolate L,Food,57000,1,C2376,Semarang,0,E-Wallet,57000
2024-01-14,Monitor D,Electronics,2529000,3,C1623,Solo,0,E-Wallet,7587000
2024-01-14,Pillow P,Home,193000,1,C2314,Yogyakarta,10,Bank Transfer,173700
2024-01-15,Monitor D,Electronics,2535000,2,C0918,Bandung,5,E-Wallet,4816500
2024-01-15,Jacket F,Fashion,549000,2,C0582,Malang,5,E-Wallet,1043100
2024-01-15,Laptop A,Electronics,8135000,4,C1671,Surabaya,10,Bank Transfer,29286000
2024-01-15,Pillow P,Home,181000,1,C1575,Semarang,0,Credit Card,181000
2024-01-15,Jacket F,Fashion,545000,1,C2236,Jakarta,0,Bank Transfer,545000
2024-01-15,Lamp M,Home,300000,1,C0906,Jakarta,10,Credit Card,270000
2024-01-15,Headphone C,Electronics,809000,2,C0105,Yogyakarta,10,E-Wallet,1456200
2024-01-15,Coffee I,Food,76000,3,C0231,Jakarta,0,E-Wallet,228000
2024-01-15,Shoes E,Fashion,655000,2,C1080,Yogyakarta,5,E-Wallet,1244500
2024-01-15,Snack J,Food,34000,2,C1085,Yogyakarta,0,Credit Card,68000
2024-01-15,Lamp M,Home,298000,2,C2243,Yogyakarta,10,E-Wallet,536400
2024-01-15,Coffee I,Food,77000,1,C0962,Semarang,5,E-Wallet,73150
2024-01-15,Smartphone B,Electronics,4985000,4,C1322,Malang,10,E-Wallet,17946000
2024-01-15,Table O,Home,1501000,1,C0660,Semarang,5,E-Wallet,1425950
2024-01-15,Lamp M,Home,296000,1,C1053,Jakarta,10,E-Wallet,266400
2024-01-15,Laptop A,Electronics,8280000,1,C0523,Yogyakarta,5,E-Wallet,7866000
2024-01-15,Chocolate L,Food,62000,1,C1521,Surabaya,5,Bank Transfer,58900
2024-01-15,Bag H,Fashion,454000,1,C1535,Surabaya,5,E-Wallet,431300
2024-01-15,T-Shirt G,Fashion,250000,3,C0910,Jakarta,5,Bank Transfer,712500
2024-01-15,Bag H,Fashion,463000,4,C1302,Bandung,10,E-Wallet,1666800
2024-01-15,Shoes E,Fashion,693000,2,C1616,Malang,0,Bank Transfer,1386000
2024-01-16,Headphone C,Electronics,729000,5,C0443,Surabaya,10,Credit Card,3280500
2024-01-16,Chocolate L,Food,64000,1,C0972,Solo,15,Bank Transfer,54400
2024-01-16,Chocolate L,Food,61000,2,C0823,Bandung,15,COD,103700
2024-01-16,Laptop A,Electronics,8551000,2,C0449,Bandung,15,E-Wallet,14536700
2024-01-16,Tea K,Food,50000,4,C0832,Semarang,20,COD,160000
2024-01-16,Chair N,Home,887000,4,C1270,Jakarta,15,E-Wallet,3015800
2024-01-16,Laptop A,Electronics,8615000,2,C1482,Bandung,10,Credit Card,15507000
2024-01-16,Monitor D,Electronics,2455000,1,C0126,Solo,15,E-Wallet,2086750
2024-01-16,Shoes E,Fashion,662000,2,C2238,Jakarta,0,Bank Transfer,1324000
2024-01-16,Bag H,Fashion,426000,1,C1666,Semarang,0,Credit Card,426000
2024-01-16,Pillow P,Home,185000,3,C1357,Bandung,5,COD,527250
2024-01-16,T-Shirt G,Fashion,269000,2,C2252,Yogyakarta,5,Bank Transfer,511100
2024-01-16,Smartphone B,Electronics,5200000,1,C2030,Solo,20,Bank Transfer,4160000
2024-01-17,Lamp M,Home,294000,2,C2004,Surabaya,0,Bank Transfer,588000
2024-01-17,Headphone C,Electronics,774000,1,C2018,Jakarta,0,Bank Transfer,774000
2024-01-17,Jacket F,Fashion,565000,1,C1214,Surabaya,5,Bank Transfer,536750
2024-01-17,Smartphone B,Electronics,4745000,3,C0373,Yogyakarta,10,E-Wallet,12811500
2024-01-17,Bag H,Fashion,405000,4,C0349,Semarang,0,Credit Card,1620000
2024-01-17,Jacket F,Fashion,560000,1,C2081,Jakarta,0,Bank Transfer,560000
2024-01-17,Pillow P,Home,187000,2,C1836,Solo,0,E-Wallet,374000
2024-01-17,Lamp M,Home,300000,1,C1777,Jakarta,10,Credit Card,270000
2024-01-17,Chocolate L,Food,62000,1,C1486,Surabaya,0,E-Wallet,62000
2024-01-17,Laptop A,Electronics,7783000,2,C2446,Semarang,10,Bank Transfer,14009400
2024-01-17,Laptop A,Electronics,8668000,1,C1057,Bandung,0,E-Wallet,8668000
2024-01-17,Coffee I,Food,76000,1,C2082,Jakarta,10,Credit Card,68400
2024-01-17,Snack J,Food,34000,1,C2258,Jakarta,20,Bank Transfer,27200
2024-01-17,Chair N,Home,908000,4,C0396,Surabaya,0,Credit Card,3632000
2024-01-17,Smartphone B,Electronics,5094000,1,C2221,Malang,0,E-Wallet,5094000
2024-01-18,Chocolate L,Food,62000,1,C1987,Jakarta,0,E-Wallet,62000
2024-01-18,Chocolate L,Food,62000,4,C0072,Yogyakarta,0,E-Wallet,248000
2024-01-18,Headphone C,Electronics,747000,2,C1824,Solo,15,E-Wallet,1269900
2024-01-18,Chocolate L,Food,58000,1,C2468,Jakarta,0,Credit Card,58000
2024-01-18,Snack J,Food,36000,2,C2129,Solo,5,Credit Card,68400
2024-01-18,Jacket F,Fashion,564000,1,C1046,Jakarta,0,E-Wallet,564000
2024-01-18,Smartphone B,Electronics,4735000,1,C0912,Solo,0,Bank Transfer,4735000
2024-01-18,Bag H,Fashion,410000,1,C0235,Solo,0,E-Wallet,410000
2024-01-18,Pillow P,Home,180000,3,C1555,Semarang,5,E-Wallet,513000
2024-01-18,Snack J,Food,35000,2,C2359,Jakarta,0,COD,70000
2024-01-18,Smartphone B,Electronics,5313000,2,C1704,Surabaya,20,Bank Transfer,8500800
2024-01-18,Laptop A,Electronics,8167000,2,C0412,Semarang,5,E-Wallet,15517300
2024-01-18,Jacket F,Fashion,528000,2,C0119,Yogyakarta,5,Credit Card,1003200
2024-01-18,Chair N,Home,903000,1,C0283,Bandung,10,Bank Transfer,812700
2024-01-19,Snack J,Food,34000,1,C0760,Surabaya,5,COD,32300
2024-01-19,Monitor D,Electronics,2412000,2,C0640,Yogyakarta,0,Credit Card,4824000
2024-01-19,Shoes E,Fashion,626000,3,C2157,Jakarta,10,E-Wallet,1690200
2024-01-19,T-Shirt G,Fashion,244000,2,C1591,Jakarta,20,E-Wallet,390400
2024-01-19,Chocolate L,Food,60000,1,C0853,Malang,10,Bank Transfer,54000
2024-01-19,Smartphone B,Electronics,5343000,1,C0913,Solo,0,COD,5343000
2024-01-19,Pillow P,Home,180000,2,C2393,Semarang,5,E-Wallet,342000
2024-01-19,T-Shirt G,Fashion,259000,1,C2379,Semarang,10,E-Wallet,233100
2024-01-19,Coffee I,Food,77000,2,C0358,Jakarta,0,Bank Transfer,154000
2024-01-19,Lamp M,Home,316000,2,C1804,Yogyakarta,10,E-Wallet,568800
2024-01-19,Bag H,Fashion,431000,2,C2391,Bandung,0,COD,862000
2024-01-19,Monitor D,Electronics,2515000,1,C1541,Malang,5,Bank Transfer,2389250
2024-01-19,Bag H,Fashion,455000,2,C1900,Jakarta,0,E-Wallet,910000
2024-01-19,Shoes E,Fashion,667000,1,C1131,Yogyakarta,15,E-Wallet,566950
2024-01-19,Table O,Home,1502000,1,C1420,Jakarta,0,E-Wallet,1502000
2024-01-19,Smartphone B,Electronics,4877000,5,C2175,Jakarta,0,COD,24385000
2024-01-19,Tea K,Food,54000,1,C2033,Jakarta,5,E-Wallet,51300
2024-01-19,Snack J,Food,34000,1,C1770,Yogyakarta,5,E-Wallet,32300
2024-01-20,Chocolate L,Food,62000,1,C2272,Malang,0,E-Wallet,62000
2024-01-20,Smartphone B,Electronics,4997000,1,C1665,Jakarta,0,E-Wallet,4997000
2024-01-20,T-Shirt G,Fashion,235000,1,C0714,Jakarta,10,COD,211500
2024-01-20,Smartphone B,Electronics,5410000,3,C2083,Jakarta,0,E-Wallet,16230000
2024-01-20,Bag H,Fashion,452000,1,C1229,Bandung,0,Credit Card,452000
2024-01-20,Pillow P,Home,182000,1,C0021,Semarang,0,E-Wallet,182000
2024-01-20,Snack J,Food,34000,1,C0790,Surabaya,20,Bank Transfer,27200
2024-01-20,Bag H,Fashion,444000,1,C1937,Bandung,5,Bank Transfer,421800
2024-01-20,Monitor D,Electronics,2584000,1,C1365,Surabaya,10,E-Wallet,2325600
2024-01-20,Tea K,Food,51000,1,C0738,Semarang,0,COD,51000
2024-01-20,Chair N,Home,947000,2,C1982,Bandung,0,E-Wallet,1894000
2024-01-20,Jacket F,Fashion,562000,2,C1220,Surabaya,10,Credit Card,1011600
2024-01-20,Jacket F,Fashion,548000,1,C0203,Semarang,15,E-Wallet,465800
2024-01-20,T-Shirt G,Fashion,253000,1,C1769,Jakarta,0,E-Wallet,253000
2024-01-20,Pillow P,Home,181000,3,C1519,Jakarta,15,E-Wallet,461550
2024-01-20,T-Shirt G,Fashion,252000,1,C2457,Semarang,10,Bank Transfer,226800
2024-01-20,Chocolate L,Food,57000,1,C1912,Jakarta,10,E-Wallet,51300
2024-01-21,Laptop A,Electronics,8511000,1,C1167,Jakarta,10,E-Wallet,7659900
2024-01-21,Table O,Home,1597000,1,C1563,Solo,0,Credit Card,1597000
2024-01-21,Chair N,Home,896000,3,C0819,Yogyakarta,0,COD,2688000
2024-01-21,Chair N,Home,973000,1,C2013,Solo,15,COD,827050
2024-01-21,Bag H,Fashion,446000,1,C0666,Jakarta,10,Credit Card,401400
2024-01-21,Headphone C,Electronics,717000,1,C2182,Solo,0,Bank Transfer,717000
2024-01-21,Headphone C,Electronics,718000,2,C0789,Jakarta,0,Bank Transfer,1436000
2024-01-21,Table O,Home,1545000,1,C2155,Jakarta,0,E-Wallet,1545000
2024-01-21,Smartphone B,Electronics,5248000,1,C0007,Surabaya,0,E-Wallet,5248000
2024-01-21,Tea K,Food,53000,1,C2017,Bandung,0,COD,53000
2024-01-21,Coffee I,Food,69000,3,C0212,Bandung,5,COD,196650
2024-01-21,T-Shirt G,Fashion,243000,1,C1494,Bandung,5,E-Wallet,230850
2024-01-21,Table O,Home,1457000,2,C1729,Solo,15,Bank Transfer,2476900
2024-01-21,Pillow P,Home,177000,2,C2142,Surabaya,5,E-Wallet,336300
2024-01-21,Coffee I,Food,78000,1,C0002,Jakarta,0,Credit Card,78000
2024-01-21,Headphone C,Electronics,710000,2,C0080,Malang,15,E-Wallet,1207000
2024-01-21,Laptop A,Electronics,8336000,1,C1551,Jakarta,0,E-Wallet,8336000
2024-01-22,Coffee I,Food,75000,2,C1977,Semarang,15,Bank Transfer,127500
2024-01-22,Headphone C,Electronics,741000,1,C2269,Jakarta,0,Bank Transfer,741000
2024-01-22,Smartphone B,Electronics,4761000,1,C1081,Jakarta,0,E-Wallet,4761000
2024-01-22,Laptop A,Electronics,8503000,1,C0299,Jakarta,15,COD,7227550
2024-01-22,Chair N,Home,872000,2,C1484,Jakarta,10,E-Wallet,1569600
2024-01-22,Laptop A,Electronics,8526000,1,C2144,Yogyakarta,0,E-Wallet,8526000
2024-01-22,Table O,Home,1400000,1,C1057,Surabaya,10,Credit Card,1260000
2024-01-22,Snack J,Food,34000,2,C1555,Bandung,20,E-Wallet,54400
2024-01-22,Coffee I,Food,76000,1,C1459,Jakarta,10,Bank Transfer,68400
2024-01-22,Laptop A,Electronics,8888000,1,C2424,Jakarta,10,Bank Transfer,7999200
2024-01-22,T-Shirt G,Fashion,265000,1,C0262,Surabaya,0,Credit Card,265000
2024-01-22,Pillow P,Home,186000,1,C0772,Semarang,15,Bank Transfer,158100
2024-01-22,Tea K,Food,51000,1,C2435,Surabaya,10,E-Wallet,45900
2024-01-23,Shoes E,Fashion,701000,5,C2052,Semarang,0,E-Wallet,3505000
2024-01-23,Lamp M,Home,315000,2,C0196,Surabaya,0,Bank Transfer,630000
2024-01-23,Monitor D,Electronics,2575000,1,C0074,Semarang,10,E-Wallet,2317500
2024-01-23,Chair N,Home,880000,1,C0703,Jakarta,20,Credit Card,704000
2024-01-23,Snack J,Food,35000,2,C2359,Surabaya,0,E-Wallet,70000
2024-01-23,Bag H,Fashion,438000,3,C1961,Jakarta,5,COD,1248300
2024-01-23,Monitor D,Electronics,2400000,3,C1811,Semarang,0,Credit Card,7200000
2024-01-23,Smartphone B,Electronics,4727000,1,C0055,Solo,0,Credit Card,4727000
2024-01-23,Shoes E,Fashion,670000,1,C0220,Surabaya,10,Credit Card,603000
2024-01-23,Headphone C,Electronics,780000,3,C1425,Surabaya,15,E-Wallet,1989000
2024-01-24,Smartphone B,Electronics,4858000,3,C0977,Yogyakarta,0,Credit Card,14574000
2024-01-24,Table O,Home,1540000,2,C0717,Bandung,0,Credit Card,3080000
2024-01-24,T-Shirt G,Fashion,238000,1,C0174,Solo,10,COD,214200
2024-01-24,T-Shirt G,Fashion,248000,1,C2176,Jakarta,10,Bank Transfer,223200
2024-01-24,Jacket F,Fashion,564000,5,C1016,Solo,0,E-Wallet,2820000
2024-01-24,Bag H,Fashion,432000,3,C2126,Bandung,10,Credit Card,1166400
2024-01-24,Chair N,Home,879000,2,C0480,Jakarta,0,Bank Transfer,1758000
2024-01-24,Shoes E,Fashion,660000,3,C1769,Solo,0,Bank Transfer,1980000
2024-01-24,Pillow P,Home,184000,4,C0987,Solo,0,E-Wallet,736000
2024-01-24,T-Shirt G,Fashion,270000,1,C1377,Yogyakarta,10,E-Wallet,243000
2024-01-24,Chocolate L,Food,61000,1,C2378,Malang,20,E-Wallet,48800
2024-01-24,Smartphone B,Electronics,4997000,2,C1286,Semarang,10,Bank Transfer,8994600
2024-01-24,Laptop A,Electronics,8414000,5,C0438,Yogyakarta,10,Credit Card,37863000
2024-01-24,Snack J,Food,35000,1,C1067,Semarang,5,Credit Card,33250
2024-01-24,Chair N,Home,880000,1,C1176,Solo,5,E-Wallet,836000
2024-01-24,Monitor D,Electronics,2610000,2,C1398,Jakarta,0,E-Wallet,5220000
2024-01-24,Chair N,Home,931000,1,C1583,Bandung,15,E-Wallet,791350
2024-01-24,Smartphone B,Electronics,5044000,1,C2261,Jakarta,20,COD,4035200
2024-01-24,Headphone C,Electronics,767000,2,C0610,Yogyakarta,5,Credit Card,1457300
2024-01-25,T-Shirt G,Fashion,252000,1,C1525,Bandung,15,COD,214200
2024-01-25,Tea K,Food,48000,3,C2310,Yogyakarta,0,Bank Transfer,144000
2024-01-25,Snack J,Food,35000,1,C0686,Bandung,0,COD,35000
2024-01-25,Lamp M,Home,310000,2,C2196,Jakarta,5,Credit Card,589000
2024-01-25,Chocolate L,Food,63000,4,C1875,Jakarta,0,Credit Card,252000
2024-01-25,Monitor D,Electronics,2643000,2,C1817,Malang,0,Credit Card,5286000
2024-01-25,T-Shirt G,Fashion,229000,1,C0821,Malang,15,E-Wallet,194650
2024-01-25,Monitor D,Electronics,2644000,1,C1132,Jakarta,10,E-Wallet,2379600
2024-01-26,Monitor D,Electronics,2288000,4,C0631,Jakarta,0,Credit Card,9152000
2024-01-26,Headphone C,Electronics,707000,1,C2184,Malang,15,Credit Card,600950
2024-01-26,Headphone C,Electronics,751000,2,C0116,Yogyakarta,5,E-Wallet,1426900
2024-01-26,Jacket F,Fashion,544000,1,C2038,Jakarta,10,Credit Card,489600
2024-01-26,Snack J,Food,36000,1,C0221,Surabaya,0,E-Wallet,36000
2024-01-26,Bag H,Fashion,438000,2,C1168,Jakarta,0,Credit Card,876000
2024-01-26,Laptop A,Electronics,8699000,2,C0293,Yogyakarta,5,Credit Card,16528100
2024-01-26,Lamp M,Home,316000,1,C0830,Surabaya,5,Credit Card,300200
2024-01-26,Bag H,Fashion,420000,4,C0626,Yogyakarta,0,Bank Transfer,1680000
2024-01-26,Headphone C,Electronics,828000,2,C2122,Malang,10,Credit Card,1490400
2024-01-26,Coffee I,Food,83000,1,C0538,Jakarta,0,COD,83000
2024-01-26,Bag H,Fashion,444000,2,C0679,Jakarta,5,Credit Card,843600
2024-01-26,Headphone C,Electronics,760000,5,C2268,Jakarta,5,Credit Card,3610000
2024-01-26,Lamp M,Home,284000,2,C1677,Jakarta,10,Bank Transfer,511200
2024-01-26,T-Shirt G,Fashion,248000,3,C1530,Solo,5,E-Wallet,706800
2024-01-26,Chair N,Home,927000,1,C1158,Jakarta,5,Credit Card,880650
2024-01-26,Monitor D,Electronics,2550000,4,C2456,Semarang,15,Bank Transfer,8670000
2024-01-26,Jacket F,Fashion,552000,1,C1408,Bandung,15,COD,469200
2024-01-26,Monitor D,Electronics,2605000,2,C2406,Bandung,10,E-Wallet,4689000
2024-01-26,Coffee I,Food,81000,1,C0851,Surabaya,0,COD,81000
2024-01-27,Jacket F,Fashion,529000,2,C2017,Surabaya,0,Credit Card,1058000
2024-01-27,Chocolate L,Food,59000,2,C0088,Malang,10,E-Wallet,106200
2024-01-27,Laptop A,Electronics,8406000,4,C1545,Surabaya,5,Credit Card,31942800
2024-01-27,T-Shirt G,Fashion,254000,2,C0855,Semarang,0,Credit Card,508000
2024-01-27,Smartphone B,Electronics,5039000,1,C2348,Jakarta,0,Bank Transfer,5039000
2024-01-27,Smartphone B,Electronics,5115000,1,C0005,Surabaya,0,E-Wallet,5115000
2024-01-27,Jacket F,Fashion,534000,5,C0904,Jakarta,10,Bank Transfer,2403000
2024-01-27,Table O,Home,1470000,2,C0652,Surabaya,0,Credit Card,2940000
2024-01-27,Coffee I,Food,72000,1,C2123,Jakarta,0,Bank Transfer,72000
2024-01-27,Tea K,Food,54000,1,C0668,Surabaya,0,Credit Card,54000
2024-01-27,Laptop A,Electronics,8322000,1,C1773,Surabaya,5,E-Wallet,7905900
2024-01-27,Smartphone B,Electronics,5019000,3,C1031,Malang,10,E-Wallet,13551300
2024-01-27,Chocolate L,Food,60000,1,C2457,Malang,0,Bank Transfer,60000
2024-01-27,Chair N,Home,920000,1,C0993,Bandung,15,E-Wallet,782000
2024-01-28,Monitor D,Electronics,2463000,2,C2148,Semarang,15,E-Wallet,4187100
2024-01-28,Monitor D,Electronics,2592000,2,C0879,Surabaya,5,Bank Transfer,4924800
2024-01-28,Laptop A,Electronics,8646000,2,C0423,Bandung,10,E-Wallet,15562800
2024-01-28,Laptop A,Electronics,8153000,1,C0378,Yogyakarta,0,Bank Transfer,8153000
2024-01-28,Monitor D,Electronics,2538000,1,C2469,Bandung,20,Credit Card,2030400
2024-01-28,Monitor D,Electronics,2353000,3,C2491,Malang,5,Bank Transfer,6706050
2024-01-28,Laptop A,Electronics,8801000,1,C0088,Jakarta,10,COD,7920900
2024-01-28,Headphone C,Electronics,710000,2,C1896,Jakarta,10,E-Wallet,1278000
2024-01-28,Headphone C,Electronics,760000,5,C0761,Solo,15,Bank Transfer,3230000
2024-01-28,Smartphone B,Electronics,4780000,2,C2196,Yogyakarta,15,Credit Card,8126000
2024-01-28,Chocolate L,Food,56000,3,C0008,Jakarta,15,E-Wallet,142800
2024-01-28,Shoes E,Fashion,613000,1,C1685,Jakarta,5,E-Wallet,582350
2024-01-28,T-Shirt G,Fashion,247000,4,C1213,Semarang,10,E-Wallet,889200
2024-01-28,Smartphone B,Electronics,5104000,3,C2333,Bandung,5,Credit Card,14546400
2024-01-28,Chocolate L,Food,59000,2,C0811,Bandung,10,COD,106200
2024-01-28,Tea K,Food,51000,2,C1070,Surabaya,0,Credit Card,102000
2024-01-28,Smartphone B,Electronics,5149000,3,C1113,Malang,10,Bank Transfer,13902300
2024-01-28,Coffee I,Food,71000,2,C1690,Surabaya,5,E-Wallet,134900
2024-01-28,Chocolate L,Food,60000,2,C1819,Bandung,10,Bank Transfer,108000
2024-01-28,Table O,Home,1428000,3,C2462,Jakarta,10,COD,3855600
2024-01-28,Jacket F,Fashion,542000,2,C2065,Jakarta,10,Credit Card,975600
2024-01-28,Pillow P,Home,175000,3,C2022,Yogyakarta,10,E-Wallet,472500
2024-01-28,Monitor D,Electronics,2623000,1,C1757,Jakarta,10,E-Wallet,2360700
2024-01-28,Monitor D,Electronics,2633000,1,C1992,Malang,0,Credit Card,2633000
2024-01-28,Snack J,Food,35000,2,C0406,Jakarta,10,Credit Card,63000
2024-01-28,Jacket F,Fashion,535000,2,C1186,Surabaya,15,E-Wallet,909500
2024-01-28,Headphone C,Electronics,757000,1,C0654,Bandung,0,E-Wallet,757000
2024-01-28,Monitor D,Electronics,2332000,1,C2240,Surabaya,15,Bank Transfer,1982200
2024-01-29,Jacket F,Fashion,565000,1,C2435,Jakarta,10,Bank Transfer,508500
2024-01-29,Headphone C,Electronics,772000,1,C2471,Semarang,5,Bank Transfer,733400
2024-01-29,Shoes E,Fashion,662000,5,C2309,Jakarta,10,Credit Card,2979000
2024-01-29,T-Shirt G,Fashion,246000,1,C0590,Semarang,10,E-Wallet,221400
2024-01-29,Smartphone B,Electronics,4781000,3,C1752,Surabaya,20,COD,11474400
2024-01-29,Monitor D,Electronics,2443000,1,C1099,Jakarta,0,Credit Card,2443000
2024-01-29,Smartphone B,Electronics,5136000,1,C1553,Jakarta,0,Credit Card,5136000
2024-01-29,Bag H,Fashion,438000,3,C0945,Semarang,0,E-Wallet,1314000
2024-01-29,Laptop A,Electronics,8847000,3,C2489,Bandung,10,Credit Card,23886900
2024-01-29,Smartphone B,Electronics,5014000,1,C0795,Jakarta,10,E-Wallet,4512600
2024-01-29,Tea K,Food,48000,2,C1366,Jakarta,15,E-Wallet,81600
2024-01-29,T-Shirt G,Fashion,259000,1,C1082,Malang,0,E-Wallet,259000
2024-01-29,Smartphone B,Electronics,5326000,3,C0657,Bandung,0,COD,15978000
2024-01-29,Headphone C,Electronics,752000,1,C2460,Surabaya,5,Credit Card,714400
2024-01-29,Pillow P,Home,180000,3,C0414,Surabaya,0,E-Wallet,540000
2024-01-29,Tea K,Food,51000,2,C0913,Solo,10,E-Wallet,91800
2024-01-29,Snack J,Food,35000,1,C0535,Jakarta,0,Credit Card,35000
2024-01-30,Lamp M,Home,316000,5,C1274,Malang,15,E-Wallet,1343000
2024-01-30,Jacket F,Fashion,547000,1,C1957,Solo,10,Credit Card,492300
2024-01-30,Coffee I,Food,73000,1,C1950,Malang,15,Bank Transfer,62050
2024-01-30,Table O,Home,1534000,2,C1923,Solo,0,COD,3068000
2024-01-30,Coffee I,Food,76000,3,C0809,Surabaya,10,E-Wallet,205200
2024-01-30,T-Shirt G,Fashion,249000,2,C0613,Malang,5,Credit Card,473100
2024-01-30,Lamp M,Home,313000,1,C2496,Yogyakarta,5,Credit Card,297350
2024-01-30,Lamp M,Home,287000,3,C0998,Bandung,15,Credit Card,731850
2024-01-30,Laptop A,Electronics,9185000,2,C1133,Semarang,5,E-Wallet,17451500
2024-01-30,Shoes E,Fashion,617000,3,C2042,Yogyakarta,0,E-Wallet,1851000
2024-01-30,Monitor D,Electronics,2366000,1,C0989,Jakarta,0,E-Wallet,2366000
2024-01-30,Coffee I,Food,82000,4,C0877,Surabaya,5,Bank Transfer,311600
2024-01-30,Jacket F,Fashion,546000,2,C1938,Yogyakarta,10,Credit Card,982800
2024-01-31,T-Shirt G,Fashion,254000,1,C0996,Bandung,10,E-Wallet,228600
2024-01-31,Laptop A,Electronics,7800000,2,C1125,Surabaya,10,Credit Card,14040000
2024-01-31,Headphone C,Electronics,769000,2,C1987,Jakarta,0,COD,1538000
2024-01-31,Lamp M,Home,292000,1,C2276,Jakarta,0,E-Wallet,292000
2024-01-31,Table O,Home,1574000,2,C0557,Semarang,0,Bank Transfer,3148000
2024-01-31,Shoes E,Fashion,631000,2,C0454,Jakarta,5,E-Wallet,1198900
2024-01-31,Headphone C,Electronics,743000,1,C0391,Bandung,0,E-Wallet,743000
2024-01-31,Jacket F,Fashion,579000,1,C2166,Jakarta,15,E-Wallet,492150
2024-01-31,Tea K,Food,46000,1,C1285,Jakarta,20,COD,36800
2024-01-31,Coffee I,Food,80000,3,C0615,Malang,5,Bank Transfer,228000
2024-01-31,Smartphone B,Electronics,5132000,2,C2028,Surabaya,15,E-Wallet,8724400
2024-01-31,Jacket F,Fashion,550000,1,C0326,Solo,20,Credit Card,440000
2024-01-31,Bag H,Fashion,460000,3,C0533,Bandung,0,E-Wallet,1380000
2024-01-31,Shoes E,Fashion,665000,4,C1564,Surabaya,0,E-Wallet,2660000
2024-01-31,Tea K,Food,49000,4,C2047,Surabaya,5,E-Wallet,186200
2024-02-01,Jacket F,Fashion,524000,3,C0943,Semarang,0,E-Wallet,1572000
2024-02-01,Coffee I,Food,70000,1,C1944,Yogyakarta,0,Bank Transfer,70000
2024-02-01,Chocolate L,Food,62000,2,C1305,Semarang,10,Credit Card,111600
2024-02-01,Coffee I,Food,74000,1,C1325,Bandung,15,Bank Transfer,62900
2024-02-01,Shoes E,Fashion,625000,1,C1038,Malang,20,E-Wallet,500000
2024-02-01,Headphone C,Electronics,739000,1,C1916,Yogyakarta,15,Bank Transfer,628150
2024-02-01,Laptop A,Electronics,9032000,1,C0671,Bandung,0,Bank Transfer,9032000
2024-02-01,Tea K,Food,55000,1,C1974,Jakarta,10,Bank Transfer,49500
2024-02-01,Headphone C,Electronics,748000,1,C0531,Yogyakarta,15,E-Wallet,635800
2024-02-01,Headphone C,Electronics,713000,3,C0081,Jakarta,5,Bank Transfer,2032050
2024-02-01,Coffee I,Food,77000,2,C0908,Jakarta,20,COD,123200
2024-02-01,Shoes E,Fashion,640000,2,C0427,Bandung,0,E-Wallet,1280000
2024-02-01,Shoes E,Fashion,664000,1,C2354,Bandung,0,E-Wallet,664000
2024-02-01,Snack J,Food,35000,2,C1643,Yogyakarta,5,Credit Card,66500
2024-02-01,Headphone C,Electronics,737000,4,C2110,Jakarta,10,E-Wallet,2653200
2024-02-01,Monitor D,Electronics,2347000,1,C1958,Bandung,0,Bank Transfer,2347000
2024-02-01,Shoes E,Fashion,675000,1,C1952,Bandung,10,Bank Transfer,607500
2024-02-01,Laptop A,Electronics,8744000,1,C1990,Bandung,5,E-Wallet,8306800
2024-02-01,Snack J,Food,34000,4,C0097,Semarang,5,E-Wallet,129200
2024-02-01,Laptop A,Electronics,8660000,2,C1090,Solo,5,COD,16454000
2024-02-01,Tea K,Food,50000,1,C0031,Jakarta,15,Credit Card,42500
2024-02-02,Tea K,Food,50000,3,C0995,Surabaya,0,E-Wallet,150000
2024-02-02,Shoes E,Fashion,622000,1,C1834,Jakarta,20,Credit Card,497600
2024-02-02,Laptop A,Electronics,8186000,1,C0835,Bandung,0,COD,8186000
2024-02-02,Smartphone B,Electronics,5162000,4,C1457,Solo,5,Bank Transfer,19615600
2024-02-02,Tea K,Food,53000,3,C0311,Bandung,0,E-Wallet,159000
2024-02-02,Jacket F,Fashion,510000,2,C2302,Malang,20,Credit Card,816000
2024-02-02,Pillow P,Home,185000,1,C2083,Bandung,10,E-Wallet,166500
2024-02-02,Shoes E,Fashion,654000,2,C1535,Jakarta,10,Bank Transfer,1177200
2024-02-02,T-Shirt G,Fashion,245000,2,C0757,Yogyakarta,5,Bank Transfer,465500
2024-02-02,Table O,Home,1524000,1,C1099,Jakarta,0,Credit Card,1524000
2024-02-02,Coffee I,Food,77000,3,C0302,Surabaya,0,Credit Card,231000
2024-02-02,Pillow P,Home,173000,5,C2429,Malang,0,E-Wallet,865000
2024-02-02,T-Shirt G,Fashion,259000,5,C1927,Jakarta,0,Credit Card,1295000
2024-02-02,Coffee I,Food,72000,2,C1864,Semarang,10,Credit Card,129600
2024-02-03,Monitor D,Electronics,2672000,3,C2465,Yogyakarta,10,E-Wallet,7214400
2024-02-03,Shoes E,Fashion,711000,2,C1420,Malang,0,E-Wallet,1422000
2024-02-03,Lamp M,Home,276000,1,C1676,Yogyakarta,10,Credit Card,248400
2024-02-03,Coffee I,Food,80000,2,C0696,Jakarta,10,E-Wallet,144000
2024-02-03,Laptop A,Electronics,8857000,3,C1231,Bandung,15,Credit Card,22585350
2024-02-03,Chair N,Home,855000,2,C0395,Bandung,10,E-Wallet,1539000
2024-02-04,Lamp M,Home,288000,3,C1832,Surabaya,10,Credit Card,777600
2024-02-04,Laptop A,Electronics,8161000,1,C0080,Yogyakarta,0,E-Wallet,8161000
2024-02-04,Shoes E,Fashion,628000,2,C0341,Yogyakarta,10,COD,1130400
2024-02-04,Monitor D,Electronics,2675000,1,C0883,Bandung,0,E-Wallet,2675000
2024-02-04,Laptop A,Electronics,8791000,1,C1427,Malang,5,Bank Transfer,8351450
2024-02-04,Jacket F,Fashion,554000,3,C0531,Malang,0,E-Wallet,1662000
2024-02-04,Tea K,Food,50000,1,C0573,Jakarta,0,Bank Transfer,50000
2024-02-04,Smartphone B,Electronics,4853000,4,C2127,Surabaya,0,Credit Card,19412000
2024-02-04,Tea K,Food,51000,1,C1995,Yogyakarta,0,COD,51000
2024-02-04,Chocolate L,Food,57000,3,C1996,Surabaya,5,COD,162450
2024-02-04,Pillow P,Home,185000,1,C1711,Yogyakarta,10,COD,166500
2024-02-04,Lamp M,Home,310000,1,C2454,Yogyakarta,5,Bank Transfer,294500
2024-02-04,Chair N,Home,992000,1,C2212,Jakarta,0,Credit Card,992000
2024-02-04,Headphone C,Electronics,758000,1,C1172,Solo,0,COD,758000
2024-02-04,Tea K,Food,50000,1,C2275,Semarang,10,Credit Card,45000
2024-02-04,Bag H,Fashion,463000,1,C1912,Semarang,15,Credit Card,393550
2024-02-04,Lamp M,Home,286000,1,C2168,Yogyakarta,15,E-Wallet,243100
2024-02-04,Tea K,Food,45000,3,C0687,Jakarta,0,Bank Transfer,135000
2024-02-05,Coffee I,Food,71000,3,C0851,Bandung,10,COD,191700
2024-02-05,Jacket F,Fashion,530000,1,C1253,Semarang,0,Bank Transfer,530000
2024-02-05,Laptop A,Electronics,8444000,1,C1181,Yogyakarta,5,E-Wallet,8021800
2024-02-05,Jacket F,Fashion,563000,2,C1552,Semarang,10,Bank Transfer,1013400
2024-02-05,T-Shirt G,Fashion,237000,2,C2256,Yogyakarta,10,E-Wallet,426600
2024-02-05,Pillow P,Home,181000,1,C2488,Semarang,15,E-Wallet,153850
2024-02-05,Headphone C,Electronics,761000,3,C0290,Jakarta,0,Credit Card,2283000
2024-02-05,Bag H,Fashion,461000,1,C0354,Jakarta,0,COD,461000
2024-02-05,Lamp M,Home,278000,1,C1151,Semarang,5,E-Wallet,264100
2024-02-05,Smartphone B,Electronics,4973000,2,C1226,Surabaya,0,E-Wallet,9946000
2024-02-05,Lamp M,Home,295000,1,C0641,Malang,15,Credit Card,250750
2024-02-05,Table O,Home,1608000,1,C2081,Bandung,0,COD,1608000
2024-02-06,Laptop A,Electronics,8360000,4,C1393,Jakarta,10,E-Wallet,30096000
2024-02-06,Monitor D,Electronics,2562000,2,C1613,Bandung,0,Credit Card,5124000
2024-02-06,T-Shirt G,Fashion,250000,4,C1750,Yogyakarta,0,Bank Transfer,1000000
2024-02-06,Table O,Home,1537000,3,C0595,Yogyakarta,5,Credit Card,4380450
2024-02-06,Shoes E,Fashion,640000,1,C2369,Bandung,10,E-Wallet,576000
2024-02-06,Coffee I,Food,82000,1,C0893,Solo,10,E-Wallet,73800
2024-02-06,Laptop A,Electronics,8487000,3,C0625,Malang,0,Bank Transfer,25461000
2024-02-06,Pillow P,Home,180000,3,C1730,Bandung,10,COD,486000
2024-02-06,Monitor D,Electronics,2665000,2,C2155,Bandung,10,COD,4797000
2024-02-07,Monitor D,Electronics,2580000,1,C0254,Surabaya,10,E-Wallet,2322000
2024-02-07,Snack J,Food,34000,1,C2103,Bandung,0,E-Wallet,34000
2024-02-07,Chocolate L,Food,61000,5,C2354,Solo,10,Bank Transfer,274500
2024-02-07,Table O,Home,1515000,2,C0089,Solo,0,Bank Transfer,3030000
2024-02-07,Monitor D,Electronics,2597000,2,C0392,Bandung,0,Credit Card,5194000
2024-02-07,Tea K,Food,52000,3,C0338,Bandung,20,Credit Card,124800
2024-02-07,Chocolate L,Food,62000,1,C1420,Semarang,10,Credit Card,55800
2024-02-07,Coffee I,Food,78000,1,C2421,Semarang,10,E-Wallet,70200
2024-02-07,Chocolate L,Food,56000,3,C2025,Jakarta,10,COD,151200
2024-02-07,Chocolate L,Food,59000,2,C1443,Malang,10,E-Wallet,106200
2024-02-07,Bag H,Fashion,461000,2,C2467,Semarang,5,E-Wallet,875900
2024-02-07,Shoes E,Fashion,612000,1,C0376,Malang,0,Bank Transfer,612000
2024-02-07,Pillow P,Home,188000,1,C1378,Surabaya,5,E-Wallet,178600
2024-02-07,Pillow P,Home,184000,5,C0838,Solo,0,Bank Transfer,920000
2024-02-07,Smartphone B,Electronics,5172000,1,C0711,Jakarta,20,Bank Transfer,4137600
2024-02-08,Chocolate L,Food,63000,2,C1540,Jakarta,10,Bank Transfer,113400
2024-02-08,Bag H,Fashion,454000,1,C1773,Yogyakarta,10,Credit Card,408600
2024-02-08,Laptop A,Electronics,8394000,2,C1396,Jakarta,10,E-Wallet,15109200
2024-02-08,Chocolate L,Food,61000,2,C1682,Yogyakarta,0,E-Wallet,122000
2024-02-08,Lamp M,Home,307000,1,C1044,Semarang,15,COD,260950
2024-02-08,Table O,Home,1444000,5,C2327,Yogyakarta,0,E-Wallet,7220000
2024-02-08,Monitor D,Electronics,2504000,2,C0300,Semarang,10,Credit Card,4507200
2024-02-08,Monitor D,Electronics,2508000,1,C1766,Yogyakarta,0,Bank Transfer,2508000
2024-02-08,Chair N,Home,869000,2,C0893,Surabaya,0,Bank Transfer,1738000
2024-02-08,Lamp M,Home,296000,1,C0766,Surabaya,0,Credit Card,296000
2024-02-08,Table O,Home,1501000,2,C1597,Jakarta,0,E-Wallet,3002000
2024-02-08,Jacket F,Fashion,564000,5,C0171,Surabaya,15,E-Wallet,2397000
2024-02-08,Monitor D,Electronics,2547000,2,C2256,Jakarta,10,E-Wallet,4584600
2024-02-08,Laptop A,Electronics,8601000,1,C1409,Jakarta,0,COD,8601000
2024-02-08,Monitor D,Electronics,2442000,1,C0865,Bandung,10,Bank Transfer,2197800
2024-02-08,Tea K,Food,48000,2,C0411,Yogyakarta,0,COD,96000
2024-02-08,Chair N,Home,923000,4,C0979,Yogyakarta,15,COD,3138200
2024-02-08,Lamp M,Home,299000,2,C2024,Yogyakarta,0,E-Wallet,598000
2024-02-08,Lamp M,Home,297000,5,C1985,Bandung,10,Credit Card,1336500
2024-02-08,Snack J,Food,35000,3,C1115,Semarang,10,E-Wallet,94500
2024-02-08,Snack J,Food,33000,1,C2276,Surabaya,0,Bank Transfer,33000
2024-02-08,Headphone C,Electronics,788000,2,C0239,Yogyakarta,0,E-Wallet,1576000
2024-02-08,Shoes E,Fashion,649000,3,C2315,Yogyakarta,20,Bank Transfer,1557600
2024-02-08,Lamp M,Home,305000,1,C2102,Yogyakarta,15,Bank Transfer,259250
2024-02-09,Tea K,Food,50000,1,C1704,Yogyakarta,5,E-Wallet,47500
2024-02-09,Tea K,Food,50000,2,C1194,Bandung,0,Bank Transfer,100000
2024-02-09,Pillow P,Home,190000,1,C1398,Surabaya,0,E-Wallet,190000
2024-02-09,Tea K,Food,50000,2,C1587,Solo,10,COD,90000
2024-02-09,Smartphone B,Electronics,5117000,2,C0806,Semarang,0,Bank Transfer,10234000
2024-02-09,Chocolate L,Food,61000,4,C0455,Yogyakarta,5,Credit Card,231800
2024-02-09,Tea K,Food,51000,1,C0373,Jakarta,5,Credit Card,48450
2024-02-09,Jacket F,Fashion,580000,1,C0972,Yogyakarta,0,Bank Transfer,580000
2024-02-09,T-Shirt G,Fashion,254000,3,C1091,Yogyakarta,10,Credit Card,685800
2024-02-09,T-Shirt G,Fashion,248000,4,C0826,Yogyakarta,20,Credit Card,793600
2024-02-09,Tea K,Food,49000,2,C2355,Yogyakarta,10,E-Wallet,88200
2024-02-09,Jacket F,Fashion,553000,2,C1394,Bandung,10,E-Wallet,995400
2024-02-09,Smartphone B,Electronics,4743000,2,C2109,Surabaya,5,Bank Transfer,9011700
2024-02-09,Bag H,Fashion,414000,1,C1035,Jakarta,0,COD,414000
2024-02-09,T-Shirt G,Fashion,267000,2,C1935,Bandung,15,Bank Transfer,453900
2024-02-09,Shoes E,Fashion,658000,4,C1479,Bandung,10,E-Wallet,2368800
2024-02-09,Bag H,Fashion,440000,1,C1369,Malang,0,Credit Card,440000
2024-02-09,Snack J,Food,35000,2,C1445,Yogyakarta,10,COD,63000
2024-02-09,Jacket F,Fashion,533000,3,C0352,Surabaya,15,Credit Card,1359150
2024-02-09,Shoes E,Fashion,678000,2,C0686,Surabaya,10,E-Wallet,1220400
2024-02-09,Bag H,Fashion,452000,1,C1783,Bandung,10,Bank Transfer,406800
2024-02-09,Snack J,Food,35000,2,C1693,Jakarta,0,Bank Transfer,70000
2024-02-10,T-Shirt G,Fashion,251000,1,C0709,Malang,5,Bank Transfer,238450
2024-02-10,Tea K,Food,50000,2,C0625,Jakarta,0,Bank Transfer,100000
2024-02-10,Monitor D,Electronics,2354000,2,C0779,Surabaya,5,Credit Card,4472600
2024-02-10,Headphone C,Electronics,729000,2,C1915,Semarang,10,Credit Card,1312200
2024-02-10,Chocolate L,Food,62000,2,C0082,Solo,0,Bank Transfer,124000
2024-02-10,Coffee I,Food,79000,3,C0714,Jakarta,10,E-Wallet,213300
2024-02-10,Lamp M,Home,289000,2,C0189,Jakarta,20,Bank Transfer,462400
2024-02-10,Smartphone B,Electronics,4679000,1,C0554,Surabaya,15,Bank Transfer,3977150
2024-02-10,Snack J,Food,35000,1,C0619,Jakarta,5,Bank Transfer,33250
2024-02-10,Tea K,Food,52000,1,C0410,Jakarta,5,COD,49400
2024-02-10,Snack J,Food,36000,3,C2491,Bandung,5,E-Wallet,102600
2024-02-10,Tea K,Food,51000,4,C1244,Jakarta,15,Bank Transfer,173400
2024-02-10,Monitor D,Electronics,2486000,1,C1340,Jakarta,10,E-Wallet,2237400
2024-02-10,Laptop A,Electronics,8847000,2,C1799,Malang,10,E-Wallet,15924600
2024-02-11,Smartphone B,Electronics,4992000,4,C1056,Semarang,20,COD,15974400
2024-02-11,Chair N,Home,858000,2,C0307,Bandung,5,E-Wallet,1630200
2024-02-11,Monitor D,Electronics,2510000,2,C2203,Semarang,15,COD,4267000
2024-02-11,Snack J,Food,36000,1,C1392,Surabaya,0,Credit Card,36000
2024-02-11,Monitor D,Electronics,2314000,2,C1865,Surabaya,20,Bank Transfer,3702400
2024-02-11,Laptop A,Electronics,8202000,2,C1470,Jakarta,5,COD,15583800
2024-02-11,Laptop A,Electronics,8221000,4,C0958,Surabaya,0,E-Wallet,32884000
2024-02-11,Lamp M,Home,307000,1,C0252,Jakarta,0,COD,307000
2024-02-11,Smartphone B,Electronics,5096000,2,C0961,Surabaya,0,COD,10192000
2024-02-11,Chocolate L,Food,61000,1,C1766,Solo,5,E-Wallet,57950
2024-02-11,Tea K,Food,52000,3,C2119,Jakarta,0,Credit Card,156000
2024-02-11,Snack J,Food,36000,2,C0492,Yogyakarta,10,E-Wallet,64800
2024-02-11,Shoes E,Fashion,653000,2,C2049,Jakarta,5,Bank Transfer,1240700
2024-02-11,Monitor D,Electronics,2473000,3,C0976,Semarang,5,Credit Card,7048050
2024-02-12,Coffee I,Food,77000,1,C0071,Semarang,10,E-Wallet,69300
2024-02-12,Smartphone B,Electronics,4936000,3,C0912,Jakarta,10,Credit Card,13327200
2024-02-12,Tea K,Food,52000,1,C1585,Bandung,5,Bank Transfer,49400
2024-02-12,T-Shirt G,Fashion,242000,1,C1027,Semarang,0,E-Wallet,242000
2024-02-12,Headphone C,Electronics,772000,3,C1586,Solo,5,E-Wallet,2200200
2024-02-12,Pillow P,Home,172000,1,C2104,Bandung,15,Bank Transfer,146200
2024-02-12,Shoes E,Fashion,686000,2,C1168,Jakarta,10,E-Wallet,1234800
2024-02-12,Chair N,Home,866000,1,C0037,Jakarta,15,COD,736100
2024-02-12,Chocolate L,Food,58000,2,C0682,Bandung,20,E-Wallet,92800
2024-02-12,Table O,Home,1527000,1,C0030,Jakarta,0,E-Wallet,1527000
2024-02-12,Jacket F,Fashion,557000,5,C0251,Solo,10,Bank Transfer,2506500
2024-02-12,Shoes E,Fashion,673000,2,C0716,Solo,20,Bank Transfer,1076800
2024-02-12,Chair N,Home,914000,2,C0832,Solo,20,COD,1462400
2024-02-12,Table O,Home,1443000,2,C1050,Surabaya,0,Credit Card,2886000
2024-02-12,Headphone C,Electronics,763000,2,C1972,Yogyakarta,5,COD,1449700
2024-02-12,Monitor D,Electronics,2449000,1,C1658,Bandung,0,E-Wallet,2449000
2024-02-12,Jacket F,Fashion,576000,3,C1052,Malang,0,Bank Transfer,1728000
2024-02-13,Lamp M,Home,303000,1,C1259,Surabaya,5,E-Wallet,287850
2024-02-13,Monitor D,Electronics,2595000,2,C0392,Jakarta,0,COD,5190000
2024-02-13,Bag H,Fashion,423000,1,C0676,Jakarta,5,Credit Card,401850
2024-02-13,Pillow P,Home,192000,1,C0182,Surabaya,0,Bank Transfer,192000
2024-02-13,Headphone C,Electronics,739000,1,C0933,Solo,10,Credit Card,665100
2024-02-13,T-Shirt G,Fashion,240000,1,C1050,Solo,15,E-Wallet,204000
2024-02-13,Lamp M,Home,288000,1,C0345,Semarang,5,COD,273600
2024-02-13,Bag H,Fashion,446000,2,C1437,Jakarta,10,Credit Card,802800
2024-02-13,Headphone C,Electronics,776000,5,C2179,Surabaya,0,E-Wallet,3880000
2024-02-13,Monitor D,Electronics,2552000,1,C2107,Yogyakarta,0,E-Wallet,2552000
2024-02-13,Shoes E,Fashion,656000,3,C2321,Surabaya,0,Bank Transfer,1968000
2024-02-13,Smartphone B,Electronics,5392000,1,C0464,Jakarta,20,E-Wallet,4313600
2024-02-13,Chair N,Home,931000,1,C1801,Jakarta,0,E-Wallet,931000
2024-02-13,Shoes E,Fashion,600000,1,C0837,Solo,10,E-Wallet,540000
2024-02-13,Laptop A,Electronics,7989000,2,C0547,Jakarta,5,Credit Card,15179100
2024-02-13,Laptop A,Electronics,8565000,1,C2214,Surabaya,0,E-Wallet,8565000
2024-02-13,Snack J,Food,34000,2,C2425,Bandung,20,Bank Transfer,54400
2024-02-13,Headphone C,Electronics,733000,4,C0449,Malang,5,COD,2785400
2024-02-13,Monitor D,Electronics,2358000,1,C0011,Jakarta,5,Credit Card,2240100
2024-02-13,Snack J,Food,35000,2,C2497,Solo,5,E-Wallet,66500
2024-02-13,Headphone C,Electronics,806000,1,C0686,Jakarta,20,Credit Card,644800
2024-02-13,Laptop A,Electronics,7688000,1,C0455,Surabaya,5,Credit Card,7303600
2024-02-13,Bag H,Fashion,482000,1,C1377,Bandung,0,Bank Transfer,482000
2024-02-13,Monitor D,Electronics,2274000,4,C1867,Malang,5,Bank Transfer,8641200
2024-02-14,Laptop A,Electronics,8443000,1,C0170,Yogyakarta,0,E-Wallet,8443000
2024-02-14,Chocolate L,Food,60000,2,C0884,Bandung,5,Bank Transfer,114000
2024-02-14,Pillow P,Home,189000,1,C0109,Semarang,0,Bank Transfer,189000
2024-02-14,Tea K,Food,53000,3,C1133,Semarang,15,COD,135150
2024-02-14,Snack J,Food,35000,4,C0988,Semarang,0,E-Wallet,140000
2024-02-14,Chocolate L,Food,61000,2,C0104,Yogyakarta,0,E-Wallet,122000
2024-02-14,Tea K,Food,50000,1,C1353,Yogyakarta,0,COD,50000
2024-02-14,Lamp M,Home,288000,2,C0335,Bandung,0,Credit Card,576000
2024-02-14,Coffee I,Food,74000,1,C1873,Jakarta,10,E-Wallet,66600
2024-02-14,Chocolate L,Food,58000,1,C2154,Jakarta,15,COD,49300
2024-02-14,Jacket F,Fashion,536000,5,C0215,Semarang,5,Bank Transfer,2546000
2024-02-14,Snack J,Food,35000,2,C1527,Surabaya,10,Credit Card,63000
2024-02-14,Laptop A,Electronics,8647000,2,C0764,Surabaya,5,Bank Transfer,16429300
2024-02-14,Lamp M,Home,290000,1,C1680,Yogyakarta,5,Bank Transfer,275500
2024-02-14,Tea K,Food,49000,3,C1475,Jakarta,0,E-Wallet,147000
2024-02-14,Pillow P,Home,181000,1,C0322,Malang,0,COD,181000
2024-02-14,Smartphone B,Electronics,5216000,5,C2352,Surabaya,5,E-Wallet,24776000
2024-02-14,Tea K,Food,53000,1,C2365,Semarang,0,COD,53000
2024-02-15,Table O,Home,1518000,3,C0141,Solo,0,E-Wallet,4554000
2024-02-15,Pillow P,Home,179000,1,C2297,Bandung,10,Credit Card,161100
2024-02-15,Table O,Home,1488000,1,C1999,Bandung,10,E-Wallet,1339200
2024-02-15,Monitor D,Electronics,2399000,2,C0209,Bandung,20,Credit Card,3838400
2024-02-15,Laptop A,Electronics,9277000,1,C1361,Semarang,0,E-Wallet,9277000
2024-02-15,Shoes E,Fashion,598000,5,C1432,Yogyakarta,0,Credit Card,2990000
2024-02-15,Coffee I,Food,75000,2,C0975,Malang,5,Bank Transfer,142500
2024-02-15,T-Shirt G,Fashion,247000,1,C0347,Jakarta,15,COD,209950
2024-02-15,Coffee I,Food,73000,1,C0506,Surabaya,10,Credit Card,65700
2024-02-15,Laptop A,Electronics,8740000,3,C0490,Jakarta,15,E-Wallet,22287000
2024-02-15,Chocolate L,Food,61000,1,C2398,Surabaya,20,Bank Transfer,48800
2024-02-15,Shoes E,Fashion,635000,2,C0613,Solo,0,Bank Transfer,1270000
2024-02-15,Laptop A,Electronics,8288000,3,C0900,Yogyakarta,0,Credit Card,24864000
2024-02-15,Pillow P,Home,179000,1,C0937,Semarang,0,Bank Transfer,179000
2024-02-15,Smartphone B,Electronics,5064000,4,C0060,Surabaya,10,Bank Transfer,18230400
2024-02-15,Jacket F,Fashion,579000,4,C0469,Malang,5,Bank Transfer,2200200
2024-02-15,Headphone C,Electronics,731000,2,C1295,Surabaya,5,E-Wallet,1388900
2024-02-15,Snack J,Food,37000,1,C2019,Surabaya,5,Bank Transfer,35150
2024-02-15,Shoes E,Fashion,673000,3,C2201,Jakarta,0,E-Wallet,2019000
2024-02-15,Bag H,Fashion,453000,2,C0516,Yogyakarta,5,Credit Card,860700
2024-02-16,Laptop A,Electronics,8803000,2,C0393,Semarang,5,E-Wallet,16725700
2024-02-16,Coffee I,Food,78000,1,C2338,Bandung,5,COD,74100
2024-02-16,Coffee I,Food,73000,1,C1917,Surabaya,0,Bank Transfer,73000
2024-02-16,Coffee I,Food,72000,1,C1153,Jakarta,10,E-Wallet,64800
2024-02-16,Headphone C,Electronics,721000,1,C1777,Solo,0,Credit Card,721000
2024-02-16,Bag H,Fashion,452000,5,C1582,Surabaya,0,Bank Transfer,2260000
2024-02-16,Headphone C,Electronics,694000,1,C2012,Surabaya,10,Bank Transfer,624600
2024-02-16,Monitor D,Electronics,2335000,1,C0603,Solo,20,Bank Transfer,1868000
2024-02-16,Laptop A,Electronics,9088000,2,C2029,Semarang,10,E-Wallet,16358400
2024-02-16,Bag H,Fashion,444000,5,C2434,Semarang,10,E-Wallet,1998000
2024-02-16,Laptop A,Electronics,7975000,3,C0103,Semarang,10,Credit Card,21532500
2024-02-16,Chocolate L,Food,60000,3,C0344,Jakarta,0,Credit Card,180000
2024-02-16,Jacket F,Fashion,546000,4,C0218,Semarang,0,COD,2184000
2024-02-16,Lamp M,Home,313000,1,C0787,Semarang,0,Credit Card,313000
2024-02-16,Shoes E,Fashion,666000,2,C0907,Surabaya,15,COD,1132200
2024-02-17,Table O,Home,1571000,3,C1834,Jakarta,0,Credit Card,4713000
2024-02-17,Snack J,Food,34000,1,C0165,Malang,0,E-Wallet,34000
2024-02-17,Table O,Home,1477000,4,C1796,Yogyakarta,20,Credit Card,4726400
2024-02-17,Laptop A,Electronics,8362000,2,C0594,Malang,0,E-Wallet,16724000
2024-02-17,Chair N,Home,903000,1,C1024,Jakarta,10,Bank Transfer,812700
2024-02-17,Monitor D,Electronics,2628000,1,C2109,Jakarta,5,Bank Transfer,2496600
2024-02-17,Shoes E,Fashion,701000,3,C0498,Bandung,5,COD,1997850
2024-02-17,Bag H,Fashion,435000,1,C1454,Yogyakarta,15,Bank Transfer,369750
2024-02-17,Tea K,Food,47000,2,C1017,Jakarta,0,Bank Transfer,94000
2024-02-17,Smartphone B,Electronics,5112000,1,C0957,Solo,0,COD,5112000
2024-02-17,Table O,Home,1552000,2,C0081,Semarang,10,E-Wallet,2793600
2024-02-17,Coffee I,Food,67000,1,C0985,Surabaya,15,E-Wallet,56950
2024-02-17,Laptop A,Electronics,8762000,2,C2156,Yogyakarta,10,Credit Card,15771600
2024-02-17,Monitor D,Electronics,2681000,2,C1169,Jakarta,0,Bank Transfer,5362000
2024-02-17,Jacket F,Fashion,541000,1,C1575,Jakarta,0,E-Wallet,541000
2024-02-18,Smartphone B,Electronics,5259000,2,C0882,Surabaya,10,COD,9466200
2024-02-18,Tea K,Food,47000,1,C0924,Jakarta,0,Bank Transfer,47000
2024-02-18,Laptop A,Electronics,8643000,1,C1950,Jakarta,5,Credit Card,8210850
2024-02-18,Chair N,Home,852000,1,C0817,Yogyakarta,20,E-Wallet,681600
2024-02-18,Chocolate L,Food,59000,1,C2350,Surabaya,5,Bank Transfer,56050
2024-02-18,Shoes E,Fashion,665000,1,C0286,Semarang,10,Bank Transfer,598500
2024-02-18,Chocolate L,Food,60000,4,C2007,Semarang,20,Credit Card,192000
2024-02-18,Laptop A,Electronics,8602000,1,C1280,Semarang,10,Credit Card,7741800
2024-02-18,Laptop A,Electronics,8912000,1,C1741,Yogyakarta,0,E-Wallet,8912000
2024-02-18,Snack J,Food,36000,2,C1026,Malang,20,Bank Transfer,57600
2024-02-18,Snack J,Food,35000,4,C0770,Yogyakarta,10,E-Wallet,126000
2024-02-18,Headphone C,Electronics,720000,1,C0741,Surabaya,10,E-Wallet,648000
2024-02-18,Snack J,Food,37000,4,C1761,Semarang,0,Credit Card,148000
2024-02-18,Coffee I,Food,78000,3,C1026,Malang,10,E-Wallet,210600
2024-02-18,Snack J,Food,35000,1,C1881,Yogyakarta,5,Credit Card,33250
2024-02-18,T-Shirt G,Fashion,252000,1,C1450,Surabaya,15,E-Wallet,214200
2024-02-18,Jacket F,Fashion,575000,1,C2297,Semarang,0,Credit Card,575000
2024-02-18,Table O,Home,1496000,1,C0102,Jakarta,5,Bank Transfer,1421200
2024-02-18,Bag H,Fashion,430000,1,C0441,Bandung,5,Bank Transfer,408500
2024-02-18,Shoes E,Fashion,647000,2,C2049,Semarang,0,COD,1294000
2024-02-18,Table O,Home,1471000,1,C0567,Surabaya,0,Bank Transfer,1471000
2024-02-19,Chair N,Home,913000,2,C0660,Surabaya,15,E-Wallet,1552100
2024-02-19,Snack J,Food,36000,1,C2352,Bandung,20,E-Wallet,28800
2024-02-19,Chocolate L,Food,59000,2,C2199,Jakarta,10,E-Wallet,106200
2024-02-19,Bag H,Fashion,465000,3,C0403,Malang,5,Bank Transfer,1325250
2024-02-19,Lamp M,Home,290000,2,C1891,Jakarta,0,E-Wallet,580000
2024-02-19,Bag H,Fashion,442000,2,C0647,Bandung,10,E-Wallet,795600
2024-02-19,Monitor D,Electronics,2499000,1,C2123,Malang,0,Credit Card,2499000
2024-02-19,Jacket F,Fashion,548000,2,C1648,Bandung,0,Credit Card,1096000
2024-02-19,Chair N,Home,867000,4,C0394,Solo,15,COD,2947800
2024-02-19,Headphone C,Electronics,768000,2,C2140,Jakarta,5,Bank Transfer,1459200
2024-02-19,Smartphone B,Electronics,5153000,2,C0721,Jakarta,10,E-Wallet,9275400
2024-02-19,Bag H,Fashion,451000,1,C1857,Malang,10,Bank Transfer,405900
2024-02-19,Laptop A,Electronics,8137000,2,C0830,Malang,0,Credit Card,16274000
2024-02-20,T-Shirt G,Fashion,250000,1,C1687,Solo,10,E-Wallet,225000
2024-02-20,Pillow P,Home,175000,2,C1285,Yogyakarta,0,E-Wallet,350000
2024-02-20,Snack J,Food,33000,1,C2435,Malang,10,E-Wallet,29700
2024-02-20,Chocolate L,Food,60000,1,C0732,Yogyakarta,15,Bank Transfer,51000
2024-02-20,Tea K,Food,49000,3,C0369,Jakarta,20,COD,117600
2024-02-20,Tea K,Food,49000,2,C1903,Surabaya,0,E-Wallet,98000
2024-02-20,Bag H,Fashion,406000,3,C2266,Jakarta,0,Bank Transfer,1218000
2024-02-20,Chair N,Home,880000,1,C1111,Surabaya,0,Credit Card,880000
2024-02-20,Smartphone B,Electronics,5088000,4,C0308,Semarang,15,E-Wallet,17299200
2024-02-20,Tea K,Food,54000,3,C0932,Jakarta,15,E-Wallet,137700
2024-02-20,Monitor D,Electronics,2742000,1,C0933,Jakarta,5,COD,2604900
2024-02-20,Pillow P,Home,174000,2,C2279,Jakarta,0,E-Wallet,348000
2024-02-20,Headphone C,Electronics,806000,1,C1057,Jakarta,15,Bank Transfer,685100
2024-02-20,Snack J,Food,34000,1,C0171,Malang,10,COD,30600
2024-02-20,Lamp M,Home,305000,4,C1080,Bandung,0,Credit Card,1220000
2024-02-20,Tea K,Food,53000,3,C0276,Bandung,15,E-Wallet,135150
2024-02-21,Monitor D,Electronics,2506000,1,C0524,Surabaya,0,E-Wallet,2506000
2024-02-21,Chair N,Home,915000,2,C1252,Semarang,5,E-Wallet,1738500
2024-02-21,Chocolate L,Food,59000,1,C0410,Malang,10,COD,53100
2024-02-21,Tea K,Food,50000,4,C1126,Surabaya,0,Bank Transfer,200000
2024-02-21,Coffee I,Food,78000,4,C0995,Bandung,0,E-Wallet,312000
2024-02-21,Headphone C,Electronics,814000,1,C2313,Jakarta,10,E-Wallet,732600
2024-02-21,Jacket F,Fashion,542000,2,C2353,Surabaya,0,Credit Card,1084000
2024-02-21,Pillow P,Home,181000,2,C1005,Surabaya,15,E-Wallet,307700
2024-02-21,Snack J,Food,36000,5,C0366,Semarang,5,E-Wallet,171000
2024-02-21,Shoes E,Fashion,649000,1,C1710,Semarang,20,Credit Card,519200
2024-02-21,Chocolate L,Food,61000,1,C0010,Surabaya,10,Bank Transfer,54900
2024-02-21,Headphone C,Electronics,725000,1,C2384,Jakarta,0,Credit Card,725000
2024-02-22,Chair N,Home,922000,3,C1889,Bandung,15,E-Wallet,2351100
2024-02-22,T-Shirt G,Fashion,244000,2,C0169,Solo,10,E-Wallet,439200
2024-02-22,Pillow P,Home,191000,1,C0888,Yogyakarta,0,E-Wallet,191000
2024-02-22,Table O,Home,1531000,3,C2058,Solo,0,E-Wallet,4593000
2024-02-22,Chocolate L,Food,58000,3,C1049,Bandung,10,E-Wallet,156600
2024-02-22,Jacket F,Fashion,545000,1,C1163,Bandung,5,E-Wallet,517750
2024-02-22,Table O,Home,1459000,5,C0366,Semarang,0,Credit Card,7295000
2024-02-22,Laptop A,Electronics,8589000,1,C1103,Bandung,5,Bank Transfer,8159550
2024-02-22,Snack J,Food,35000,1,C1353,Jakarta,15,Bank Transfer,29750
2024-02-22,Smartphone B,Electronics,5168000,2,C0308,Bandung,10,Bank Transfer,9302400
2024-02-22,Coffee I,Food,75000,2,C1047,Bandung,10,Credit Card,135000
2024-02-22,Laptop A,Electronics,7923000,1,C0014,Jakarta,5,E-Wallet,7526850
2024-02-22,Bag H,Fashion,446000,2,C0305,Jakarta,15,Credit Card,758200
2024-02-22,Monitor D,Electronics,2490000,1,C2338,Surabaya,10,E-Wallet,2241000
2024-02-22,Lamp M,Home,279000,3,C1796,Malang,5,E-Wallet,795150
2024-02-22,Smartphone B,Electronics,5258000,1,C0109,Yogyakarta,0,E-Wallet,5258000
2024-02-22,Chair N,Home,845000,1,C2428,Yogyakarta,0,COD,845000
2024-02-22,Pillow P,Home,187000,3,C0104,Jakarta,0,Credit Card,561000
2024-02-22,Smartphone B,Electronics,4947000,4,C0616,Surabaya,10,Bank Transfer,17809200
2024-02-23,Chair N,Home,898000,2,C1185,Bandung,5,E-Wallet,1706200
2024-02-23,Table O,Home,1528000,1,C0672,Surabaya,0,E-Wallet,1528000
2024-02-23,Snack J,Food,37000,1,C1458,Solo,10,Bank Transfer,33300
2024-02-23,Bag H,Fashion,471000,2,C1449,Jakarta,0,COD,942000
2024-02-23,Smartphone B,Electronics,4910000,5,C0355,Jakarta,10,Credit Card,22095000
2024-02-23,Table O,Home,1513000,3,C1592,Jakarta,10,E-Wallet,4085100
2024-02-23,Bag H,Fashion,447000,1,C0197,Bandung,15,Credit Card,379950
2024-02-23,Headphone C,Electronics,742000,5,C1983,Surabaya,5,COD,3524500
2024-02-23,Snack J,Food,33000,3,C1274,Jakarta,10,Bank Transfer,89100
2024-02-23,Monitor D,Electronics,2636000,2,C1000,Semarang,10,Credit Card,4744800
2024-02-23,T-Shirt G,Fashion,266000,4,C0716,Surabaya,10,E-Wallet,957600
2024-02-23,Jacket F,Fashion,555000,1,C1056,Surabaya,5,COD,527250
2024-02-23,Coffee I,Food,76000,1,C0494,Jakarta,0,E-Wallet,76000
2024-02-23,Table O,Home,1576000,3,C1412,Jakarta,0,E-Wallet,4728000
2024-02-23,Bag H,Fashion,436000,2,C0692,Yogyakarta,0,E-Wallet,872000
2024-02-23,Laptop A,Electronics,9215000,2,C1677,Jakarta,10,Credit Card,16587000
2024-02-23,Laptop A,Electronics,9095000,5,C1432,Semarang,0,COD,45475000
2024-02-23,Chair N,Home,909000,1,C1023,Jakarta,15,Credit Card,772650
2024-02-23,Shoes E,Fashion,651000,2,C2280,Malang,10,E-Wallet,1171800
2024-02-23,Smartphone B,Electronics,4919000,2,C0227,Bandung,10,COD,8854200
2024-02-23,Laptop A,Electronics,8826000,2,C0181,Jakarta,15,Bank Transfer,15004200
2024-02-23,Jacket F,Fashion,551000,1,C1820,Semarang,10,E-Wallet,495900
2024-02-23,Jacket F,Fashion,561000,5,C1925,Malang,5,Credit Card,2664750
2024-02-23,Smartphone B,Electronics,5287000,2,C1523,Yogyakarta,0,Bank Transfer,10574000
2024-02-23,T-Shirt G,Fashion,255000,1,C0282,Malang,0,E-Wallet,255000
2024-02-23,Shoes E,Fashion,647000,1,C0453,Jakarta,0,COD,647000
2024-02-23,Tea K,Food,51000,1,C1720,Malang,0,Bank Transfer,51000
2024-02-23,T-Shirt G,Fashion,248000,2,C0010,Solo,10,E-Wallet,446400
2024-02-24,Smartphone B,Electronics,5073000,1,C1080,Yogyakarta,0,E-Wallet,5073000
2024-02-24,Chocolate L,Food,59000,1,C2313,Solo,15,COD,50150
2024-02-24,Smartphone B,Electronics,5225000,1,C1799,Surabaya,0,Bank Transfer,5225000
2024-02-24,Snack J,Food,34000,2,C1803,Bandung,15,COD,57800
2024-02-24,Jacket F,Fashion,553000,5,C1232,Jakarta,15,E-Wallet,2350250
2024-02-24,Pillow P,Home,165000,4,C1446,Semarang,10,Credit Card,594000
2024-02-24,Lamp M,Home,284000,1,C0550,Bandung,15,COD,241400
2024-02-24,Coffee I,Food,79000,1,C0786,Semarang,5,COD,75050
2024-02-24,Monitor D,Electronics,2436000,2,C1834,Jakarta,0,COD,4872000
2024-02-24,Pillow P,Home,187000,1,C2317,Bandung,0,Credit Card,187000
2024-02-24,Snack J,Food,37000,2,C0558,Jakarta,0,E-Wallet,74000
2024-02-24,Headphone C,Electronics,730000,3,C0909,Bandung,0,E-Wallet,2190000
2024-02-24,Pillow P,Home,186000,1,C2107,Jakarta,10,E-Wallet,167400
2024-02-24,Monitor D,Electronics,2652000,1,C1149,Jakarta,20,Bank Transfer,2121600
2024-02-24,Shoes E,Fashion,613000,1,C0451,Jakarta,15,Credit Card,521050
2024-02-24,Monitor D,Electronics,2434000,3,C1345,Surabaya,5,Credit Card,6936900
2024-02-24,Jacket F,Fashion,552000,3,C0492,Jakarta,20,E-Wallet,1324800
2024-02-24,Shoes E,Fashion,647000,1,C0308,Malang,10,Credit Card,582300
2024-02-24,Headphone C,Electronics,790000,2,C2277,Yogyakarta,0,Bank Transfer,1580000
2024-02-24,T-Shirt G,Fashion,259000,2,C2213,Malang,0,COD,518000
2024-02-24,Snack J,Food,32000,4,C0435,Bandung,5,Bank Transfer,121600
2024-02-24,Chair N,Home,923000,4,C0767,Solo,10,Credit Card,3322800
2024-02-25,Headphone C,Electronics,798000,3,C1747,Bandung,10,Bank Transfer,2154600
2024-02-25,Jacket F,Fashion,567000,2,C1525,Bandung,0,COD,1134000
2024-02-25,Lamp M,Home,304000,1,C1056,Malang,0,E-Wallet,304000
2024-02-25,Bag H,Fashion,432000,1,C2424,Bandung,15,E-Wallet,367200
2024-02-25,Jacket F,Fashion,565000,1,C1750,Bandung,5,E-Wallet,536750
2024-02-25,Headphone C,Electronics,686000,1,C1730,Malang,10,COD,617400
2024-02-25,Headphone C,Electronics,686000,1,C1610,Bandung,0,E-Wallet,686000
2024-02-25,Chair N,Home,928000,3,C1418,Surabaya,5,Credit Card,2644800
2024-02-25,Shoes E,Fashion,608000,2,C2197,Jakarta,0,Credit Card,1216000
2024-02-25,Smartphone B,Electronics,4913000,2,C1242,Surabaya,0,COD,9826000
2024-02-25,Monitor D,Electronics,2308000,1,C0693,Solo,10,Bank Transfer,2077200
2024-02-25,Pillow P,Home,187000,1,C2395,Solo,0,Credit Card,187000
2024-02-25,Chocolate L,Food,61000,1,C0262,Surabaya,10,E-Wallet,54900
2024-02-25,Shoes E,Fashion,693000,2,C0706,Jakarta,10,E-Wallet,1247400
2024-02-26,Chocolate L,Food,60000,3,C1417,Jakarta,10,Bank Transfer,162000
2024-02-26,Table O,Home,1529000,3,C1836,Surabaya,10,COD,4128300
2024-02-26,Chocolate L,Food,57000,2,C0442,Malang,0,Credit Card,114000
2024-02-26,Smartphone B,Electronics,5079000,5,C0624,Jakarta,15,COD,21585750
2024-02-26,T-Shirt G,Fashion,252000,1,C0820,Yogyakarta,10,E-Wallet,226800
2024-02-26,Tea K,Food,49000,4,C1361,Bandung,5,COD,186200
2024-02-26,Chair N,Home,947000,3,C0158,Yogyakarta,20,Credit Card,2272800
2024-02-26,Chair N,Home,922000,2,C1831,Jakarta,0,Bank Transfer,1844000
2024-02-26,Laptop A,Electronics,8408000,5,C1703,Bandung,0,Bank Transfer,42040000
2024-02-26,Monitor D,Electronics,2421000,2,C1773,Surabaya,0,Credit Card,4842000
2024-02-26,Chocolate L,Food,58000,2,C0641,Jakarta,15,Credit Card,98600
2024-02-26,T-Shirt G,Fashion,253000,2,C0810,Surabaya,5,Bank Transfer,480700
2024-02-26,Snack J,Food,36000,2,C0027,Jakarta,0,Bank Transfer,72000
2024-02-26,Snack J,Food,33000,1,C1606,Semarang,0,Bank Transfer,33000
2024-02-26,Jacket F,Fashion,523000,2,C0322,Jakarta,10,Credit Card,941400
2024-02-26,Smartphone B,Electronics,5296000,2,C0149,Surabaya,10,COD,9532800
2024-02-26,Bag H,Fashion,454000,2,C0868,Surabaya,10,E-Wallet,817200
2024-02-27,Shoes E,Fashion,655000,2,C0307,Surabaya,0,E-Wallet,1310000
2024-02-27,Chocolate L,Food,62000,2,C2054,Yogyakarta,20,Credit Card,99200
2024-02-27,Monitor D,Electronics,2283000,3,C1609,Bandung,10,Bank Transfer,6164100
2024-02-27,Smartphone B,Electronics,5369000,2,C2419,Semarang,0,Credit Card,10738000
2024-02-27,Bag H,Fashion,435000,1,C1423,Semarang,5,Credit Card,413250
2024-02-27,Chair N,Home,936000,1,C1571,Solo,10,Bank Transfer,842400
2024-02-27,T-Shirt G,Fashion,249000,1,C1734,Yogyakarta,15,E-Wallet,211650
2024-02-27,Laptop A,Electronics,8681000,3,C0126,Yogyakarta,10,Bank Transfer,23438700
2024-02-27,Bag H,Fashion,495000,1,C0226,Semarang,15,E-Wallet,420750
2024-02-27,T-Shirt G,Fashion,256000,2,C1082,Jakarta,0,E-Wallet,512000
2024-02-27,Chocolate L,Food,61000,3,C0979,Yogyakarta,0,COD,183000
2024-02-27,Bag H,Fashion,464000,4,C0151,Semarang,5,E-Wallet,1763200
2024-02-27,T-Shirt G,Fashion,243000,4,C1742,Bandung,10,Bank Transfer,874800
2024-02-27,Monitor D,Electronics,2311000,2,C2152,Semarang,10,E-Wallet,4159800
2024-02-27,Tea K,Food,55000,3,C0260,Jakarta,5,E-Wallet,156750
2024-02-27,Smartphone B,Electronics,4911000,1,C1791,Malang,10,E-Wallet,4419900
2024-02-27,Lamp M,Home,313000,2,C1085,Malang,10,Credit Card,563400
2024-02-27,Lamp M,Home,320000,2,C0828,Surabaya,20,E-Wallet,512000
2024-02-28,Snack J,Food,38000,4,C2111,Jakarta,10,E-Wallet,136800
2024-02-28,Laptop A,Electronics,8992000,2,C0222,Bandung,10,Bank Transfer,16185600
2024-02-28,Headphone C,Electronics,756000,3,C0777,Jakarta,10,Credit Card,2041200
2024-02-28,Shoes E,Fashion,663000,3,C0911,Yogyakarta,10,Credit Card,1790100
2024-02-28,Chocolate L,Food,56000,1,C0575,Jakarta,20,E-Wallet,44800
2024-02-28,Jacket F,Fashion,572000,2,C1980,Yogyakarta,10,Credit Card,1029600
2024-02-28,Monitor D,Electronics,2567000,2,C1749,Jakarta,15,E-Wallet,4363900
2024-02-28,Jacket F,Fashion,556000,2,C1142,Yogyakarta,5,Credit Card,1056400
2024-02-28,Snack J,Food,34000,1,C0401,Surabaya,0,COD,34000
2024-02-28,Chocolate L,Food,58000,1,C1532,Jakarta,10,E-Wallet,52200
2024-02-28,Table O,Home,1554000,1,C0127,Jakarta,5,COD,1476300
2024-02-28,Tea K,Food,49000,1,C1197,Yogyakarta,0,Credit Card,49000
2024-02-28,Smartphone B,Electronics,4848000,3,C2361,Jakarta,0,Credit Card,14544000
2024-02-28,Jacket F,Fashion,552000,1,C0316,Yogyakarta,0,Bank Transfer,552000
2024-02-28,Bag H,Fashion,478000,1,C0226,Surabaya,5,E-Wallet,454100
2024-02-29,Tea K,Food,49000,1,C2159,Solo,0,E-Wallet,49000
2024-02-29,Chair N,Home,946000,1,C1254,Semarang,0,COD,946000
2024-02-29,Pillow P,Home,173000,1,C1774,Surabaya,0,E-Wallet,173000
2024-02-29,Smartphone B,Electronics,5287000,2,C0135,Surabaya,0,Credit Card,10574000
2024-02-29,Smartphone B,Electronics,5260000,3,C0705,Jakarta,5,COD,14991000
2024-02-29,Coffee I,Food,76000,1,C0503,Jakarta,0,Bank Transfer,76000
2024-02-29,Chocolate L,Food,60000,3,C2234,Bandung,15,E-Wallet,153000
2024-02-29,Chair N,Home,907000,2,C2190,Jakarta,5,E-Wallet,1723300
2024-02-29,Smartphone B,Electronics,5186000,3,C0028,Yogyakarta,0,COD,15558000
2024-02-29,Chair N,Home,898000,1,C2460,Yogyakarta,15,E-Wallet,763300
2024-02-29,Shoes E,Fashion,667000,1,C1464,Jakarta,5,E-Wallet,633650
2024-02-29,Lamp M,Home,301000,2,C0012,Jakarta,5,COD,571900
2024-02-29,Jacket F,Fashion,546000,2,C0186,Jakarta,0,Credit Card,1092000
2024-02-29,Lamp M,Home,313000,1,C0419,Surabaya,15,E-Wallet,266050
2024-02-29,Coffee I,Food,74000,2,C0103,Semarang,10,E-Wallet,133200
2024-02-29,Tea K,Food,52000,1,C2078,Semarang,5,Credit Card,49400
2024-02-29,Pillow P,Home,184000,1,C2038,Malang,15,Bank Transfer,156400
2024-02-29,Smartphone B,Electronics,4923000,1,C1981,Jakarta,0,Bank Transfer,4923000
2024-03-01,Bag H,Fashion,435000,1,C0732,Surabaya,20,Credit Card,348000
2024-03-01,Lamp M,Home,300000,1,C0023,Jakarta,15,Bank Transfer,255000
2024-03-01,Snack J,Food,35000,1,C0322,Malang,20,Credit Card,28000
2024-03-01,Bag H,Fashion,426000,1,C0790,Solo,5,Bank Transfer,404700
2024-03-01,Headphone C,Electronics,716000,2,C1752,Jakarta,0,E-Wallet,1432000
2024-03-01,Smartphone B,Electronics,4619000,3,C0597,Bandung,5,Bank Transfer,13164150
2024-03-01,Lamp M,Home,296000,1,C0324,Malang,10,Bank Transfer,266400
2024-03-01,Table O,Home,1531000,1,C2119,Bandung,5,Credit Card,1454450
2024-03-01,Coffee I,Food,76000,3,C0067,Bandung,10,E-Wallet,205200
2024-03-01,Lamp M,Home,311000,2,C0138,Solo,0,Credit Card,622000
2024-03-01,Monitor D,Electronics,2507000,2,C0041,Surabaya,0,COD,5014000
2024-03-01,Snack J,Food,35000,3,C1209,Jakarta,10,Credit Card,94500
2024-03-01,Chair N,Home,859000,1,C0271,Jakarta,5,Bank Transfer,816050
2024-03-01,T-Shirt G,Fashion,250000,4,C0438,Jakarta,0,Credit Card,1000000
2024-03-01,T-Shirt G,Fashion,228000,1,C2133,Semarang,15,Credit Card,193800
2024-03-01,Headphone C,Electronics,731000,2,C2075,Jakarta,15,E-Wallet,1242700
2024-03-01,Table O,Home,1676000,2,C0231,Semarang,5,E-Wallet,3184400
2024-03-01,Chocolate L,Food,60000,2,C1345,Jakarta,5,Bank Transfer,114000
2024-03-02,Coffee I,Food,81000,4,C0597,Jakarta,10,E-Wallet,291600
2024-03-02,Headphone C,Electronics,806000,1,C2370,Jakarta,15,Credit Card,685100
2024-03-02,Bag H,Fashion,431000,2,C1477,Bandung,15,E-Wallet,732700
2024-03-02,Jacket F,Fashion,539000,3,C1339,Bandung,10,Bank Transfer,1455300
2024-03-02,Lamp M,Home,309000,1,C1362,Jakarta,0,Credit Card,309000
2024-03-02,Chair N,Home,846000,4,C2325,Jakarta,0,E-Wallet,3384000
2024-03-02,Jacket F,Fashion,530000,2,C1241,Surabaya,0,Bank Transfer,1060000
2024-03-02,Shoes E,Fashion,675000,1,C0460,Solo,10,Bank Transfer,607500
2024-03-02,Smartphone B,Electronics,5166000,1,C1794,Bandung,10,COD,4649400
2024-03-02,Snack J,Food,35000,4,C1901,Yogyakarta,5,Credit Card,133000
2024-03-02,Bag H,Fashion,462000,5,C2389,Jakarta,10,Bank Transfer,2079000
2024-03-02,Snack J,Food,35000,1,C0006,Surabaya,0,Bank Transfer,35000
2024-03-02,Table O,Home,1356000,1,C2106,Jakarta,15,Bank Transfer,1152600
2024-03-03,Headphone C,Electronics,769000,1,C0174,Semarang,15,E-Wallet,653650
2024-03-03,Laptop A,Electronics,8529000,3,C2153,Semarang,10,Bank Transfer,23028300
2024-03-03,T-Shirt G,Fashion,258000,3,C2036,Bandung,5,Bank Transfer,735300
2024-03-03,Pillow P,Home,180000,1,C2158,Semarang,15,Credit Card,153000
2024-03-03,Laptop A,Electronics,8999000,1,C2055,Semarang,5,COD,8549050
2024-03-03,Lamp M,Home,280000,1,C1864,Jakarta,10,COD,252000
2024-03-03,T-Shirt G,Fashion,257000,2,C1230,Jakarta,15,E-Wallet,436900
2024-03-03,Shoes E,Fashion,672000,2,C0654,Surabaya,5,E-Wallet,1276800
2024-03-03,T-Shirt G,Fashion,253000,3,C2365,Semarang,0,Bank Transfer,759000
2024-03-03,Table O,Home,1486000,5,C0877,Semarang,0,Credit Card,7430000
2024-03-03,Lamp M,Home,307000,1,C0606,Bandung,10,Credit Card,276300
2024-03-03,Shoes E,Fashion,647000,3,C1103,Jakarta,15,Bank Transfer,1649850
2024-03-03,Snack J,Food,33000,2,C0724,Surabaya,0,Credit Card,66000
2024-03-03,Snack J,Food,36000,1,C0703,Jakarta,10,Bank Transfer,32400
2024-03-04,Snack J,Food,36000,2,C1013,Surabaya,5,Credit Card,68400
2024-03-04,T-Shirt G,Fashion,262000,2,C0496,Jakarta,0,Bank Transfer,524000
2024-03-04,Pillow P,Home,175000,4,C0206,Surabaya,0,Bank Transfer,700000
2024-03-04,Coffee I,Food,74000,2,C0698,Jakarta,10,Bank Transfer,133200
2024-03-04,Bag H,Fashion,466000,3,C0357,Jakarta,0,E-Wallet,1398000
2024-03-04,Shoes E,Fashion,654000,5,C1896,Jakarta,5,Bank Transfer,3106500
2024-03-04,Jacket F,Fashion,562000,1,C2194,Solo,10,E-Wallet,505800
2024-03-04,Laptop A,Electronics,8594000,1,C0996,Jakarta,10,E-Wallet,7734600
2024-03-04,Jacket F,Fashion,538000,1,C1548,Malang,0,Bank Transfer,538000
2024-03-04,T-Shirt G,Fashion,254000,4,C1102,Malang,15,E-Wallet,863600
2024-03-04,Jacket F,Fashion,529000,4,C1881,Jakarta,15,Credit Card,1798600
2024-03-04,Chocolate L,Food,57000,2,C1283,Surabaya,10,Bank Transfer,102600
2024-03-04,Headphone C,Electronics,761000,1,C2365,Surabaya,15,Bank Transfer,646850
2024-03-04,Monitor D,Electronics,2383000,4,C1220,Surabaya,0,Credit Card,9532000
2024-03-04,Laptop A,Electronics,8355000,1,C1250,Surabaya,10,E-Wallet,7519500
2024-03-04,Coffee I,Food,73000,1,C1727,Yogyakarta,0,E-Wallet,73000
2024-03-04,Chair N,Home,857000,1,C1367,Jakarta,20,Credit Card,685600
2024-03-04,Shoes E,Fashion,675000,1,C0280,Surabaya,10,Bank Transfer,607500
2024-03-05,Tea K,Food,54000,1,C0332,Surabaya,5,COD,51300
2024-03-05,Tea K,Food,52000,1,C0858,Jakarta,15,Credit Card,44200
2024-03-05,Bag H,Fashion,468000,3,C1892,Jakarta,15,COD,1193400
2024-03-05,Bag H,Fashion,455000,1,C1650,Semarang,0,E-Wallet,455000
2024-03-05,Jacket F,Fashion,549000,1,C1283,Semarang,0,COD,549000
2024-03-05,T-Shirt G,Fashion,235000,2,C2095,Jakarta,0,Credit Card,470000
2024-03-05,Chair N,Home,949000,1,C0012,Surabaya,0,E-Wallet,949000
2024-03-05,Table O,Home,1480000,1,C0800,Surabaya,20,E-Wallet,1184000
2024-03-05,Coffee I,Food,76000,1,C0387,Jakarta,5,Credit Card,72200
2024-03-05,Jacket F,Fashion,564000,2,C0267,Surabaya,10,E-Wallet,1015200
2024-03-05,Bag H,Fashion,459000,2,C1636,Surabaya,20,E-Wallet,734400
2024-03-05,Smartphone B,Electronics,4897000,3,C1165,Surabaya,15,E-Wallet,12487350
2024-03-05,Jacket F,Fashion,571000,1,C1866,Surabaya,10,E-Wallet,513900
2024-03-05,Headphone C,Electronics,739000,2,C0987,Yogyakarta,0,Bank Transfer,1478000
2024-03-06,Coffee I,Food,73000,4,C0742,Jakarta,20,Credit Card,233600
2024-03-06,Laptop A,Electronics,8883000,3,C1818,Solo,20,Bank Transfer,21319200
2024-03-06,T-Shirt G,Fashion,242000,1,C1668,Semarang,15,COD,205700
2024-03-06,Laptop A,Electronics,8623000,2,C0207,Jakarta,15,Bank Transfer,14659100
2024-03-06,Headphone C,Electronics,797000,2,C0984,Surabaya,0,COD,1594000
2024-03-06,Laptop A,Electronics,8380000,1,C2256,Surabaya,0,E-Wallet,8380000
2024-03-06,Smartphone B,Electronics,4924000,1,C0603,Yogyakarta,0,Credit Card,4924000
2024-03-06,Bag H,Fashion,436000,4,C1415,Jakarta,0,E-Wallet,1744000
2024-03-06,Chair N,Home,876000,2,C0353,Semarang,15,E-Wallet,1489200
2024-03-06,Jacket F,Fashion,570000,2,C1972,Bandung,0,Bank Transfer,1140000
2024-03-06,Jacket F,Fashion,566000,2,C2258,Malang,5,Bank Transfer,1075400
2024-03-06,Pillow P,Home,184000,2,C1774,Semarang,0,Credit Card,368000
2024-03-06,Smartphone B,Electronics,4921000,1,C0381,Solo,0,Bank Transfer,4921000
2024-03-06,Headphone C,Electronics,740000,1,C1477,Jakarta,0,Bank Transfer,740000
2024-03-06,Pillow P,Home,175000,1,C0561,Bandung,0,Bank Transfer,175000
2024-03-06,Monitor D,Electronics,2476000,1,C0918,Jakarta,0,COD,2476000
2024-03-06,Chocolate L,Food,58000,4,C2458,Surabaya,15,Credit Card,197200
2024-03-07,T-Shirt G,Fashion,233000,1,C2452,Bandung,10,Bank Transfer,209700
2024-03-07,Pillow P,Home,184000,5,C2397,Jakarta,10,Credit Card,828000
2024-03-07,Chair N,Home,908000,3,C1573,Jakarta,0,Credit Card,2724000
2024-03-07,Chocolate L,Food,55000,2,C0644,Semarang,10,E-Wallet,99000
2024-03-07,Coffee I,Food,74000,1,C1815,Yogyakarta,0,Bank Transfer,74000
2024-03-07,Chair N,Home,988000,2,C0596,Yogyakarta,0,Bank Transfer,1976000
2024-03-07,Snack J,Food,35000,3,C0270,Jakarta,5,Credit Card,99750
2024-03-07,Monitor D,Electronics,2465000,1,C0712,Jakarta,5,COD,2341750
2024-03-07,Chocolate L,Food,60000,2,C1398,Surabaya,0,COD,120000
2024-03-07,T-Shirt G,Fashion,240000,2,C1007,Jakarta,20,E-Wallet,384000
2024-03-07,Tea K,Food,50000,2,C0296,Malang,5,Credit Card,95000
2024-03-07,Tea K,Food,49000,1,C0166,Solo,10,E-Wallet,44100
2024-03-07,Pillow P,Home,185000,1,C1834,Surabaya,0,Bank Transfer,185000
2024-03-07,Headphone C,Electronics,728000,1,C2447,Semarang,20,Credit Card,582400
2024-03-07,Chocolate L,Food,59000,1,C1549,Surabaya,0,Bank Transfer,59000
2024-03-07,T-Shirt G,Fashion,265000,4,C2070,Semarang,15,Bank Transfer,901000
2024-03-07,Table O,Home,1406000,4,C2036,Malang,15,Bank Transfer,4780400
2024-03-08,Chocolate L,Food,65000,2,C0645,Semarang,5,COD,123500
2024-03-08,Headphone C,Electronics,749000,3,C0599,Yogyakarta,5,Bank Transfer,2134650
2024-03-08,Lamp M,Home,296000,2,C2357,Jakarta,10,E-Wallet,532800
2024-03-08,Table O,Home,1529000,1,C0620,Surabaya,0,E-Wallet,1529000
2024-03-08,Chair N,Home,880000,2,C0367,Jakarta,0,Credit Card,1760000
2024-03-08,Snack J,Food,36000,2,C2132,Bandung,10,E-Wallet,64800
2024-03-08,Headphone C,Electronics,761000,1,C0648,Malang,0,E-Wallet,761000
2024-03-08,Bag H,Fashion,452000,1,C1445,Malang,0,Bank Transfer,452000
2024-03-08,Monitor D,Electronics,2410000,3,C0023,Jakarta,15,Bank Transfer,6145500
2024-03-08,Shoes E,Fashion,648000,1,C1676,Yogyakarta,0,E-Wallet,648000
2024-03-08,Bag H,Fashion,449000,1,C2154,Bandung,5,Credit Card,426550
2024-03-09,Jacket F,Fashion,539000,1,C0011,Bandung,0,COD,539000
2024-03-09,Coffee I,Food,71000,1,C0288,Semarang,0,E-Wallet,71000
2024-03-09,Smartphone B,Electronics,5015000,1,C1335,Bandung,0,Credit Card,5015000
2024-03-09,Snack J,Food,37000,2,C0904,Solo,15,E-Wallet,62900
2024-03-09,Bag H,Fashion,448000,3,C0017,Malang,5,Credit Card,1276800
2024-03-09,Smartphone B,Electronics,4805000,3,C0691,Semarang,15,COD,12252750
2024-03-09,Bag H,Fashion,449000,1,C1556,Surabaya,0,COD,449000
2024-03-09,Smartphone B,Electronics,5368000,1,C0322,Malang,15,Bank Transfer,4562800
2024-03-09,Laptop A,Electronics,8489000,4,C2008,Solo,10,Credit Card,30560400
2024-03-09,Lamp M,Home,304000,1,C1141,Jakarta,0,E-Wallet,304000
2024-03-09,Pillow P,Home,182000,3,C0718,Jakarta,0,Bank Transfer,546000
2024-03-09,Bag H,Fashion,455000,5,C1692,Semarang,0,E-Wallet,2275000
2024-03-09,Smartphone B,Electronics,4889000,2,C2066,Jakarta,15,COD,8311300
2024-03-09,Lamp M,Home,289000,1,C1223,Surabaya,10,E-Wallet,260100
2024-03-09,Tea K,Food,49000,1,C0112,Semarang,5,E-Wallet,46550
2024-03-09,Laptop A,Electronics,8121000,1,C1178,Semarang,5,Bank Transfer,7714950
2024-03-09,Tea K,Food,49000,2,C2068,Solo,0,COD,98000
2024-03-09,Chocolate L,Food,65000,1,C0983,Surabaya,15,COD,55250
2024-03-09,Pillow P,Home,180000,3,C1156,Jakarta,5,Credit Card,513000
2024-03-10,Smartphone B,Electronics,5118000,1,C0561,Semarang,10,E-Wallet,4606200
2024-03-10,Smartphone B,Electronics,4916000,1,C0806,Bandung,15,Credit Card,4178600
2024-03-10,Lamp M,Home,284000,1,C1930,Yogyakarta,0,COD,284000
2024-03-10,Coffee I,Food,75000,1,C1319,Bandung,0,E-Wallet,75000
2024-03-10,Laptop A,Electronics,8873000,1,C0957,Surabaya,0,Credit Card,8873000
2024-03-10,Snack J,Food,35000,5,C1893,Jakarta,0,Bank Transfer,175000
2024-03-10,Laptop A,Electronics,8396000,3,C2402,Jakarta,10,COD,22669200
2024-03-10,Headphone C,Electronics,781000,2,C0999,Jakarta,0,E-Wallet,1562000
2024-03-10,Bag H,Fashion,452000,4,C0546,Bandung,10,E-Wallet,1627200
2024-03-10,Bag H,Fashion,451000,2,C2121,Yogyakarta,10,E-Wallet,811800
2024-03-10,Monitor D,Electronics,2710000,2,C2001,Surabaya,5,E-Wallet,5149000
2024-03-10,Laptop A,Electronics,8260000,1,C1446,Jakarta,0,Bank Transfer,8260000
2024-03-11,Bag H,Fashion,469000,3,C1054,Yogyakarta,0,Bank Transfer,1407000
2024-03-11,Snack J,Food,36000,4,C1923,Bandung,0,E-Wallet,144000
2024-03-11,Chocolate L,Food,65000,2,C0799,Yogyakarta,10,Credit Card,117000
2024-03-11,Headphone C,Electronics,765000,1,C2189,Jakarta,0,E-Wallet,765000
2024-03-11,Laptop A,Electronics,8546000,2,C0371,Bandung,5,COD,16237400
2024-03-11,Shoes E,Fashion,630000,3,C2405,Semarang,5,COD,1795500
2024-03-11,T-Shirt G,Fashion,242000,1,C0153,Bandung,15,Credit Card,205700
2024-03-11,Table O,Home,1470000,2,C1931,Semarang,10,Bank Transfer,2646000
2024-03-11,Chocolate L,Food,59000,2,C0804,Jakarta,0,Bank Transfer,118000
2024-03-11,T-Shirt G,Fashion,244000,4,C2142,Bandung,0,E-Wallet,976000
2024-03-11,Coffee I,Food,74000,4,C1834,Malang,0,Credit Card,296000
2024-03-11,Pillow P,Home,181000,5,C0776,Surabaya,5,Credit Card,859750
2024-03-11,Monitor D,Electronics,2446000,1,C1941,Jakarta,10,E-Wallet,2201400
2024-03-11,Smartphone B,Electronics,5229000,1,C0335,Yogyakarta,5,Bank Transfer,4967550
2024-03-11,Bag H,Fashion,467000,4,C1487,Semarang,10,Credit Card,1681200
2024-03-12,Jacket F,Fashion,573000,1,C0844,Semarang,0,COD,573000
2024-03-12,Table O,Home,1524000,2,C0468,Semarang,0,Bank Transfer,3048000
2024-03-12,Coffee I,Food,77000,1,C1092,Semarang,5,COD,73150
2024-03-12,T-Shirt G,Fashion,266000,1,C0478,Surabaya,10,Credit Card,239400
2024-03-12,Smartphone B,Electronics,5270000,2,C0061,Bandung,10,Bank Transfer,9486000
2024-03-12,Laptop A,Electronics,8295000,2,C0908,Surabaya,15,E-Wallet,14101500
2024-03-12,Table O,Home,1465000,1,C0708,Bandung,15,COD,1245250
2024-03-12,Laptop A,Electronics,8728000,1,C2157,Jakarta,5,E-Wallet,8291600
2024-03-12,T-Shirt G,Fashion,258000,3,C0050,Solo,0,Credit Card,774000
2024-03-12,Tea K,Food,48000,1,C1692,Surabaya,10,Credit Card,43200
2024-03-12,Monitor D,Electronics,2477000,1,C0288,Jakarta,20,COD,1981600
2024-03-12,Pillow P,Home,190000,1,C2351,Solo,15,Bank Transfer,161500
2024-03-12,Monitor D,Electronics,2305000,1,C1071,Bandung,10,COD,2074500
2024-03-12,Tea K,Food,54000,1,C1552,Surabaya,10,COD,48600
2024-03-12,Headphone C,Electronics,703000,1,C0049,Bandung,15,Bank Transfer,597550
2024-03-12,Laptop A,Electronics,7905000,2,C0941,Yogyakarta,5,Bank Transfer,15019500
2024-03-12,Bag H,Fashion,422000,1,C0054,Malang,5,E-Wallet,400900
2024-03-12,Pillow P,Home,168000,1,C0364,Jakarta,0,Bank Transfer,168000
2024-03-13,Headphone C,Electronics,770000,2,C0638,Surabaya,10,COD,1386000
2024-03-13,Laptop A,Electronics,8163000,2,C1952,Bandung,0,Bank Transfer,16326000
2024-03-13,Coffee I,Food,77000,5,C2451,Bandung,0,COD,385000
2024-03-13,Table O,Home,1521000,1,C0192,Jakarta,0,Credit Card,1521000
2024-03-13,Coffee I,Food,74000,2,C1288,Bandung,15,Credit Card,125800
2024-03-13,Smartphone B,Electronics,4846000,2,C0963,Semarang,5,E-Wallet,9207400
2024-03-13,Snack J,Food,34000,2,C1503,Yogyakarta,15,Bank Transfer,57800
2024-03-13,Snack J,Food,34000,4,C1201,Surabaya,10,Bank Transfer,122400
2024-03-13,Shoes E,Fashion,682000,4,C0532,Jakarta,5,E-Wallet,2591600
2024-03-13,Headphone C,Electronics,739000,3,C0538,Jakarta,15,Credit Card,1884450
2024-03-13,Smartphone B,Electronics,5279000,1,C0092,Semarang,0,E-Wallet,5279000
2024-03-13,Table O,Home,1478000,3,C1917,Jakarta,10,Bank Transfer,3990600
2024-03-13,Monitor D,Electronics,2364000,1,C0842,Yogyakarta,10,Credit Card,2127600
2024-03-13,Headphone C,Electronics,749000,1,C0185,Yogyakarta,15,COD,636650
2024-03-13,Snack J,Food,35000,2,C2494,Yogyakarta,0,COD,70000
2024-03-13,Headphone C,Electronics,721000,4,C0319,Malang,0,Credit Card,2884000
2024-03-13,Headphone C,Electronics,765000,2,C1012,Jakarta,10,Credit Card,1377000
2024-03-13,Chair N,Home,893000,2,C1092,Bandung,5,COD,1696700
2024-03-13,Table O,Home,1468000,3,C0084,Solo,5,E-Wallet,4183800
2024-03-13,Pillow P,Home,170000,3,C0764,Jakarta,5,Bank Transfer,484500
2024-03-14,Shoes E,Fashion,594000,5,C2471,Jakarta,15,Credit Card,2524500
2024-03-14,T-Shirt G,Fashion,246000,2,C1310,Semarang,10,Bank Transfer,442800
2024-03-14,Smartphone B,Electronics,5139000,4,C2206,Malang,0,E-Wallet,20556000
2024-03-14,Headphone C,Electronics,733000,1,C2172,Solo,10,Credit Card,659700
2024-03-14,Snack J,Food,34000,1,C1331,Yogyakarta,5,Credit Card,32300
2024-03-14,Bag H,Fashion,458000,1,C2274,Semarang,5,Bank Transfer,435100
2024-03-14,Smartphone B,Electronics,5208000,3,C0003,Jakarta,15,Credit Card,13280400
2024-03-14,Monitor D,Electronics,2536000,1,C2390,Jakarta,10,E-Wallet,2282400
2024-03-14,Tea K,Food,47000,2,C0798,Jakarta,0,Bank Transfer,94000
2024-03-14,Coffee I,Food,77000,1,C2177,Jakarta,0,E-Wallet,77000
2024-03-15,Jacket F,Fashion,539000,2,C0530,Jakarta,0,Credit Card,1078000
2024-03-15,Table O,Home,1538000,2,C0976,Semarang,0,E-Wallet,3076000
2024-03-15,Tea K,Food,49000,2,C1822,Surabaya,0,COD,98000
2024-03-15,Chocolate L,Food,60000,2,C1413,Semarang,5,COD,114000
2024-03-15,Laptop A,Electronics,7753000,2,C2408,Malang,0,E-Wallet,15506000
2024-03-15,Chocolate L,Food,64000,4,C0426,Surabaya,0,Credit Card,256000
2024-03-15,Lamp M,Home,291000,3,C2145,Yogyakarta,10,COD,785700
2024-03-15,Jacket F,Fashion,535000,3,C2131,Yogyakarta,10,Bank Transfer,1444500
2024-03-15,Bag H,Fashion,456000,5,C1108,Jakarta,0,Credit Card,2280000
2024-03-15,Shoes E,Fashion,623000,3,C1246,Yogyakarta,0,E-Wallet,1869000
2024-03-15,Lamp M,Home,300000,5,C0137,Surabaya,0,Credit Card,1500000
2024-03-15,Tea K,Food,51000,4,C1054,Bandung,5,E-Wallet,193800
2024-03-15,Coffee I,Food,75000,2,C2378,Yogyakarta,0,Credit Card,150000
2024-03-15,Tea K,Food,53000,1,C0904,Yogyakarta,5,Bank Transfer,50350
2024-03-15,Shoes E,Fashion,633000,3,C1478,Yogyakarta,0,Bank Transfer,1899000
2024-03-15,Tea K,Food,51000,4,C2052,Bandung,10,COD,183600
2024-03-15,Coffee I,Food,79000,1,C0987,Bandung,5,COD,75050
2024-03-15,Pillow P,Home,166000,2,C0048,Jakarta,0,E-Wallet,332000
2024-03-15,Coffee I,Food,76000,3,C1414,Surabaya,5,Credit Card,216600
2024-03-16,Lamp M,Home,317000,3,C1666,Bandung,5,Credit Card,903450
2024-03-16,Headphone C,Electronics,722000,2,C0620,Surabaya,15,E-Wallet,1227400
2024-03-16,Pillow P,Home,187000,2,C0101,Jakarta,15,E-Wallet,317900
2024-03-16,Headphone C,Electronics,741000,4,C0905,Solo,15,Bank Transfer,2519400
2024-03-16,Table O,Home,1567000,2,C1834,Semarang,0,Bank Transfer,3134000
2024-03-16,Coffee I,Food,70000,2,C1951,Surabaya,0,Bank Transfer,140000
2024-03-16,Jacket F,Fashion,516000,1,C1795,Surabaya,0,E-Wallet,516000
2024-03-16,Chair N,Home,810000,5,C1253,Semarang,0,COD,4050000
2024-03-16,T-Shirt G,Fashion,257000,3,C2039,Bandung,0,E-Wallet,771000
2024-03-16,Pillow P,Home,183000,2,C1123,Solo,15,E-Wallet,311100
2024-03-16,Bag H,Fashion,476000,2,C2411,Malang,15,Bank Transfer,809200
2024-03-16,Headphone C,Electronics,732000,1,C1648,Semarang,10,E-Wallet,658800
2024-03-16,T-Shirt G,Fashion,255000,1,C1330,Semarang,5,E-Wallet,242250
2024-03-16,Chocolate L,Food,64000,2,C0018,Solo,10,Bank Transfer,115200
2024-03-16,Chocolate L,Food,66000,1,C0557,Solo,0,COD,66000
2024-03-16,Table O,Home,1458000,1,C2368,Yogyakarta,10,Credit Card,1312200
2024-03-16,Jacket F,Fashion,521000,4,C0528,Semarang,5,Credit Card,1979800
2024-03-16,Snack J,Food,37000,1,C0665,Bandung,0,E-Wallet,37000
2024-03-17,Headphone C,Electronics,742000,2,C2182,Bandung,15,E-Wallet,1261400
2024-03-17,Coffee I,Food,71000,4,C0608,Jakarta,5,Credit Card,269800
2024-03-17,Chair N,Home,847000,1,C1689,Jakarta,10,Credit Card,762300
2024-03-17,Chocolate L,Food,60000,3,C1045,Semarang,15,E-Wallet,153000
2024-03-17,Lamp M,Home,291000,4,C1408,Solo,5,COD,1105800
2024-03-17,Jacket F,Fashion,527000,4,C1106,Semarang,15,Credit Card,1791800
2024-03-17,Lamp M,Home,313000,1,C1153,Bandung,20,Credit Card,250400
2024-03-17,Chocolate L,Food,61000,2,C0528,Yogyakarta,5,E-Wallet,115900
2024-03-18,Chocolate L,Food,62000,1,C0897,Jakarta,5,Bank Transfer,58900
2024-03-18,Snack J,Food,35000,1,C1652,Jakarta,5,E-Wallet,33250
2024-03-18,Jacket F,Fashion,562000,1,C1059,Jakarta,15,COD,477700
2024-03-18,Snack J,Food,34000,1,C1210,Bandung,15,E-Wallet,28900
2024-03-18,Coffee I,Food,76000,1,C2043,Bandung,10,COD,68400
2024-03-18,Lamp M,Home,308000,2,C2128,Bandung,20,Bank Transfer,492800
2024-03-18,Tea K,Food,51000,3,C0426,Semarang,5,COD,145350
2024-03-18,Table O,Home,1522000,3,C1080,Solo,15,E-Wallet,3881100
2024-03-18,Headphone C,Electronics,775000,1,C0329,Bandung,0,COD,775000
2024-03-18,Lamp M,Home,311000,3,C1698,Bandung,15,Credit Card,793050
2024-03-18,Jacket F,Fashion,514000,4,C1589,Surabaya,15,E-Wallet,1747600
2024-03-18,Jacket F,Fashion,550000,1,C0132,Bandung,0,COD,550000
2024-03-18,Smartphone B,Electronics,5245000,2,C1810,Solo,0,E-Wallet,10490000
2024-03-18,Snack J,Food,34000,1,C2013,Jakarta,0,COD,34000
2024-03-18,Chair N,Home,949000,2,C1176,Surabaya,15,E-Wallet,1613300
2024-03-18,Laptop A,Electronics,8214000,1,C1697,Yogyakarta,10,COD,7392600
2024-03-18,Lamp M,Home,323000,2,C1094,Semarang,0,Credit Card,646000
2024-03-19,Chocolate L,Food,59000,2,C0922,Malang,15,COD,100300
2024-03-19,Laptop A,Electronics,8139000,2,C1243,Surabaya,20,E-Wallet,13022400
2024-03-19,Laptop A,Electronics,8308000,1,C0551,Surabaya,0,E-Wallet,8308000
2024-03-19,Bag H,Fashion,440000,2,C1759,Yogyakarta,5,Bank Transfer,836000
2024-03-19,Laptop A,Electronics,8523000,1,C1297,Jakarta,20,Bank Transfer,6818400
2024-03-19,Table O,Home,1479000,2,C1756,Jakarta,0,Credit Card,2958000
2024-03-19,Shoes E,Fashion,647000,1,C0893,Malang,5,Bank Transfer,614650
2024-03-19,Coffee I,Food,80000,2,C0137,Jakarta,0,Credit Card,160000
2024-03-19,Jacket F,Fashion,570000,4,C1302,Yogyakarta,5,COD,2166000
2024-03-19,Monitor D,Electronics,2457000,2,C0355,Surabaya,0,E-Wallet,4914000
2024-03-19,Shoes E,Fashion,642000,1,C1739,Jakarta,10,E-Wallet,577800
2024-03-19,Headphone C,Electronics,772000,2,C1787,Surabaya,0,Bank Transfer,1544000
2024-03-19,Monitor D,Electronics,2450000,1,C1246,Semarang,15,E-Wallet,2082500
2024-03-19,Chocolate L,Food,58000,1,C2242,Semarang,5,E-Wallet,55100
2024-03-19,Snack J,Food,36000,1,C1483,Bandung,10,E-Wallet,32400
2024-03-19,Chair N,Home,927000,5,C1757,Semarang,0,E-Wallet,4635000
2024-03-19,Headphone C,Electronics,743000,2,C2130,Yogyakarta,15,E-Wallet,1263100
2024-03-20,Coffee I,Food,75000,2,C1307,Jakarta,10,E-Wallet,135000
2024-03-20,Bag H,Fashion,463000,1,C1228,Bandung,15,Bank Transfer,393550
2024-03-20,Chair N,Home,943000,3,C0662,Jakarta,20,E-Wallet,2263200
2024-03-20,Pillow P,Home,177000,1,C1022,Bandung,5,E-Wallet,168150
2024-03-20,Bag H,Fashion,469000,1,C1884,Solo,15,COD,398650
2024-03-20,Pillow P,Home,165000,2,C1256,Malang,5,E-Wallet,313500
2024-03-20,T-Shirt G,Fashion,255000,1,C1058,Jakarta,0,Credit Card,255000
2024-03-20,Tea K,Food,50000,1,C1497,Malang,15,E-Wallet,42500
2024-03-20,T-Shirt G,Fashion,238000,2,C0900,Bandung,0,COD,476000
2024-03-20,Jacket F,Fashion,526000,1,C1564,Semarang,15,E-Wallet,447100
2024-03-20,Headphone C,Electronics,772000,2,C1309,Solo,10,Bank Transfer,1389600
2024-03-20,Chair N,Home,833000,3,C1888,Jakarta,10,Credit Card,2249100
2024-03-20,Table O,Home,1494000,1,C0717,Surabaya,5,Bank Transfer,1419300
2024-03-20,Shoes E,Fashion,683000,1,C1011,Semarang,10,Credit Card,614700
2024-03-20,Pillow P,Home,170000,1,C1164,Yogyakarta,0,Credit Card,170000
2024-03-21,Pillow P,Home,187000,5,C2102,Jakarta,15,E-Wallet,794750
2024-03-21,Bag H,Fashion,445000,3,C1192,Jakarta,0,E-Wallet,1335000
2024-03-21,Coffee I,Food,71000,1,C0075,Solo,0,Credit Card,71000
2024-03-21,Lamp M,Home,310000,2,C2335,Semarang,0,Credit Card,620000
2024-03-21,Monitor D,Electronics,2489000,2,C2014,Surabaya,0,Bank Transfer,4978000
2024-03-21,Table O,Home,1597000,1,C1609,Bandung,15,E-Wallet,1357450
2024-03-21,Coffee I,Food,70000,1,C0472,Yogyakarta,10,Credit Card,63000
2024-03-21,Smartphone B,Electronics,5100000,3,C0530,Malang,15,E-Wallet,13005000
2024-03-21,Headphone C,Electronics,702000,1,C2134,Malang,5,Credit Card,666900
2024-03-21,Jacket F,Fashion,578000,5,C1976,Solo,5,E-Wallet,2745500
2024-03-21,Jacket F,Fashion,552000,2,C0984,Malang,15,Bank Transfer,938400
2024-03-21,Table O,Home,1501000,2,C0788,Malang,10,COD,2701800
2024-03-22,Table O,Home,1560000,2,C1695,Yogyakarta,5,Bank Transfer,2964000
2024-03-22,Chocolate L,Food,61000,2,C2071,Semarang,15,Credit Card,103700
2024-03-22,Chair N,Home,892000,5,C0884,Jakarta,0,E-Wallet,4460000
2024-03-22,Headphone C,Electronics,776000,1,C0326,Surabaya,0,E-Wallet,776000
2024-03-22,Coffee I,Food,78000,3,C2453,Semarang,5,E-Wallet,222300
2024-03-22,Lamp M,Home,288000,1,C1262,Solo,5,E-Wallet,273600
2024-03-22,Chocolate L,Food,60000,3,C2224,Surabaya,0,E-Wallet,180000
2024-03-22,Smartphone B,Electronics,5348000,1,C0912,Jakarta,0,Credit Card,5348000
2024-03-22,Jacket F,Fashion,588000,2,C1521,Malang,0,Bank Transfer,1176000
2024-03-22,Headphone C,Electronics,718000,2,C1340,Semarang,0,Credit Card,1436000
2024-03-22,Shoes E,Fashion,640000,1,C1004,Bandung,10,COD,576000
2024-03-22,Bag H,Fashion,453000,1,C1852,Solo,10,E-Wallet,407700
2024-03-22,Pillow P,Home,184000,1,C0464,Jakarta,10,Credit Card,165600
2024-03-22,Shoes E,Fashion,638000,2,C0487,Yogyakarta,15,E-Wallet,1084600
2024-03-22,Coffee I,Food,73000,3,C0263,Semarang,10,Credit Card,197100
2024-03-22,Laptop A,Electronics,8774000,1,C2277,Malang,20,E-Wallet,7019200
2024-03-23,Laptop A,Electronics,8030000,1,C1996,Jakarta,10,Credit Card,7227000
2024-03-23,Chair N,Home,827000,1,C0699,Semarang,15,E-Wallet,702950
2024-03-23,Laptop A,Electronics,8215000,4,C2329,Bandung,15,E-Wallet,27931000
2024-03-23,Tea K,Food,49000,2,C1531,Solo,15,E-Wallet,83300
2024-03-23,Monitor D,Electronics,2547000,2,C2415,Semarang,5,Credit Card,4839300
2024-03-23,Tea K,Food,50000,3,C0094,Jakarta,15,Bank Transfer,127500
2024-03-23,Coffee I,Food,73000,3,C1693,Semarang,15,Bank Transfer,186150
2024-03-23,Bag H,Fashion,461000,1,C1462,Bandung,0,E-Wallet,461000
2024-03-23,Pillow P,Home,196000,2,C1371,Surabaya,10,COD,352800
2024-03-23,Chocolate L,Food,59000,1,C0513,Yogyakarta,5,COD,56050
2024-03-23,Bag H,Fashion,461000,2,C1951,Malang,0,E-Wallet,922000
2024-03-23,Shoes E,Fashion,639000,2,C0875,Bandung,15,Credit Card,1086300
2024-03-23,Jacket F,Fashion,545000,2,C1951,Surabaya,15,Bank Transfer,926500
2024-03-23,Bag H,Fashion,460000,3,C0805,Jakarta,5,Bank Transfer,1311000
2024-03-23,Laptop A,Electronics,8780000,4,C0076,Jakarta,10,E-Wallet,31608000
2024-03-23,T-Shirt G,Fashion,249000,5,C0536,Surabaya,0,Bank Transfer,1245000
2024-03-23,Headphone C,Electronics,746000,2,C2234,Bandung,10,E-Wallet,1342800
2024-03-23,Tea K,Food,50000,1,C1621,Semarang,0,COD,50000
2024-03-23,Jacket F,Fashion,539000,3,C1120,Semarang,0,Bank Transfer,1617000
2024-03-23,Table O,Home,1544000,1,C2390,Surabaya,0,COD,1544000
2024-03-24,Shoes E,Fashion,698000,1,C1884,Surabaya,10,E-Wallet,628200
2024-03-24,Tea K,Food,54000,1,C1407,Jakarta,5,E-Wallet,51300
2024-03-24,Chocolate L,Food,59000,1,C1466,Surabaya,10,Bank Transfer,53100
2024-03-24,Smartphone B,Electronics,5133000,3,C0159,Jakarta,0,E-Wallet,15399000
2024-03-24,Jacket F,Fashion,557000,3,C2428,Semarang,0,E-Wallet,1671000
2024-03-24,Laptop A,Electronics,9088000,3,C2407,Bandung,15,Credit Card,23174400
2024-03-24,Snack J,Food,34000,2,C1730,Jakarta,10,Credit Card,61200
2024-03-24,Headphone C,Electronics,818000,2,C2365,Surabaya,0,E-Wallet,1636000
2024-03-24,Headphone C,Electronics,779000,1,C2029,Solo,5,E-Wallet,740050
2024-03-24,Jacket F,Fashion,536000,3,C2168,Solo,0,Bank Transfer,1608000
2024-03-24,Laptop A,Electronics,7943000,4,C0141,Bandung,0,Bank Transfer,31772000
2024-03-24,Table O,Home,1522000,1,C1743,Solo,10,Credit Card,1369800
2024-03-24,Laptop A,Electronics,8616000,1,C0338,Semarang,10,Credit Card,7754400
2024-03-25,Shoes E,Fashion,616000,2,C1179,Surabaya,0,E-Wallet,1232000
2024-03-25,Chair N,Home,826000,2,C0848,Jakarta,0,Bank Transfer,1652000
2024-03-25,Chair N,Home,877000,1,C1866,Jakarta,0,E-Wallet,877000
2024-03-25,Bag H,Fashion,475000,1,C2118,Bandung,0,E-Wallet,475000
2024-03-25,Monitor D,Electronics,2581000,2,C0734,Solo,10,E-Wallet,4645800
2024-03-25,Table O,Home,1468000,1,C1142,Surabaya,0,E-Wallet,1468000
2024-03-25,Tea K,Food,49000,1,C1097,Jakarta,10,E-Wallet,44100
2024-03-25,Table O,Home,1587000,2,C0457,Yogyakarta,0,E-Wallet,3174000
2024-03-25,Coffee I,Food,70000,1,C2383,Surabaya,0,Bank Transfer,70000
2024-03-25,Tea K,Food,51000,1,C0321,Bandung,5,E-Wallet,48450
2024-03-25,Lamp M,Home,286000,2,C0783,Jakarta,5,E-Wallet,543400
2024-03-25,Bag H,Fashion,422000,1,C1255,Malang,0,Credit Card,422000
2024-03-25,Jacket F,Fashion,566000,2,C1954,Solo,0,E-Wallet,1132000
2024-03-25,Shoes E,Fashion,605000,1,C2184,Jakarta,0,E-Wallet,605000
2024-03-25,Tea K,Food,50000,1,C1567,Bandung,0,Bank Transfer,50000
2024-03-25,Snack J,Food,35000,1,C0537,Surabaya,15,E-Wallet,29750
2024-03-25,Headphone C,Electronics,729000,2,C0212,Surabaya,0,Bank Transfer,1458000
2024-03-25,T-Shirt G,Fashion,243000,1,C1103,Bandung,20,COD,194400
2024-03-26,Bag H,Fashion,463000,2,C1580,Jakarta,0,E-Wallet,926000
2024-03-26,Pillow P,Home,196000,1,C0024,Surabaya,10,Credit Card,176400
2024-03-26,Bag H,Fashion,425000,4,C2180,Jakarta,10,COD,1530000
2024-03-26,Tea K,Food,51000,4,C0107,Semarang,5,Bank Transfer,193800
2024-03-26,Bag H,Fashion,456000,1,C1516,Semarang,0,Bank Transfer,456000
2024-03-26,Bag H,Fashion,434000,3,C1629,Surabaya,5,Bank Transfer,1236900
2024-03-26,Monitor D,Electronics,2635000,4,C0726,Jakarta,15,E-Wallet,8959000
2024-03-26,Chair N,Home,898000,3,C0459,Yogyakarta,5,Credit Card,2559300
2024-03-26,Smartphone B,Electronics,4850000,4,C0968,Jakarta,15,Credit Card,16490000
2024-03-26,Bag H,Fashion,460000,1,C2452,Bandung,0,E-Wallet,460000
2024-03-26,Pillow P,Home,176000,3,C2456,Malang,10,Credit Card,475200
2024-03-26,Shoes E,Fashion,646000,1,C2203,Surabaya,0,COD,646000
2024-03-26,Shoes E,Fashion,656000,5,C0487,Jakarta,10,Bank Transfer,2952000
2024-03-26,Laptop A,Electronics,8897000,2,C1616,Yogyakarta,5,Credit Card,16904300
2024-03-26,Chair N,Home,908000,1,C0285,Yogyakarta,5,E-Wallet,862600
2024-03-26,Headphone C,Electronics,717000,1,C1957,Semarang,5,E-Wallet,681150
2024-03-26,Pillow P,Home,185000,4,C1141,Malang,10,E-Wallet,666000
2024-03-27,Table O,Home,1359000,1,C0921,Semarang,0,Bank Transfer,1359000
2024-03-27,Jacket F,Fashion,586000,1,C0736,Surabaya,5,Bank Transfer,556700
2024-03-27,Laptop A,Electronics,8369000,1,C1027,Malang,10,Credit Card,7532100
2024-03-27,Table O,Home,1461000,3,C2109,Jakarta,0,E-Wallet,4383000
2024-03-27,Smartphone B,Electronics,5035000,4,C0648,Semarang,0,COD,20140000
2024-03-27,Lamp M,Home,314000,1,C1601,Semarang,10,E-Wallet,282600
2024-03-27,Shoes E,Fashion,642000,2,C0904,Surabaya,15,E-Wallet,1091400
2024-03-27,Jacket F,Fashion,550000,3,C0838,Malang,10,E-Wallet,1485000
2024-03-27,Snack J,Food,35000,2,C1500,Bandung,5,Credit Card,66500
2024-03-27,Shoes E,Fashion,673000,2,C2194,Yogyakarta,5,E-Wallet,1278700
2024-03-27,Smartphone B,Electronics,5098000,1,C1410,Surabaya,0,E-Wallet,5098000
2024-03-28,Shoes E,Fashion,641000,2,C0001,Semarang,0,E-Wallet,1282000
2024-03-28,Jacket F,Fashion,589000,1,C1058,Jakarta,10,E-Wallet,530100
2024-03-28,Lamp M,Home,292000,3,C1330,Surabaya,0,Credit Card,876000
2024-03-28,Shoes E,Fashion,650000,1,C1842,Jakarta,15,E-Wallet,552500
2024-03-28,Coffee I,Food,71000,1,C0082,Bandung,0,Bank Transfer,71000
2024-03-28,Laptop A,Electronics,8477000,1,C0431,Malang,0,Credit Card,8477000
2024-03-28,Smartphone B,Electronics,5164000,3,C1478,Semarang,0,Credit Card,15492000
2024-03-28,Table O,Home,1367000,2,C1158,Jakarta,0,E-Wallet,2734000
2024-03-28,Table O,Home,1525000,1,C2267,Surabaya,20,COD,1220000
2024-03-28,Tea K,Food,51000,4,C2264,Bandung,10,Credit Card,183600
2024-03-28,Laptop A,Electronics,8606000,4,C2487,Semarang,10,E-Wallet,30981600
2024-03-28,Smartphone B,Electronics,5001000,2,C2169,Surabaya,0,Bank Transfer,10002000
2024-03-29,Coffee I,Food,76000,3,C1124,Jakarta,10,Bank Transfer,205200
2024-03-29,T-Shirt G,Fashion,264000,2,C0149,Surabaya,15,Bank Transfer,448800
2024-03-29,Laptop A,Electronics,7997000,3,C1405,Jakarta,20,COD,19192800
2024-03-29,Shoes E,Fashion,640000,3,C0124,Surabaya,15,E-Wallet,1632000
2024-03-29,Laptop A,Electronics,8552000,2,C0647,Jakarta,0,Bank Transfer,17104000
2024-03-29,Table O,Home,1528000,3,C0110,Surabaya,5,E-Wallet,4354800
2024-03-29,T-Shirt G,Fashion,240000,1,C2053,Jakarta,5,Credit Card,228000
2024-03-29,T-Shirt G,Fashion,242000,1,C0806,Semarang,10,E-Wallet,217800
2024-03-29,Smartphone B,Electronics,5285000,2,C0337,Solo,0,E-Wallet,10570000
2024-03-29,Lamp M,Home,304000,1,C2412,Solo,5,Credit Card,288800
2024-03-29,Monitor D,Electronics,2582000,5,C0464,Surabaya,15,Bank Transfer,10973500
2024-03-29,Shoes E,Fashion,614000,1,C2270,Semarang,5,E-Wallet,583300
2024-03-29,Tea K,Food,49000,2,C0809,Malang,15,COD,83300
2024-03-29,Laptop A,Electronics,8773000,1,C0375,Yogyakarta,10,Bank Transfer,7895700
2024-03-29,Shoes E,Fashion,619000,1,C2237,Surabaya,0,E-Wallet,619000
2024-03-29,Lamp M,Home,302000,1,C0321,Malang,0,E-Wallet,302000
2024-03-29,Coffee I,Food,80000,1,C0034,Surabaya,0,E-Wallet,80000
2024-03-29,Coffee I,Food,73000,1,C0740,Jakarta,0,Bank Transfer,73000
2024-03-29,Headphone C,Electronics,806000,4,C1537,Bandung,5,Bank Transfer,3062800
2024-03-29,Chocolate L,Food,59000,1,C2446,Jakarta,5,E-Wallet,56050
2024-03-29,Headphone C,Electronics,754000,2,C0893,Surabaya,20,E-Wallet,1206400
2024-03-30,Chair N,Home,892000,1,C1614,Jakarta,0,E-Wallet,892000
2024-03-30,T-Shirt G,Fashion,240000,2,C0958,Jakarta,5,E-Wallet,456000
2024-03-30,Laptop A,Electronics,8751000,2,C1893,Bandung,5,COD,16626900
2024-03-30,Smartphone B,Electronics,5097000,2,C0698,Jakarta,0,Credit Card,10194000
2024-03-30,Lamp M,Home,296000,1,C1569,Malang,10,E-Wallet,266400
2024-03-30,Coffee I,Food,69000,3,C0246,Semarang,5,COD,196650
2024-03-30,Coffee I,Food,77000,1,C1394,Semarang,0,E-Wallet,77000
2024-03-30,Monitor D,Electronics,2560000,3,C0093,Jakarta,10,Credit Card,6912000
2024-03-30,Chair N,Home,883000,1,C0020,Jakarta,5,Credit Card,838850
2024-03-30,Table O,Home,1550000,1,C1784,Yogyakarta,15,Credit Card,1317500
2024-03-30,Chocolate L,Food,58000,4,C0828,Solo,0,Bank Transfer,232000
2024-03-30,Table O,Home,1537000,3,C1853,Bandung,10,Bank Transfer,4149900
2024-03-30,Chocolate L,Food,61000,1,C1655,Jakarta,0,Bank Transfer,61000
2024-03-30,Table O,Home,1425000,1,C1207,Jakarta,10,Bank Transfer,1282500
2024-03-31,Coffee I,Food,70000,3,C1553,Semarang,0,E-Wallet,210000
2024-03-31,Jacket F,Fashion,536000,3,C0317,Semarang,5,Credit Card,1527600
2024-03-31,Table O,Home,1661000,2,C0708,Surabaya,5,E-Wallet,3155900
2024-03-31,Laptop A,Electronics,8619000,2,C1998,Bandung,0,E-Wallet,17238000
2024-03-31,Coffee I,Food,80000,1,C2453,Surabaya,0,Credit Card,80000
2024-03-31,Monitor D,Electronics,2468000,1,C2091,Jakarta,10,Credit Card,2221200
2024-03-31,Jacket F,Fashion,565000,2,C0861,Jakarta,10,COD,1017000
2024-03-31,Chair N,Home,887000,3,C2372,Surabaya,5,Bank Transfer,2527950
2024-03-31,Chocolate L,Food,59000,1,C2013,Bandung,0,E-Wallet,59000
2024-03-31,Chair N,Home,849000,2,C2224,Bandung,15,COD,1443300
2024-03-31,Headphone C,Electronics,795000,1,C2333,Malang,0,COD,795000
2024-03-31,Bag H,Fashion,459000,1,C2174,Jakarta,10,E-Wallet,413100
2024-03-31,Lamp M,Home,307000,2,C1120,Semarang,0,E-Wallet,614000
2024-03-31,Pillow P,Home,161000,1,C0472,Solo,5,Credit Card,152950
2024-03-31,Bag H,Fashion,456000,3,C2041,Yogyakarta,5,E-Wallet,1299600
2024-03-31,T-Shirt G,Fashion,251000,3,C0425,Yogyakarta,5,Credit Card,715350
2024-04-01,Lamp M,Home,297000,1,C2203,Malang,5,E-Wallet,282150
2024-04-01,Pillow P,Home,182000,2,C0359,Surabaya,0,E-Wallet,364000
2024-04-01,Headphone C,Electronics,783000,1,C2195,Bandung,10,Bank Transfer,704700
2024-04-01,Table O,Home,1509000,2,C0905,Malang,15,E-Wallet,2565300
2024-04-01,Tea K,Food,49000,1,C1411,Semarang,5,Credit Card,46550
2024-04-01,Bag H,Fashion,435000,1,C0908,Jakarta,20,E-Wallet,348000
2024-04-01,Coffee I,Food,76000,4,C0571,Malang,10,Credit Card,273600
2024-04-01,Tea K,Food,49000,3,C2403,Yogyakarta,10,Credit Card,132300
2024-04-01,Tea K,Food,51000,2,C1481,Bandung,10,Bank Transfer,91800
2024-04-01,Jacket F,Fashion,561000,1,C2352,Jakarta,0,E-Wallet,561000
2024-04-01,Monitor D,Electronics,2519000,1,C0395,Bandung,5,Credit Card,2393050
2024-04-01,Chocolate L,Food,62000,2,C0711,Surabaya,20,E-Wallet,99200
2024-04-01,Lamp M,Home,315000,1,C0706,Surabaya,10,COD,283500
2024-04-01,Laptop A,Electronics,7997000,2,C1580,Jakarta,10,E-Wallet,14394600
2024-04-01,T-Shirt G,Fashion,247000,2,C1556,Jakarta,20,E-Wallet,395200
2024-04-01,Table O,Home,1562000,3,C0817,Jakarta,0,E-Wallet,4686000
2024-04-01,Smartphone B,Electronics,4998000,2,C1454,Semarang,0,Bank Transfer,9996000
2024-04-01,Lamp M,Home,294000,1,C0333,Surabaya,15,COD,249900
2024-04-01,Snack J,Food,35000,2,C1027,Bandung,10,COD,63000
2024-04-01,Pillow P,Home,181000,2,C0441,Bandung,0,Credit Card,362000
2024-04-02,Snack J,Food,35000,1,C0124,Malang,15,COD,29750
2024-04-02,Monitor D,Electronics,2569000,1,C0856,Yogyakarta,10,E-Wallet,2312100
2024-04-02,T-Shirt G,Fashion,254000,2,C0324,Surabaya,0,COD,508000
2024-04-02,Jacket F,Fashion,575000,1,C2484,Jakarta,5,Bank Transfer,546250
2024-04-02,Lamp M,Home,325000,1,C0827,Semarang,0,E-Wallet,325000
2024-04-02,Laptop A,Electronics,8440000,1,C0706,Jakarta,0,COD,8440000
2024-04-02,Coffee I,Food,72000,2,C0389,Jakarta,0,Credit Card,144000
2024-04-02,Headphone C,Electronics,790000,1,C0969,Solo,0,COD,790000
2024-04-02,Smartphone B,Electronics,5161000,4,C0779,Malang,10,COD,18579600
2024-04-02,Table O,Home,1431000,1,C1274,Jakarta,15,E-Wallet,1216350
2024-04-02,Tea K,Food,47000,2,C0728,Jakarta,10,Credit Card,84600
2024-04-02,Chair N,Home,859000,1,C1295,Bandung,10,Bank Transfer,773100
2024-04-02,Shoes E,Fashion,722000,2,C1833,Bandung,0,Credit Card,1444000
2024-04-03,Shoes E,Fashion,667000,4,C0184,Yogyakarta,5,COD,2534600
2024-04-03,Tea K,Food,51000,3,C1124,Jakarta,15,Credit Card,130050
2024-04-03,Shoes E,Fashion,673000,4,C1572,Surabaya,0,Bank Transfer,2692000
2024-04-03,T-Shirt G,Fashion,242000,2,C0349,Jakarta,10,E-Wallet,435600
2024-04-03,Laptop A,Electronics,8622000,3,C0829,Jakarta,0,Credit Card,25866000
2024-04-03,Coffee I,Food,77000,4,C0302,Bandung,15,E-Wallet,261800
2024-04-03,T-Shirt G,Fashion,259000,2,C0687,Bandung,15,Credit Card,440300
2024-04-03,T-Shirt G,Fashion,246000,2,C1904,Semarang,5,Credit Card,467400
2024-04-03,Chocolate L,Food,63000,1,C2422,Malang,5,E-Wallet,59850
2024-04-03,Shoes E,Fashion,599000,5,C0033,Semarang,15,COD,2545750
2024-04-03,Jacket F,Fashion,531000,1,C1258,Jakarta,0,COD,531000
2024-04-03,Monitor D,Electronics,2511000,1,C0725,Semarang,0,Bank Transfer,2511000
2024-04-03,Snack J,Food,35000,3,C1841,Semarang,0,Bank Transfer,105000
2024-04-03,Monitor D,Electronics,2482000,1,C1980,Semarang,15,Credit Card,2109700
2024-04-03,Chocolate L,Food,60000,3,C2157,Surabaya,0,Bank Transfer,180000
2024-04-03,Headphone C,Electronics,788000,1,C1907,Bandung,5,E-Wallet,748600
2024-04-03,Pillow P,Home,183000,4,C1237,Yogyakarta,15,COD,622200
2024-04-03,Smartphone B,Electronics,5360000,1,C0607,Semarang,20,Bank Transfer,4288000
2024-04-03,Bag H,Fashion,420000,1,C0376,Surabaya,5,E-Wallet,399000
2024-04-03,Bag H,Fashion,444000,1,C1079,Yogyakarta,10,Bank Transfer,399600
2024-04-03,Chair N,Home,880000,3,C0091,Yogyakarta,20,Credit Card,2112000
2024-04-03,Laptop A,Electronics,9111000,1,C1769,Jakarta,0,Bank Transfer,9111000
2024-04-03,Tea K,Food,48000,2,C1459,Malang,15,Bank Transfer,81600
2024-04-03,Snack J,Food,35000,1,C1828,Jakarta,10,E-Wallet,31500
2024-04-03,T-Shirt G,Fashion,258000,4,C2466,Malang,0,Bank Transfer,1032000
2024-04-03,Snack J,Food,34000,1,C1523,Malang,10,Bank Transfer,30600
2024-04-03,Bag H,Fashion,446000,1,C1167,Jakarta,0,Bank Transfer,446000
2024-04-03,Monitor D,Electronics,2462000,2,C1897,Malang,15,E-Wallet,4185400
2024-04-03,Bag H,Fashion,431000,1,C1323,Surabaya,5,Bank Transfer,409450
2024-04-03,Monitor D,Electronics,2652000,1,C0634,Semarang,20,E-Wallet,2121600
2024-04-04,Table O,Home,1452000,1,C1027,Bandung,10,Credit Card,1306800
2024-04-04,Headphone C,Electronics,785000,3,C2366,Jakarta,10,COD,2119500
2024-04-04,Lamp M,Home,303000,2,C1721,Surabaya,0,COD,606000
2024-04-04,Jacket F,Fashion,550000,1,C0490,Surabaya,20,COD,440000
2024-04-04,Chocolate L,Food,59000,2,C1238,Surabaya,15,E-Wallet,100300
2024-04-04,Tea K,Food,51000,1,C0921,Semarang,10,Bank Transfer,45900
2024-04-04,T-Shirt G,Fashion,244000,2,C2128,Surabaya,5,Credit Card,463600
2024-04-04,Pillow P,Home,165000,3,C0299,Semarang,5,COD,470250
2024-04-04,Monitor D,Electronics,2650000,3,C2487,Bandung,5,Credit Card,7552500
2024-04-04,Jacket F,Fashion,552000,3,C1083,Surabaya,10,Credit Card,1490400
2024-04-04,Bag H,Fashion,457000,1,C0953,Yogyakarta,5,E-Wallet,434150
2024-04-04,Coffee I,Food,75000,1,C0315,Bandung,15,E-Wallet,63750
2024-04-04,Shoes E,Fashion,638000,1,C2369,Semarang,5,Credit Card,606100
2024-04-04,Jacket F,Fashion,553000,1,C1309,Yogyakarta,5,Bank Transfer,525350
2024-04-04,Shoes E,Fashion,646000,4,C0781,Bandung,5,Bank Transfer,2454800
2024-04-04,Bag H,Fashion,445000,1,C0717,Malang,15,E-Wallet,378250
2024-04-04,Snack J,Food,35000,3,C1844,Yogyakarta,5,Bank Transfer,99750
2024-04-05,Laptop A,Electronics,9342000,2,C2385,Yogyakarta,10,Bank Transfer,16815600
2024-04-05,Headphone C,Electronics,791000,1,C1243,Jakarta,15,Bank Transfer,672350
2024-04-05,T-Shirt G,Fashion,255000,5,C1484,Semarang,15,Bank Transfer,1083750
2024-04-05,T-Shirt G,Fashion,256000,1,C0194,Bandung,5,E-Wallet,243200
2024-04-05,Coffee I,Food,73000,1,C0642,Jakarta,10,Credit Card,65700
2024-04-05,Jacket F,Fashion,553000,1,C2497,Solo,0,E-Wallet,553000
2024-04-05,Smartphone B,Electronics,5131000,1,C0260,Yogyakarta,0,Credit Card,5131000
2024-04-05,Tea K,Food,50000,2,C1591,Malang,0,E-Wallet,100000
2024-04-05,T-Shirt G,Fashion,258000,1,C1016,Surabaya,15,E-Wallet,219300
2024-04-05,Laptop A,Electronics,8461000,4,C1611,Bandung,5,Credit Card,32151800
2024-04-05,Chair N,Home,936000,4,C1360,Bandung,5,E-Wallet,3556800
2024-04-05,Table O,Home,1533000,4,C1879,Malang,10,COD,5518800
2024-04-05,Shoes E,Fashion,672000,5,C0938,Semarang,15,COD,2856000
2024-04-05,Pillow P,Home,190000,2,C0692,Surabaya,10,COD,342000
2024-04-05,Jacket F,Fashion,587000,1,C1886,Surabaya,10,COD,528300
2024-04-06,Bag H,Fashion,445000,1,C1006,Semarang,15,E-Wallet,378250
2024-04-06,Jacket F,Fashion,553000,3,C0106,Jakarta,5,E-Wallet,1576050
2024-04-06,Laptop A,Electronics,8879000,1,C2058,Surabaya,15,E-Wallet,7547150
2024-04-06,Smartphone B,Electronics,4882000,2,C1973,Jakarta,0,Credit Card,9764000
2024-04-06,Monitor D,Electronics,2477000,2,C0662,Solo,5,E-Wallet,4706300
2024-04-06,Shoes E,Fashion,584000,1,C0970,Jakarta,0,E-Wallet,584000
2024-04-06,Coffee I,Food,79000,1,C2274,Yogyakarta,5,E-Wallet,75050
2024-04-06,Chair N,Home,916000,3,C1100,Semarang,15,E-Wallet,2335800
2024-04-06,Table O,Home,1520000,2,C0497,Yogyakarta,5,E-Wallet,2888000
2024-04-06,Pillow P,Home,170000,1,C1863,Jakarta,0,COD,170000
2024-04-06,Chair N,Home,923000,1,C1776,Malang,10,Bank Transfer,830700
2024-04-06,Headphone C,Electronics,790000,1,C0037,Solo,5,E-Wallet,750500
2024-04-06,T-Shirt G,Fashion,248000,1,C2084,Jakarta,0,E-Wallet,248000
2024-04-06,Chair N,Home,823000,5,C0065,Jakarta,10,COD,3703500
2024-04-06,Headphone C,Electronics,738000,2,C2133,Semarang,5,Bank Transfer,1402200
2024-04-06,Bag H,Fashion,440000,3,C2104,Jakarta,0,COD,1320000
2024-04-06,Shoes E,Fashion,649000,1,C2028,Jakarta,5,E-Wallet,616550
2024-04-07,Pillow P,Home,182000,4,C2475,Jakarta,20,Credit Card,582400
2024-04-07,Smartphone B,Electronics,5275000,1,C0351,Surabaya,0,Bank Transfer,5275000
2024-04-07,Chocolate L,Food,62000,1,C1663,Yogyakarta,10,COD,55800
2024-04-07,Monitor D,Electronics,2480000,4,C1537,Surabaya,20,E-Wallet,7936000
2024-04-07,Bag H,Fashion,455000,1,C0101,Yogyakarta,15,COD,386750
2024-04-07,T-Shirt G,Fashion,260000,3,C1028,Malang,5,Credit Card,741000
2024-04-07,Laptop A,Electronics,9187000,1,C1748,Semarang,10,E-Wallet,8268300
2024-04-07,Bag H,Fashion,429000,5,C1896,Bandung,15,Bank Transfer,1823250
2024-04-07,Shoes E,Fashion,676000,3,C1265,Jakarta,5,Credit Card,1926600
2024-04-07,Chair N,Home,924000,2,C1508,Solo,10,E-Wallet,1663200
2024-04-07,Smartphone B,Electronics,5391000,1,C2211,Jakarta,5,E-Wallet,5121450
2024-04-07,Shoes E,Fashion,649000,2,C1831,Yogyakarta,15,Bank Transfer,1103300
2024-04-07,Pillow P,Home,171000,5,C0174,Surabaya,5,Bank Transfer,812250
2024-04-07,Table O,Home,1447000,1,C1106,Malang,0,Credit Card,1447000
2024-04-07,T-Shirt G,Fashion,261000,1,C1948,Jakarta,5,Credit Card,247950
2024-04-07,Laptop A,Electronics,8871000,1,C0993,Bandung,0,Credit Card,8871000
2024-04-07,Snack J,Food,36000,1,C0150,Yogyakarta,5,Bank Transfer,34200
2024-04-07,Smartphone B,Electronics,5019000,1,C1982,Jakarta,20,E-Wallet,4015200
2024-04-07,T-Shirt G,Fashion,254000,3,C1996,Yogyakarta,10,Credit Card,685800
2024-04-07,Snack J,Food,34000,1,C1205,Jakarta,5,Bank Transfer,32300
2024-04-07,Chocolate L,Food,64000,2,C1999,Jakarta,0,Bank Transfer,128000
2024-04-07,Snack J,Food,34000,5,C0590,Surabaya,20,Credit Card,136000
2024-04-07,Pillow P,Home,181000,3,C2167,Jakarta,15,COD,461550
2024-04-07,Tea K,Food,50000,1,C1351,Surabaya,0,E-Wallet,50000
2024-04-08,Coffee I,Food,74000,5,C1811,Semarang,5,E-Wallet,351500
2024-04-08,Smartphone B,Electronics,4930000,1,C2112,Solo,10,Credit Card,4437000
2024-04-08,Chocolate L,Food,62000,1,C0026,Jakarta,15,Bank Transfer,52700
2024-04-08,Lamp M,Home,279000,1,C1860,Jakarta,15,Bank Transfer,237150
2024-04-08,Laptop A,Electronics,8552000,1,C0660,Malang,15,Bank Transfer,7269200
2024-04-08,Headphone C,Electronics,715000,1,C0800,Semarang,0,E-Wallet,715000
2024-04-08,Lamp M,Home,294000,2,C2233,Semarang,20,E-Wallet,470400
2024-04-08,Coffee I,Food,75000,2,C1584,Solo,5,Bank Transfer,142500
2024-04-08,Chocolate L,Food,66000,2,C2348,Solo,10,Bank Transfer,118800
2024-04-08,Coffee I,Food,77000,1,C0015,Surabaya,0,Credit Card,77000
2024-04-08,Lamp M,Home,317000,1,C0128,Bandung,5,E-Wallet,301150
2024-04-08,Coffee I,Food,74000,2,C0896,Yogyakarta,5,Bank Transfer,140600
2024-04-08,Jacket F,Fashion,543000,1,C1278,Jakarta,10,COD,488700
2024-04-08,Laptop A,Electronics,8564000,1,C1116,Jakarta,5,Credit Card,8135800
2024-04-08,Snack J,Food,34000,1,C0005,Solo,15,COD,28900
2024-04-08,Smartphone B,Electronics,5141000,4,C1391,Malang,10,E-Wallet,18507600
2024-04-08,Snack J,Food,34000,1,C0225,Jakarta,5,Bank Transfer,32300
2024-04-08,Tea K,Food,51000,2,C2263,Solo,0,E-Wallet,102000
2024-04-08,Chair N,Home,907000,1,C1883,Jakarta,5,E-Wallet,861650
2024-04-09,Jacket F,Fashion,550000,1,C1000,Bandung,10,COD,495000
2024-04-09,Laptop A,Electronics,8576000,1,C2448,Solo,10,E-Wallet,7718400
2024-04-09,Headphone C,Electronics,769000,1,C0765,Malang,0,Bank Transfer,769000
2024-04-09,Lamp M,Home,307000,1,C0981,Malang,0,E-Wallet,307000
2024-04-09,Table O,Home,1502000,1,C0732,Bandung,0,E-Wallet,1502000
2024-04-09,Tea K,Food,50000,1,C0385,Bandung,10,COD,45000
2024-04-09,Coffee I,Food,74000,3,C2216,Jakarta,0,Bank Transfer,222000
2024-04-09,Monitor D,Electronics,2467000,2,C1322,Jakarta,15,Credit Card,4193900
2024-04-09,Laptop A,Electronics,7969000,1,C1542,Malang,15,COD,6773650
2024-04-09,Tea K,Food,51000,1,C1984,Surabaya,0,E-Wallet,51000
2024-04-09,Chocolate L,Food,62000,4,C0665,Surabaya,10,E-Wallet,223200
2024-04-09,Monitor D,Electronics,2603000,2,C1781,Jakarta,0,Bank Transfer,5206000
2024-04-09,Snack J,Food,37000,2,C2445,Jakarta,0,Bank Transfer,74000
2024-04-09,Chair N,Home,876000,3,C0871,Yogyakarta,15,Bank Transfer,2233800
2024-04-09,Bag H,Fashion,452000,2,C0224,Surabaya,0,E-Wallet,904000
2024-04-09,Bag H,Fashion,443000,1,C1745,Bandung,10,E-Wallet,398700
2024-04-09,Chocolate L,Food,59000,1,C1292,Semarang,10,E-Wallet,53100
2024-04-09,T-Shirt G,Fashion,253000,5,C1782,Solo,10,Bank Transfer,1138500
2024-04-09,Snack J,Food,35000,1,C2271,Surabaya,5,E-Wallet,33250
2024-04-09,Chocolate L,Food,57000,2,C0248,Bandung,0,COD,114000
2024-04-09,Bag H,Fashion,466000,1,C2316,Yogyakarta,5,Credit Card,442700
2024-04-10,Bag H,Fashion,470000,1,C1083,Semarang,10,E-Wallet,423000
2024-04-10,Chair N,Home,900000,1,C1446,Malang,5,Bank Transfer,855000
2024-04-10,T-Shirt G,Fashion,272000,3,C1023,Yogyakarta,5,Bank Transfer,775200
2024-04-10,Jacket F,Fashion,560000,1,C2387,Jakarta,0,Credit Card,560000
2024-04-10,Jacket F,Fashion,491000,3,C1600,Jakarta,5,Credit Card,1399350
2024-04-10,Chocolate L,Food,63000,4,C1278,Bandung,0,COD,252000
2024-04-10,Shoes E,Fashion,669000,1,C1554,Semarang,0,E-Wallet,669000
2024-04-10,Snack J,Food,34000,3,C2331,Semarang,0,Bank Transfer,102000
2024-04-10,Shoes E,Fashion,657000,1,C0469,Jakarta,15,COD,558450
2024-04-10,Jacket F,Fashion,535000,1,C1221,Bandung,5,Bank Transfer,508250
2024-04-10,Laptop A,Electronics,8510000,3,C2394,Bandung,0,E-Wallet,25530000
2024-04-10,Monitor D,Electronics,2433000,2,C1935,Malang,5,Credit Card,4622700
2024-04-10,Headphone C,Electronics,698000,3,C2408,Jakarta,10,Bank Transfer,1884600
2024-04-10,T-Shirt G,Fashion,238000,2,C1134,Surabaya,20,COD,380800
2024-04-10,Chocolate L,Food,55000,3,C1361,Surabaya,0,Bank Transfer,165000
2024-04-11,Snack J,Food,35000,1,C1489,Yogyakarta,15,Bank Transfer,29750
2024-04-11,Laptop A,Electronics,8777000,1,C2205,Semarang,0,COD,8777000
2024-04-11,Smartphone B,Electronics,5031000,1,C1752,Malang,20,E-Wallet,4024800
2024-04-11,Monitor D,Electronics,2395000,2,C0859,Yogyakarta,15,Credit Card,4071500
2024-04-11,Chair N,Home,890000,2,C1775,Yogyakarta,10,Credit Card,1602000
2024-04-11,Monitor D,Electronics,2493000,1,C0178,Jakarta,0,Credit Card,2493000
2024-04-11,Laptop A,Electronics,8663000,1,C0061,Yogyakarta,5,Bank Transfer,8229850
2024-04-11,Monitor D,Electronics,2449000,2,C0364,Surabaya,0,E-Wallet,4898000
2024-04-11,Tea K,Food,52000,1,C1480,Yogyakarta,20,Credit Card,41600
2024-04-11,Laptop A,Electronics,8323000,1,C1744,Jakarta,10,E-Wallet,7490700
2024-04-11,Coffee I,Food,75000,5,C1275,Jakarta,5,Bank Transfer,356250
2024-04-11,Snack J,Food,35000,2,C0741,Yogyakarta,0,Credit Card,70000
2024-04-11,Chocolate L,Food,64000,2,C0175,Bandung,0,E-Wallet,128000
2024-04-11,Snack J,Food,34000,2,C2202,Jakarta,15,COD,57800
2024-04-11,Chair N,Home,890000,1,C0361,Semarang,5,Bank Transfer,845500
2024-04-11,Monitor D,Electronics,2625000,2,C0086,Yogyakarta,0,E-Wallet,5250000
2024-04-11,Chocolate L,Food,62000,3,C0278,Semarang,20,Credit Card,148800
2024-04-12,Table O,Home,1552000,5,C0460,Malang,0,E-Wallet,7760000
2024-04-12,Chair N,Home,900000,1,C0255,Jakarta,0,Bank Transfer,900000
2024-04-12,Laptop A,Electronics,9028000,2,C1737,Surabaya,10,Credit Card,16250400
2024-04-12,Jacket F,Fashion,536000,1,C1248,Bandung,0,COD,536000
2024-04-12,Coffee I,Food,72000,2,C1687,Bandung,15,Credit Card,122400
2024-04-12,Jacket F,Fashion,577000,2,C1467,Yogyakarta,5,E-Wallet,1096300
2024-04-12,Headphone C,Electronics,757000,1,C0785,Jakarta,20,Credit Card,605600
2024-04-12,T-Shirt G,Fashion,256000,1,C0461,Malang,10,Credit Card,230400
2024-04-12,Pillow P,Home,185000,1,C0913,Malang,0,Bank Transfer,185000
2024-04-12,T-Shirt G,Fashion,262000,1,C1489,Solo,0,Credit Card,262000
2024-04-12,Lamp M,Home,299000,1,C2046,Malang,10,Bank Transfer,269100
2024-04-12,Jacket F,Fashion,612000,1,C0115,Jakarta,5,Credit Card,581400
2024-04-12,Smartphone B,Electronics,4965000,3,C1693,Yogyakarta,15,E-Wallet,12660750
2024-04-12,Monitor D,Electronics,2554000,1,C1050,Jakarta,0,Bank Transfer,2554000
2024-04-12,Coffee I,Food,80000,2,C1008,Jakarta,5,E-Wallet,152000
2024-04-12,Coffee I,Food,78000,3,C0194,Jakarta,0,Bank Transfer,234000
2024-04-12,Tea K,Food,49000,3,C0119,Solo,15,COD,124950
2024-04-12,Table O,Home,1617000,2,C1112,Solo,0,E-Wallet,3234000
2024-04-13,Tea K,Food,51000,2,C2442,Bandung,5,Credit Card,96900
2024-04-13,Laptop A,Electronics,8222000,2,C1535,Jakarta,15,Bank Transfer,13977400
2024-04-13,Coffee I,Food,76000,2,C2077,Semarang,10,Bank Transfer,136800
2024-04-13,Chair N,Home,919000,1,C1387,Semarang,10,E-Wallet,827100
2024-04-13,Tea K,Food,51000,4,C0345,Semarang,0,Credit Card,204000
2024-04-13,Coffee I,Food,74000,1,C1221,Surabaya,0,Credit Card,74000
2024-04-13,Table O,Home,1526000,4,C2404,Bandung,20,E-Wallet,4883200
2024-04-13,T-Shirt G,Fashion,246000,3,C0838,Semarang,0,Credit Card,738000
2024-04-13,T-Shirt G,Fashion,250000,1,C2313,Bandung,0,COD,250000
2024-04-13,Monitor D,Electronics,2517000,1,C0190,Surabaya,15,Credit Card,2139450
2024-04-13,Shoes E,Fashion,644000,2,C2339,Malang,5,Credit Card,1223600
2024-04-13,Headphone C,Electronics,691000,2,C2427,Surabaya,10,COD,1243800
2024-04-13,Snack J,Food,35000,1,C0395,Surabaya,10,E-Wallet,31500
2024-04-13,Pillow P,Home,191000,2,C0955,Surabaya,10,COD,343800
2024-04-13,T-Shirt G,Fashion,261000,1,C1471,Malang,10,Bank Transfer,234900
2024-04-13,Monitor D,Electronics,2450000,2,C0307,Bandung,0,E-Wallet,4900000
2024-04-13,Laptop A,Electronics,8434000,2,C1436,Bandung,10,Credit Card,15181200
2024-04-13,Chair N,Home,908000,2,C1591,Jakarta,5,E-Wallet,1725200
2024-04-13,Jacket F,Fashion,567000,1,C0367,Semarang,10,COD,510300
2024-04-13,Bag H,Fashion,480000,1,C1977,Bandung,10,E-Wallet,432000
2024-04-13,Laptop A,Electronics,8817000,1,C1122,Bandung,0,Credit Card,8817000
2024-04-14,Smartphone B,Electronics,5107000,1,C2012,Semarang,10,E-Wallet,4596300
2024-04-14,Monitor D,Electronics,2471000,1,C0362,Jakarta,10,Bank Transfer,2223900
2024-04-14,T-Shirt G,Fashion,229000,2,C1900,Semarang,20,Bank Transfer,366400
2024-04-14,Lamp M,Home,292000,1,C0702,Surabaya,10,E-Wallet,262800
2024-04-14,Pillow P,Home,179000,2,C0249,Semarang,10,E-Wallet,322200
2024-04-14,Smartphone B,Electronics,4930000,2,C0597,Jakarta,10,Credit Card,8874000
2024-04-14,Table O,Home,1402000,1,C0856,Malang,0,Credit Card,1402000
2024-04-14,Pillow P,Home,179000,3,C1592,Jakarta,10,Credit Card,483300
2024-04-14,Shoes E,Fashion,674000,4,C0875,Bandung,0,E-Wallet,2696000
2024-04-14,Pillow P,Home,172000,1,C2405,Surabaya,0,Bank Transfer,172000
2024-04-14,Jacket F,Fashion,558000,1,C2365,Surabaya,15,Bank Transfer,474300
2024-04-14,Bag H,Fashion,431000,1,C1726,Solo,0,Bank Transfer,431000
2024-04-15,Coffee I,Food,71000,3,C0825,Yogyakarta,0,COD,213000
2024-04-15,Pillow P,Home,181000,2,C1416,Surabaya,10,E-Wallet,325800
2024-04-15,Laptop A,Electronics,9302000,3,C0999,Solo,0,E-Wallet,27906000
2024-04-15,Snack J,Food,33000,1,C0325,Bandung,5,E-Wallet,31350
2024-04-15,Chocolate L,Food,66000,4,C1550,Yogyakarta,0,E-Wallet,264000
2024-04-15,Snack J,Food,36000,1,C2490,Surabaya,10,E-Wallet,32400
2024-04-15,Pillow P,Home,170000,1,C0342,Yogyakarta,0,Bank Transfer,170000
2024-04-15,Chocolate L,Food,64000,2,C2020,Bandung,15,E-Wallet,108800
2024-04-15,Shoes E,Fashion,611000,4,C0030,Semarang,0,Credit Card,2444000
2024-04-15,Coffee I,Food,72000,1,C0091,Surabaya,0,COD,72000
2024-04-15,Monitor D,Electronics,2476000,3,C2467,Surabaya,5,E-Wallet,7056600
2024-04-15,Smartphone B,Electronics,5284000,1,C1342,Jakarta,5,COD,5019800
2024-04-16,Chair N,Home,894000,1,C0567,Bandung,10,Bank Transfer,804600
2024-04-16,Monitor D,Electronics,2473000,1,C0595,Jakarta,0,E-Wallet,2473000
2024-04-16,Snack J,Food,36000,4,C0962,Semarang,0,Bank Transfer,144000
2024-04-16,T-Shirt G,Fashion,243000,4,C0174,Jakarta,0,E-Wallet,972000
2024-04-16,Lamp M,Home,278000,4,C0471,Jakarta,20,Credit Card,889600
2024-04-16,Chocolate L,Food,58000,2,C1402,Bandung,15,E-Wallet,98600
2024-04-16,Coffee I,Food,71000,1,C0788,Solo,10,COD,63900
2024-04-16,Bag H,Fashion,428000,1,C0737,Jakarta,5,Credit Card,406600
2024-04-16,Chocolate L,Food,60000,1,C0243,Surabaya,5,Credit Card,57000
2024-04-16,Laptop A,Electronics,9012000,2,C1574,Jakarta,15,Bank Transfer,15320400
2024-04-17,Lamp M,Home,302000,2,C2359,Surabaya,5,COD,573800
2024-04-17,Snack J,Food,35000,1,C1265,Jakarta,5,COD,33250
2024-04-17,Lamp M,Home,297000,1,C1007,Solo,0,Bank Transfer,297000
2024-04-17,Shoes E,Fashion,648000,1,C0133,Yogyakarta,0,E-Wallet,648000
2024-04-17,Lamp M,Home,308000,3,C2422,Surabaya,0,Bank Transfer,924000
2024-04-17,Jacket F,Fashion,544000,1,C0016,Yogyakarta,15,E-Wallet,462400
2024-04-17,T-Shirt G,Fashion,242000,1,C0432,Bandung,0,E-Wallet,242000
2024-04-17,Snack J,Food,36000,2,C0018,Surabaya,10,E-Wallet,64800
2024-04-17,Jacket F,Fashion,525000,2,C1196,Surabaya,10,Bank Transfer,945000
2024-04-17,Bag H,Fashion,475000,1,C2427,Jakarta,5,Bank Transfer,451250
2024-04-17,Headphone C,Electronics,738000,3,C0592,Yogyakarta,10,Credit Card,1992600
2024-04-17,Smartphone B,Electronics,4934000,2,C1775,Bandung,10,Credit Card,8881200
2024-04-17,Monitor D,Electronics,2633000,4,C2106,Jakarta,20,E-Wallet,8425600
2024-04-18,Table O,Home,1434000,2,C0864,Jakarta,20,Bank Transfer,2294400
2024-04-18,Lamp M,Home,304000,2,C1310,Surabaya,5,COD,577600
2024-04-18,Lamp M,Home,300000,2,C2008,Yogyakarta,10,E-Wallet,540000
2024-04-18,Shoes E,Fashion,703000,2,C1839,Surabaya,5,Bank Transfer,1335700
2024-04-18,Shoes E,Fashion,646000,2,C1463,Jakarta,0,Credit Card,1292000
2024-04-18,Monitor D,Electronics,2491000,1,C2221,Jakarta,10,Bank Transfer,2241900
2024-04-18,Smartphone B,Electronics,4956000,1,C0630,Jakarta,0,Credit Card,4956000
2024-04-18,Monitor D,Electronics,2463000,3,C0779,Jakarta,10,Credit Card,6650100
2024-04-18,Smartphone B,Electronics,4882000,2,C1817,Semarang,15,COD,8299400
2024-04-18,Laptop A,Electronics,8129000,1,C0744,Yogyakarta,10,E-Wallet,7316100
2024-04-18,Bag H,Fashion,445000,2,C1446,Jakarta,5,E-Wallet,845500
2024-04-18,T-Shirt G,Fashion,260000,1,C2481,Yogyakarta,0,E-Wallet,260000
2024-04-18,Smartphone B,Electronics,4893000,1,C0218,Bandung,15,Credit Card,4159050
2024-04-18,Tea K,Food,51000,1,C1566,Jakarta,10,Bank Transfer,45900
2024-04-18,Bag H,Fashion,429000,1,C0011,Yogyakarta,5,Bank Transfer,407550
2024-04-18,Chair N,Home,854000,1,C0062,Surabaya,5,Bank Transfer,811300
2024-04-18,Tea K,Food,51000,1,C2462,Jakarta,0,Credit Card,51000
2024-04-18,Table O,Home,1454000,1,C1380,Bandung,15,Credit Card,1235900
2024-04-18,Headphone C,Electronics,757000,1,C2277,Jakarta,0,Bank Transfer,757000
2024-04-18,Chair N,Home,865000,1,C0957,Jakarta,5,Credit Card,821750
2024-04-18,Jacket F,Fashion,547000,1,C0448,Bandung,0,E-Wallet,547000
2024-04-19,Chair N,Home,936000,1,C1019,Yogyakarta,10,Bank Transfer,842400
2024-04-19,Monitor D,Electronics,2461000,1,C1068,Bandung,5,E-Wallet,2337950
2024-04-19,Snack J,Food,35000,3,C0042,Semarang,10,Credit Card,94500
2024-04-19,Smartphone B,Electronics,4696000,1,C0952,Surabaya,0,E-Wallet,4696000
2024-04-19,Snack J,Food,35000,5,C2422,Bandung,15,Credit Card,148750
2024-04-19,Lamp M,Home,315000,1,C0874,Yogyakarta,15,Bank Transfer,267750
2024-04-19,T-Shirt G,Fashion,224000,1,C2037,Surabaya,10,E-Wallet,201600
2024-04-19,Snack J,Food,34000,1,C2393,Jakarta,10,Credit Card,30600
2024-04-19,Smartphone B,Electronics,5068000,3,C1573,Surabaya,5,Credit Card,14443800
2024-04-19,Pillow P,Home,171000,3,C0523,Jakarta,10,E-Wallet,461700
2024-04-19,Bag H,Fashion,451000,1,C0324,Yogyakarta,10,COD,405900
2024-04-19,Smartphone B,Electronics,4910000,5,C1532,Surabaya,10,E-Wallet,22095000
2024-04-19,Coffee I,Food,75000,2,C2009,Bandung,0,Bank Transfer,150000
2024-04-19,Pillow P,Home,186000,2,C1779,Surabaya,10,Credit Card,334800
2024-04-19,Snack J,Food,35000,4,C0681,Yogyakarta,10,Credit Card,126000
2024-04-20,Chair N,Home,956000,5,C2478,Semarang,10,E-Wallet,4302000
2024-04-20,Chocolate L,Food,61000,1,C0227,Malang,15,Credit Card,51850
2024-04-20,Laptop A,Electronics,8960000,1,C1692,Jakarta,15,COD,7616000
2024-04-20,Coffee I,Food,74000,2,C1829,Malang,15,Credit Card,125800
2024-04-20,Chocolate L,Food,61000,3,C2038,Surabaya,5,Bank Transfer,173850
2024-04-20,Jacket F,Fashion,563000,2,C1569,Semarang,10,Credit Card,1013400
2024-04-20,Headphone C,Electronics,736000,3,C0526,Surabaya,20,E-Wallet,1766400
2024-04-20,Shoes E,Fashion,634000,3,C0030,Surabaya,0,E-Wallet,1902000
2024-04-20,Shoes E,Fashion,637000,2,C2491,Malang,0,E-Wallet,1274000
2024-04-20,Monitor D,Electronics,2555000,4,C0983,Semarang,5,Credit Card,9709000
2024-04-20,Headphone C,Electronics,712000,1,C1234,Semarang,20,COD,569600
2024-04-20,Snack J,Food,36000,1,C1978,Malang,15,Credit Card,30600
2024-04-20,T-Shirt G,Fashion,255000,2,C1372,Solo,15,Bank Transfer,433500
2024-04-20,Bag H,Fashion,416000,1,C1538,Semarang,20,Credit Card,332800
2024-04-20,Snack J,Food,35000,2,C1974,Surabaya,10,Bank Transfer,63000
2024-04-20,Smartphone B,Electronics,5341000,2,C0608,Semarang,20,Bank Transfer,8545600
2024-04-20,Headphone C,Electronics,763000,1,C2020,Semarang,5,E-Wallet,724850
2024-04-20,Shoes E,Fashion,659000,2,C1183,Malang,10,Bank Transfer,1186200
2024-04-20,Table O,Home,1459000,3,C1474,Yogyakarta,0,COD,4377000
2024-04-20,Smartphone B,Electronics,4799000,1,C0797,Surabaya,5,COD,4559050
2024-04-20,Tea K,Food,46000,2,C0302,Yogyakarta,5,Bank Transfer,87400
2024-04-20,Smartphone B,Electronics,4919000,2,C2482,Surabaya,5,COD,9346100
2024-04-20,Monitor D,Electronics,2586000,3,C1836,Surabaya,10,Credit Card,6982200
2024-04-20,Laptop A,Electronics,8264000,1,C0722,Malang,5,Bank Transfer,7850800
2024-04-20,Shoes E,Fashion,632000,2,C2012,Semarang,5,Bank Transfer,1200800
2024-04-20,Tea K,Food,51000,2,C1204,Jakarta,10,E-Wallet,91800
2024-04-20,Smartphone B,Electronics,5072000,2,C2280,Jakarta,0,E-Wallet,10144000
2024-04-20,Snack J,Food,36000,1,C1340,Solo,10,Credit Card,32400
2024-04-20,Laptop A,Electronics,7906000,2,C0444,Yogyakarta,5,Credit Card,15021400
2024-04-20,Chair N,Home,912000,2,C0426,Yogyakarta,20,COD,1459200
2024-04-21,Coffee I,Food,74000,1,C2162,Bandung,10,COD,66600
2024-04-21,Chair N,Home,906000,1,C2478,Yogyakarta,15,E-Wallet,770100
2024-04-21,Smartphone B,Electronics,4832000,2,C2146,Semarang,5,E-Wallet,9180800
2024-04-21,Tea K,Food,48000,1,C1887,Jakarta,10,E-Wallet,43200
2024-04-21,Laptop A,Electronics,8366000,1,C2441,Jakarta,5,Credit Card,7947700
2024-04-21,Pillow P,Home,182000,2,C1388,Bandung,5,COD,345800
2024-04-21,Monitor D,Electronics,2483000,1,C0097,Yogyakarta,5,Credit Card,2358850
2024-04-21,Monitor D,Electronics,2416000,2,C1000,Yogyakarta,10,Credit Card,4348800
2024-04-21,Monitor D,Electronics,2615000,2,C2254,Bandung,0,Bank Transfer,5230000
2024-04-21,Jacket F,Fashion,563000,1,C1030,Surabaya,10,E-Wallet,506700
2024-04-21,Pillow P,Home,183000,2,C0199,Solo,0,E-Wallet,366000
2024-04-21,Tea K,Food,53000,1,C2215,Jakarta,15,E-Wallet,45050
2024-04-21,T-Shirt G,Fashion,259000,2,C0065,Semarang,10,Credit Card,466200
2024-04-21,Chocolate L,Food,62000,2,C0104,Malang,0,Bank Transfer,124000
2024-04-22,T-Shirt G,Fashion,257000,1,C2061,Semarang,15,Bank Transfer,218450
2024-04-22,Pillow P,Home,188000,5,C2056,Surabaya,0,E-Wallet,940000
2024-04-22,Bag H,Fashion,435000,1,C1447,Jakarta,10,Credit Card,391500
2024-04-22,Snack J,Food,35000,1,C1688,Jakarta,5,Credit Card,33250
2024-04-22,Snack J,Food,34000,2,C1039,Semarang,5,COD,64600
2024-04-22,Headphone C,Electronics,719000,1,C0909,Surabaya,0,Bank Transfer,719000
2024-04-22,Laptop A,Electronics,8857000,1,C0612,Semarang,10,COD,7971300
2024-04-22,Bag H,Fashion,470000,4,C0164,Malang,10,Bank Transfer,1692000
2024-04-22,Table O,Home,1394000,1,C0127,Bandung,0,Credit Card,1394000
2024-04-22,Monitor D,Electronics,2369000,1,C1405,Surabaya,10,E-Wallet,2132100
2024-04-22,Bag H,Fashion,419000,2,C2478,Semarang,5,Credit Card,796100
2024-04-23,Coffee I,Food,73000,2,C0683,Surabaya,5,E-Wallet,138700
2024-04-23,T-Shirt G,Fashion,259000,1,C0438,Surabaya,0,E-Wallet,259000
2024-04-23,Coffee I,Food,74000,2,C0218,Yogyakarta,15,Credit Card,125800
2024-04-23,Bag H,Fashion,430000,1,C0753,Semarang,0,Credit Card,430000
2024-04-23,Headphone C,Electronics,715000,4,C2239,Yogyakarta,5,E-Wallet,2717000
2024-04-23,Table O,Home,1497000,1,C1190,Surabaya,10,Credit Card,1347300
2024-04-23,Smartphone B,Electronics,4989000,4,C0224,Yogyakarta,15,COD,16962600
2024-04-23,Headphone C,Electronics,761000,1,C0235,Bandung,15,E-Wallet,646850
2024-04-24,Jacket F,Fashion,570000,2,C1193,Jakarta,5,Bank Transfer,1083000
2024-04-24,Snack J,Food,35000,3,C0675,Solo,10,Credit Card,94500
2024-04-24,Shoes E,Fashion,628000,4,C2328,Yogyakarta,0,Bank Transfer,2512000
2024-04-24,Monitor D,Electronics,2326000,1,C2127,Yogyakarta,5,E-Wallet,2209700
2024-04-24,T-Shirt G,Fashion,253000,2,C1362,Surabaya,15,Credit Card,430100
2024-04-24,Chocolate L,Food,61000,3,C2164,Jakarta,10,E-Wallet,164700
2024-04-24,Tea K,Food,56000,4,C2144,Semarang,5,E-Wallet,212800
2024-04-24,Tea K,Food,49000,2,C2151,Semarang,15,Credit Card,83300
2024-04-24,Laptop A,Electronics,8551000,1,C1876,Jakarta,15,Credit Card,7268350
2024-04-24,Snack J,Food,33000,1,C0731,Semarang,5,Bank Transfer,31350
2024-04-24,Snack J,Food,36000,1,C0705,Jakarta,0,Credit Card,36000
2024-04-24,Coffee I,Food,76000,1,C0940,Yogyakarta,20,E-Wallet,60800
2024-04-24,Headphone C,Electronics,813000,1,C0935,Solo,5,Bank Transfer,772350
2024-04-24,Laptop A,Electronics,8090000,1,C1730,Yogyakarta,10,Credit Card,7281000
2024-04-24,Pillow P,Home,170000,4,C2209,Surabaya,0,Credit Card,680000
2024-04-25,Shoes E,Fashion,646000,1,C1006,Malang,5,COD,613700
2024-04-25,Headphone C,Electronics,694000,3,C2441,Jakarta,10,E-Wallet,1873800
2024-04-25,Bag H,Fashion,457000,2,C1590,Jakarta,10,Credit Card,822600
2024-04-25,Smartphone B,Electronics,4906000,2,C2397,Surabaya,0,E-Wallet,9812000
2024-04-25,Smartphone B,Electronics,5192000,1,C0678,Semarang,0,E-Wallet,5192000
2024-04-25,Chocolate L,Food,61000,2,C0721,Bandung,10,COD,109800
2024-04-25,Snack J,Food,35000,2,C0196,Jakarta,0,Bank Transfer,70000
2024-04-25,Headphone C,Electronics,817000,2,C2119,Surabaya,5,E-Wallet,1552300
2024-04-25,Tea K,Food,52000,3,C0228,Yogyakarta,20,COD,124800
2024-04-25,Pillow P,Home,178000,2,C2391,Malang,20,E-Wallet,284800
2024-04-25,Tea K,Food,50000,2,C0631,Jakarta,0,Credit Card,100000
2024-04-25,Coffee I,Food,72000,4,C2439,Jakarta,15,E-Wallet,244800
2024-04-25,Smartphone B,Electronics,5237000,1,C1195,Jakarta,0,E-Wallet,5237000
2024-04-25,Monitor D,Electronics,2675000,1,C1800,Surabaya,20,Credit Card,2140000
2024-04-25,T-Shirt G,Fashion,246000,2,C2085,Semarang,15,E-Wallet,418200
2024-04-25,Chocolate L,Food,61000,2,C0107,Surabaya,15,E-Wallet,103700
2024-04-25,Lamp M,Home,299000,4,C0828,Malang,5,E-Wallet,1136200
2024-04-25,Monitor D,Electronics,2434000,3,C0760,Jakarta,0,Credit Card,7302000
2024-04-25,Shoes E,Fashion,637000,1,C2364,Jakarta,5,Bank Transfer,605150
2024-04-25,Laptop A,Electronics,7648000,2,C0621,Bandung,5,Credit Card,14531200
2024-04-25,Laptop A,Electronics,8502000,3,C0965,Solo,5,E-Wallet,24230700
2024-04-25,Smartphone B,Electronics,5159000,2,C1327,Surabaya,15,Credit Card,8770300
2024-04-25,Monitor D,Electronics,2521000,2,C2431,Jakarta,15,Credit Card,4285700
2024-04-26,Headphone C,Electronics,737000,1,C1588,Semarang,10,COD,663300
2024-04-26,Tea K,Food,52000,2,C2364,Jakarta,10,COD,93600
2024-04-26,Smartphone B,Electronics,5223000,2,C1704,Surabaya,20,E-Wallet,8356800
2024-04-26,Monitor D,Electronics,2609000,2,C0602,Jakarta,5,Credit Card,4957100
2024-04-26,Chair N,Home,932000,2,C0706,Surabaya,0,Credit Card,1864000
2024-04-26,Chocolate L,Food,58000,3,C1181,Jakarta,0,COD,174000
2024-04-26,T-Shirt G,Fashion,247000,3,C0699,Solo,20,E-Wallet,592800
2024-04-26,Laptop A,Electronics,8523000,1,C1969,Malang,5,Credit Card,8096850
2024-04-26,Bag H,Fashion,413000,1,C1132,Jakarta,15,COD,351050
2024-04-26,Jacket F,Fashion,525000,1,C1528,Jakarta,0,E-Wallet,525000
2024-04-26,Bag H,Fashion,489000,5,C2094,Surabaya,10,E-Wallet,2200500
2024-04-26,Tea K,Food,54000,1,C2470,Jakarta,0,COD,54000
2024-04-26,Bag H,Fashion,470000,5,C2100,Jakarta,15,Credit Card,1997500
2024-04-26,Chocolate L,Food,60000,1,C0452,Jakarta,0,E-Wallet,60000
2024-04-26,Tea K,Food,52000,1,C1825,Solo,0,Credit Card,52000
2024-04-26,Headphone C,Electronics,795000,3,C1860,Semarang,15,Credit Card,2027250
2024-04-27,Laptop A,Electronics,8713000,4,C2469,Jakarta,0,COD,34852000
2024-04-27,Monitor D,Electronics,2518000,1,C0445,Yogyakarta,0,E-Wallet,2518000
2024-04-27,Monitor D,Electronics,2480000,3,C2013,Semarang,10,Credit Card,6696000
2024-04-27,Coffee I,Food,77000,1,C0933,Jakarta,10,E-Wallet,69300
2024-04-27,Headphone C,Electronics,716000,3,C0549,Jakarta,5,Credit Card,2040600
2024-04-27,Bag H,Fashion,435000,1,C0307,Surabaya,0,Credit Card,435000
2024-04-27,Snack J,Food,34000,1,C2459,Jakarta,5,COD,32300
2024-04-28,Smartphone B,Electronics,5284000,1,C0737,Semarang,0,COD,5284000
2024-04-28,Chocolate L,Food,62000,2,C0357,Jakarta,10,COD,111600
2024-04-28,T-Shirt G,Fashion,247000,1,C0421,Surabaya,0,E-Wallet,247000
2024-04-28,Pillow P,Home,177000,2,C0679,Bandung,5,E-Wallet,336300
2024-04-28,T-Shirt G,Fashion,234000,2,C0089,Bandung,0,E-Wallet,468000
2024-04-28,Snack J,Food,35000,2,C0471,Surabaya,20,Bank Transfer,56000
2024-04-28,Shoes E,Fashion,699000,1,C1724,Malang,5,Credit Card,664050
2024-04-28,T-Shirt G,Fashion,242000,2,C0121,Semarang,10,Credit Card,435600
2024-04-28,Laptop A,Electronics,9013000,2,C2106,Jakarta,10,E-Wallet,16223400
2024-04-28,Lamp M,Home,294000,1,C1816,Bandung,0,Credit Card,294000
2024-04-28,Lamp M,Home,257000,5,C1286,Surabaya,0,Credit Card,1285000
2024-04-28,Chocolate L,Food,60000,2,C0002,Surabaya,5,Credit Card,114000
2024-04-28,Shoes E,Fashion,679000,2,C0138,Surabaya,15,E-Wallet,1154300
2024-04-28,Monitor D,Electronics,2537000,1,C2323,Bandung,0,COD,2537000
2024-04-28,Bag H,Fashion,458000,1,C2287,Jakarta,0,Credit Card,458000
2024-04-28,Chair N,Home,876000,1,C0383,Bandung,5,Bank Transfer,832200
2024-04-28,Monitor D,Electronics,2390000,1,C0489,Semarang,10,E-Wallet,2151000
2024-04-28,Table O,Home,1454000,1,C1505,Bandung,10,Bank Transfer,1308600
2024-04-28,Lamp M,Home,304000,2,C0691,Surabaya,5,Bank Transfer,577600
2024-04-28,Coffee I,Food,77000,3,C2165,Surabaya,5,COD,219450
2024-04-28,Tea K,Food,49000,2,C0702,Surabaya,0,COD,98000
2024-04-28,Coffee I,Food,80000,4,C2198,Bandung,10,E-Wallet,288000
2024-04-28,Jacket F,Fashion,549000,1,C0799,Semarang,0,E-Wallet,549000
2024-04-28,Laptop A,Electronics,8215000,1,C0266,Malang,10,E-Wallet,7393500
2024-04-29,Jacket F,Fashion,561000,1,C2227,Yogyakarta,10,COD,504900
2024-04-29,T-Shirt G,Fashion,250000,1,C0792,Jakarta,5,E-Wallet,237500
2024-04-29,Smartphone B,Electronics,4772000,3,C1587,Jakarta,20,COD,11452800
2024-04-29,Chair N,Home,949000,2,C0294,Bandung,15,Bank Transfer,1613300
2024-04-29,Monitor D,Electronics,2386000,3,C0550,Malang,10,Credit Card,6442200
2024-04-29,Monitor D,Electronics,2528000,3,C1984,Bandung,15,E-Wallet,6446400
2024-04-29,T-Shirt G,Fashion,251000,2,C1080,Bandung,0,E-Wallet,502000
2024-04-29,Snack J,Food,39000,1,C1176,Malang,5,Bank Transfer,37050
2024-04-29,Coffee I,Food,77000,2,C0667,Yogyakarta,15,E-Wallet,130900
2024-04-29,Lamp M,Home,312000,2,C1892,Solo,0,E-Wallet,624000
2024-04-29,Chocolate L,Food,66000,3,C2012,Yogyakarta,10,Credit Card,178200
2024-04-29,Lamp M,Home,315000,5,C2353,Jakarta,10,Bank Transfer,1417500
2024-04-29,Lamp M,Home,303000,2,C0628,Jakarta,15,Bank Transfer,515100
2024-04-29,Smartphone B,Electronics,4846000,1,C2048,Semarang,5,E-Wallet,4603700
2024-04-29,Chair N,Home,895000,1,C0413,Solo,0,Credit Card,895000
2024-04-29,Headphone C,Electronics,783000,1,C1433,Jakarta,0,COD,783000
2024-04-29,Chair N,Home,915000,1,C0890,Semarang,5,Credit Card,869250
2024-04-29,Monitor D,Electronics,2374000,2,C2237,Jakarta,0,E-Wallet,4748000
2024-04-29,Laptop A,Electronics,8740000,3,C0610,Surabaya,15,Credit Card,22287000
2024-04-29,Jacket F,Fashion,538000,3,C0718,Jakarta,10,Credit Card,1452600
2024-04-30,Smartphone B,Electronics,4886000,1,C2325,Yogyakarta,0,Credit Card,4886000
2024-04-30,Monitor D,Electronics,2442000,3,C2110,Surabaya,0,COD,7326000
2024-04-30,Pillow P,Home,189000,5,C2287,Jakarta,5,E-Wallet,897750
2024-04-30,Jacket F,Fashion,537000,3,C2048,Bandung,20,Credit Card,1288800
2024-04-30,Lamp M,Home,298000,1,C0280,Semarang,0,E-Wallet,298000
2024-04-30,Lamp M,Home,289000,3,C1400,Semarang,10,E-Wallet,780300
2024-04-30,Monitor D,Electronics,2524000,1,C2258,Jakarta,0,Bank Transfer,2524000
2024-04-30,Coffee I,Food,72000,1,C2010,Malang,20,E-Wallet,57600
2024-04-30,Snack J,Food,36000,3,C2056,Semarang,15,Bank Transfer,91800
2024-04-30,Laptop A,Electronics,8375000,2,C0678,Bandung,5,Credit Card,15912500
2024-04-30,Chocolate L,Food,61000,1,C0377,Semarang,0,Credit Card,61000
2024-04-30,T-Shirt G,Fashion,249000,1,C0568,Jakarta,0,COD,249000
2024-04-30,Monitor D,Electronics,2402000,1,C2015,Jakarta,10,E-Wallet,2161800
2024-04-30,Headphone C,Electronics,774000,1,C1200,Bandung,10,COD,696600
2024-04-30,Laptop A,Electronics,8146000,2,C0004,Semarang,0,Credit Card,16292000
2024-04-30,Tea K,Food,48000,3,C0437,Surabaya,15,E-Wallet,122400
2024-04-30,Headphone C,Electronics,717000,2,C1922,Jakarta,0,Bank Transfer,1434000
2024-04-30,Pillow P,Home,181000,2,C0456,Bandung,10,Credit Card,325800
2024-04-30,Chair N,Home,911000,1,C2066,Jakarta,15,COD,774350
2024-04-30,Laptop A,Electronics,8191000,1,C1694,Semarang,10,COD,7371900
2024-04-30,Pillow P,Home,165000,2,C0289,Yogyakarta,0,Bank Transfer,330000
2024-04-30,Monitor D,Electronics,2708000,1,C0753,Malang,0,Credit Card,2708000
2024-04-30,Bag H,Fashion,432000,1,C2466,Bandung,5,Bank Transfer,410400
2024-04-30,Coffee I,Food,71000,3,C2322,Bandung,10,Bank Transfer,191700
2024-04-30,Tea K,Food,49000,2,C2203,Malang,15,Bank Transfer,83300
2024-04-30,Snack J,Food,36000,1,C1761,Yogyakarta,0,Credit Card,36000
2024-05-01,Chair N,Home,927000,3,C0898,Surabaya,5,COD,2641950
2024-05-01,Smartphone B,Electronics,4869000,1,C0952,Surabaya,15,Credit Card,4138650
2024-05-01,Chocolate L,Food,59000,4,C2481,Bandung,10,COD,212400
2024-05-01,Jacket F,Fashion,515000,1,C0759,Jakarta,20,Credit Card,412000
2024-05-01,Chocolate L,Food,61000,1,C1746,Jakarta,0,Bank Transfer,61000
2024-05-01,Smartphone B,Electronics,4842000,1,C1642,Bandung,0,COD,4842000
2024-05-01,Headphone C,Electronics,796000,1,C0767,Bandung,10,Credit Card,716400
2024-05-01,Chocolate L,Food,63000,4,C1861,Jakarta,5,E-Wallet,239400
2024-05-01,Pillow P,Home,170000,1,C1580,Malang,15,Credit Card,144500
2024-05-01,Tea K,Food,48000,3,C2380,Yogyakarta,20,E-Wallet,115200
2024-05-01,Snack J,Food,37000,1,C1695,Jakarta,5,Credit Card,35150
2024-05-01,T-Shirt G,Fashion,240000,1,C0416,Surabaya,10,Bank Transfer,216000
2024-05-01,Table O,Home,1472000,1,C0755,Semarang,15,COD,1251200
2024-05-01,Headphone C,Electronics,789000,2,C2147,Yogyakarta,0,Credit Card,1578000
2024-05-01,Monitor D,Electronics,2526000,2,C0794,Solo,5,Bank Transfer,4799400
2024-05-01,Headphone C,Electronics,762000,2,C1814,Yogyakarta,10,Credit Card,1371600
2024-05-01,Table O,Home,1601000,2,C0497,Surabaya,0,Credit Card,3202000
2024-05-01,Monitor D,Electronics,2615000,2,C0996,Yogyakarta,10,Bank Transfer,4707000
2024-05-01,Coffee I,Food,71000,3,C2322,Yogyakarta,10,Bank Transfer,191700
2024-05-02,T-Shirt G,Fashion,254000,3,C2320,Bandung,0,E-Wallet,762000
2024-05-02,Smartphone B,Electronics,4954000,1,C1301,Surabaya,0,Credit Card,4954000
2024-05-02,Snack J,Food,33000,3,C2273,Jakarta,5,E-Wallet,94050
2024-05-02,Shoes E,Fashion,695000,5,C0351,Semarang,10,COD,3127500
2024-05-02,Monitor D,Electronics,2334000,3,C0562,Solo,10,Credit Card,6301800
2024-05-02,Smartphone B,Electronics,4941000,3,C0081,Semarang,10,Bank Transfer,13340700
2024-05-02,Pillow P,Home,184000,1,C0899,Surabaya,10,E-Wallet,165600
2024-05-02,Tea K,Food,50000,1,C1889,Surabaya,0,Bank Transfer,50000
2024-05-02,Bag H,Fashion,450000,4,C2262,Semarang,5,Bank Transfer,1710000
2024-05-02,Laptop A,Electronics,8751000,5,C2210,Bandung,20,COD,35004000
2024-05-03,Coffee I,Food,76000,5,C0822,Semarang,10,COD,342000
2024-05-03,Pillow P,Home,175000,2,C0470,Jakarta,10,Credit Card,315000
2024-05-03,Shoes E,Fashion,696000,1,C1864,Solo,0,E-Wallet,696000
2024-05-03,Tea K,Food,50000,1,C0963,Surabaya,15,Credit Card,42500
2024-05-03,Monitor D,Electronics,2304000,1,C2146,Bandung,5,E-Wallet,2188800
2024-05-03,Jacket F,Fashion,499000,1,C2189,Semarang,0,E-Wallet,499000
2024-05-03,Monitor D,Electronics,2333000,2,C2459,Solo,15,Credit Card,3966100
2024-05-03,Chocolate L,Food,61000,1,C2475,Semarang,10,E-Wallet,54900
2024-05-03,Smartphone B,Electronics,4955000,2,C2491,Solo,5,Bank Transfer,9414500
2024-05-03,Chair N,Home,920000,2,C1903,Jakarta,5,Bank Transfer,1748000
2024-05-03,Chair N,Home,908000,2,C1970,Bandung,0,E-Wallet,1816000
2024-05-03,Jacket F,Fashion,548000,3,C1530,Bandung,5,E-Wallet,1561800
2024-05-03,Chair N,Home,864000,1,C0375,Jakarta,20,Bank Transfer,691200
2024-05-03,Snack J,Food,35000,3,C0913,Surabaya,10,Bank Transfer,94500
2024-05-03,Lamp M,Home,294000,3,C1519,Semarang,0,E-Wallet,882000
2024-05-03,Smartphone B,Electronics,5225000,3,C1021,Semarang,0,COD,15675000
2024-05-03,Shoes E,Fashion,629000,4,C0846,Jakarta,10,Bank Transfer,2264400
2024-05-03,Laptop A,Electronics,8284000,2,C0149,Semarang,20,Bank Transfer,13254400
2024-05-03,Lamp M,Home,318000,5,C0041,Semarang,5,E-Wallet,1510500
2024-05-04,Pillow P,Home,188000,1,C1820,Semarang,10,Bank Transfer,169200
2024-05-04,Chocolate L,Food,55000,4,C0691,Bandung,0,E-Wallet,220000
2024-05-04,Shoes E,Fashion,649000,2,C1653,Bandung,5,E-Wallet,1233100
2024-05-04,Shoes E,Fashion,627000,1,C0259,Yogyakarta,0,COD,627000
2024-05-04,T-Shirt G,Fashion,259000,3,C0119,Semarang,10,Credit Card,699300
2024-05-04,Smartphone B,Electronics,4951000,1,C0999,Bandung,10,E-Wallet,4455900
2024-05-04,Coffee I,Food,76000,1,C1092,Jakarta,5,E-Wallet,72200
2024-05-04,Shoes E,Fashion,678000,2,C2082,Semarang,0,E-Wallet,1356000
2024-05-04,Coffee I,Food,74000,1,C2040,Semarang,10,Bank Transfer,66600
2024-05-04,T-Shirt G,Fashion,253000,2,C2226,Semarang,0,Credit Card,506000
2024-05-04,Coffee I,Food,70000,1,C1782,Jakarta,10,Bank Transfer,63000
2024-05-04,Chair N,Home,911000,3,C2246,Malang,15,E-Wallet,2323050
2024-05-05,Lamp M,Home,302000,2,C0904,Yogyakarta,15,COD,513400
2024-05-05,Lamp M,Home,307000,2,C0621,Bandung,0,Bank Transfer,614000
2024-05-05,Bag H,Fashion,466000,1,C0426,Bandung,5,E-Wallet,442700
2024-05-05,Bag H,Fashion,424000,1,C0806,Surabaya,20,Credit Card,339200
2024-05-05,Bag H,Fashion,461000,1,C0552,Jakarta,10,Bank Transfer,414900
2024-05-05,Shoes E,Fashion,598000,2,C2161,Jakarta,0,Bank Transfer,1196000
2024-05-05,Pillow P,Home,178000,2,C1797,Yogyakarta,0,COD,356000
2024-05-05,T-Shirt G,Fashion,247000,1,C1293,Jakarta,5,E-Wallet,234650
2024-05-05,Tea K,Food,52000,1,C1029,Malang,0,COD,52000
2024-05-05,T-Shirt G,Fashion,250000,2,C1554,Semarang,15,E-Wallet,425000
2024-05-05,T-Shirt G,Fashion,247000,4,C0375,Semarang,5,Bank Transfer,938600
2024-05-05,Tea K,Food,47000,1,C0010,Solo,15,COD,39950
2024-05-05,T-Shirt G,Fashion,244000,2,C0268,Malang,10,Credit Card,439200
2024-05-05,Shoes E,Fashion,634000,1,C1778,Yogyakarta,10,Bank Transfer,570600
2024-05-05,Lamp M,Home,301000,1,C1710,Bandung,5,E-Wallet,285950
2024-05-05,Smartphone B,Electronics,4774000,1,C1114,Surabaya,20,Bank Transfer,3819200
2024-05-05,Pillow P,Home,185000,1,C2251,Bandung,20,E-Wallet,148000
2024-05-05,Smartphone B,Electronics,4782000,1,C1599,Semarang,5,Credit Card,4542900
2024-05-05,Bag H,Fashion,457000,2,C0010,Semarang,10,Bank Transfer,822600
2024-05-06,Tea K,Food,48000,4,C0152,Malang,5,Credit Card,182400
2024-05-06,Jacket F,Fashion,517000,5,C0788,Solo,5,Credit Card,2455750
2024-05-06,Jacket F,Fashion,563000,4,C2199,Semarang,0,E-Wallet,2252000
2024-05-06,Laptop A,Electronics,8786000,2,C0785,Solo,10,Bank Transfer,15814800
2024-05-06,Jacket F,Fashion,576000,1,C1980,Bandung,0,COD,576000
2024-05-06,Snack J,Food,36000,1,C1000,Surabaya,5,COD,34200
2024-05-06,Laptop A,Electronics,8566000,2,C0119,Malang,10,E-Wallet,15418800
2024-05-06,Pillow P,Home,192000,1,C1538,Bandung,5,E-Wallet,182400
2024-05-06,Pillow P,Home,185000,3,C0205,Jakarta,0,Bank Transfer,555000
2024-05-06,Headphone C,Electronics,718000,1,C2029,Bandung,0,E-Wallet,718000
2024-05-07,Bag H,Fashion,439000,4,C0818,Bandung,0,E-Wallet,1756000
2024-05-07,Table O,Home,1500000,1,C2387,Bandung,0,E-Wallet,1500000
2024-05-07,Snack J,Food,36000,3,C1575,Jakarta,5,Bank Transfer,102600
2024-05-07,T-Shirt G,Fashion,269000,4,C0400,Malang,0,Credit Card,1076000
2024-05-07,Snack J,Food,35000,2,C2324,Yogyakarta,10,Credit Card,63000
2024-05-07,Snack J,Food,36000,3,C1340,Bandung,0,Bank Transfer,108000
2024-05-07,Bag H,Fashion,490000,2,C1326,Malang,10,Bank Transfer,882000
2024-05-07,Monitor D,Electronics,2403000,1,C1786,Surabaya,10,E-Wallet,2162700
2024-05-07,Headphone C,Electronics,782000,1,C1066,Semarang,15,Credit Card,664700
2024-05-07,Laptop A,Electronics,8639000,1,C2257,Semarang,10,E-Wallet,7775100
2024-05-07,Jacket F,Fashion,580000,2,C1402,Solo,20,Credit Card,928000
2024-05-07,Jacket F,Fashion,524000,2,C0957,Surabaya,0,Credit Card,1048000
2024-05-07,Shoes E,Fashion,612000,4,C1749,Jakarta,0,Credit Card,2448000
2024-05-07,Shoes E,Fashion,641000,1,C0800,Bandung,10,Credit Card,576900
2024-05-07,Tea K,Food,46000,3,C0985,Jakarta,10,Bank Transfer,124200
2024-05-07,Shoes E,Fashion,686000,1,C0929,Surabaya,10,Credit Card,617400
2024-05-08,Pillow P,Home,173000,2,C0453,Solo,5,Credit Card,328700
2024-05-08,Smartphone B,Electronics,4938000,1,C0211,Jakarta,0,Credit Card,4938000
2024-05-08,Headphone C,Electronics,765000,1,C0875,Yogyakarta,0,E-Wallet,765000
2024-05-08,Laptop A,Electronics,8621000,1,C0062,Solo,15,Bank Transfer,7327850
2024-05-08,Chair N,Home,939000,5,C2472,Yogyakarta,5,COD,4460250
2024-05-08,Bag H,Fashion,441000,2,C0838,Yogyakarta,5,Bank Transfer,837900
2024-05-08,Headphone C,Electronics,803000,1,C1709,Semarang,0,Bank Transfer,803000
2024-05-08,Tea K,Food,50000,3,C2053,Surabaya,20,COD,120000
2024-05-08,Headphone C,Electronics,790000,2,C1838,Surabaya,0,Bank Transfer,1580000
2024-05-08,Chocolate L,Food,62000,1,C1839,Semarang,10,E-Wallet,55800
2024-05-08,Table O,Home,1492000,1,C0179,Jakarta,10,E-Wallet,1342800
2024-05-08,Smartphone B,Electronics,5017000,1,C0288,Surabaya,5,Credit Card,4766150
2024-05-08,Headphone C,Electronics,783000,1,C2289,Jakarta,0,E-Wallet,783000
2024-05-08,Chair N,Home,940000,4,C1041,Solo,15,Credit Card,3196000
2024-05-08,Coffee I,Food,79000,3,C1326,Bandung,10,Credit Card,213300
2024-05-08,Chair N,Home,942000,1,C1214,Jakarta,10,COD,847800
2024-05-09,Bag H,Fashion,482000,1,C0649,Semarang,15,Bank Transfer,409700
2024-05-09,Monitor D,Electronics,2584000,1,C2266,Surabaya,15,E-Wallet,2196400
2024-05-09,Bag H,Fashion,422000,1,C0496,Yogyakarta,5,Bank Transfer,400900
2024-05-09,Laptop A,Electronics,8916000,2,C2260,Bandung,15,Bank Transfer,15157200
2024-05-09,Bag H,Fashion,496000,1,C1858,Bandung,5,E-Wallet,471200
2024-05-09,T-Shirt G,Fashion,258000,1,C0699,Bandung,5,E-Wallet,245100
2024-05-09,Tea K,Food,46000,1,C0114,Solo,0,Credit Card,46000
2024-05-09,Bag H,Fashion,451000,3,C0838,Malang,0,E-Wallet,1353000
2024-05-09,Headphone C,Electronics,737000,1,C1657,Surabaya,10,COD,663300
2024-05-09,Headphone C,Electronics,743000,1,C1027,Surabaya,15,Bank Transfer,631550
2024-05-09,Laptop A,Electronics,8362000,1,C1916,Surabaya,10,E-Wallet,7525800
2024-05-09,Chocolate L,Food,60000,3,C1198,Semarang,0,E-Wallet,180000
2024-05-09,Coffee I,Food,76000,2,C0838,Jakarta,0,E-Wallet,152000
2024-05-09,Headphone C,Electronics,754000,2,C0104,Jakarta,5,E-Wallet,1432600
2024-05-09,Smartphone B,Electronics,4945000,1,C0341,Jakarta,0,Credit Card,4945000
2024-05-09,Snack J,Food,35000,1,C1152,Jakarta,0,E-Wallet,35000
2024-05-09,Table O,Home,1535000,2,C1312,Jakarta,15,E-Wallet,2609500
2024-05-09,Tea K,Food,48000,2,C0514,Yogyakarta,15,Bank Transfer,81600
2024-05-09,Headphone C,Electronics,722000,2,C1765,Jakarta,0,Bank Transfer,1444000
2024-05-10,Headphone C,Electronics,751000,1,C0318,Jakarta,15,E-Wallet,638350
2024-05-10,Chocolate L,Food,62000,3,C0244,Surabaya,15,Credit Card,158100
2024-05-10,Shoes E,Fashion,637000,3,C0054,Bandung,10,Bank Transfer,1719900
2024-05-10,Pillow P,Home,188000,2,C2465,Bandung,0,E-Wallet,376000
2024-05-10,Headphone C,Electronics,787000,1,C2301,Jakarta,5,Credit Card,747650
2024-05-10,Snack J,Food,33000,4,C1000,Jakarta,15,Bank Transfer,112200
2024-05-10,Monitor D,Electronics,2694000,2,C0703,Bandung,0,E-Wallet,5388000
2024-05-10,Coffee I,Food,76000,3,C1385,Surabaya,0,Bank Transfer,228000
2024-05-10,Snack J,Food,37000,1,C0324,Jakarta,0,Bank Transfer,37000
2024-05-10,Coffee I,Food,73000,1,C0334,Jakarta,0,E-Wallet,73000
2024-05-10,T-Shirt G,Fashion,270000,2,C1688,Jakarta,5,Bank Transfer,513000
2024-05-10,Monitor D,Electronics,2498000,1,C1121,Jakarta,0,E-Wallet,2498000
2024-05-10,Smartphone B,Electronics,4933000,3,C0448,Surabaya,15,Bank Transfer,12579150
2024-05-10,Chocolate L,Food,61000,1,C0043,Surabaya,10,E-Wallet,54900
2024-05-10,Jacket F,Fashion,538000,2,C1867,Solo,15,E-Wallet,914600
2024-05-10,Coffee I,Food,74000,1,C1343,Semarang,0,COD,74000
2024-05-10,Tea K,Food,49000,1,C1914,Jakarta,0,Bank Transfer,49000
2024-05-10,Lamp M,Home,291000,3,C0545,Surabaya,5,Credit Card,829350
2024-05-10,Table O,Home,1529000,1,C2429,Yogyakarta,0,Credit Card,1529000
2024-05-10,Headphone C,Electronics,745000,1,C0969,Surabaya,5,E-Wallet,707750
2024-05-10,Headphone C,Electronics,771000,2,C1169,Surabaya,5,COD,1464900
2024-05-10,Pillow P,Home,183000,2,C1429,Malang,10,Credit Card,329400
2024-05-10,Coffee I,Food,75000,4,C0489,Yogyakarta,0,E-Wallet,300000
2024-05-10,T-Shirt G,Fashion,246000,1,C0162,Jakarta,0,Bank Transfer,246000
2024-05-11,Tea K,Food,48000,3,C1314,Bandung,10,COD,129600
2024-05-11,Snack J,Food,34000,2,C0198,Yogyakarta,15,Credit Card,57800
2024-05-11,Jacket F,Fashion,547000,1,C0834,Bandung,10,COD,492300
2024-05-11,Table O,Home,1484000,1,C0680,Yogyakarta,10,E-Wallet,1335600
2024-05-11,Coffee I,Food,75000,2,C2388,Yogyakarta,10,Credit Card,135000
2024-05-11,Chocolate L,Food,58000,1,C2093,Malang,15,Credit Card,49300
2024-05-11,Jacket F,Fashion,570000,2,C0751,Surabaya,10,Credit Card,1026000
2024-05-11,Bag H,Fashion,458000,2,C1387,Surabaya,5,E-Wallet,870200
2024-05-11,Shoes E,Fashion,681000,1,C1177,Bandung,5,E-Wallet,646950
2024-05-11,Monitor D,Electronics,2548000,2,C0532,Yogyakarta,15,Bank Transfer,4331600
2024-05-11,T-Shirt G,Fashion,250000,2,C1260,Jakarta,0,Bank Transfer,500000
2024-05-11,Pillow P,Home,179000,3,C0648,Semarang,0,COD,537000
2024-05-11,Smartphone B,Electronics,5258000,1,C0288,Bandung,20,Credit Card,4206400
2024-05-11,T-Shirt G,Fashion,242000,4,C1963,Surabaya,0,Bank Transfer,968000
2024-05-12,Tea K,Food,49000,1,C2469,Malang,0,E-Wallet,49000
2024-05-12,Monitor D,Electronics,2611000,5,C0337,Yogyakarta,5,Credit Card,12402250
2024-05-12,Table O,Home,1616000,2,C1991,Jakarta,5,Credit Card,3070400
2024-05-12,Tea K,Food,49000,1,C0159,Solo,15,Bank Transfer,41650
2024-05-12,Shoes E,Fashion,608000,2,C1584,Jakarta,15,E-Wallet,1033600
2024-05-12,Lamp M,Home,293000,3,C1888,Surabaya,10,Credit Card,791100
2024-05-12,Bag H,Fashion,444000,2,C0321,Surabaya,0,E-Wallet,888000
2024-05-12,Shoes E,Fashion,629000,2,C0301,Surabaya,20,Credit Card,1006400
2024-05-12,Chair N,Home,941000,4,C1042,Jakarta,15,Bank Transfer,3199400
2024-05-12,Smartphone B,Electronics,5332000,1,C0836,Jakarta,5,Bank Transfer,5065400
2024-05-12,Bag H,Fashion,448000,1,C2395,Semarang,5,Credit Card,425600
2024-05-12,Jacket F,Fashion,541000,1,C0731,Semarang,0,E-Wallet,541000
2024-05-13,Smartphone B,Electronics,4834000,2,C1135,Surabaya,10,COD,8701200
2024-05-13,Tea K,Food,51000,2,C0151,Malang,10,Credit Card,91800
2024-05-13,Coffee I,Food,80000,2,C2001,Jakarta,0,Credit Card,160000
2024-05-13,Tea K,Food,47000,1,C0258,Semarang,5,Credit Card,44650
2024-05-13,Pillow P,Home,190000,2,C1546,Malang,5,Credit Card,361000
2024-05-13,T-Shirt G,Fashion,274000,2,C1609,Malang,10,Bank Transfer,493200
2024-05-13,Jacket F,Fashion,565000,1,C0557,Jakarta,10,E-Wallet,508500
2024-05-13,Shoes E,Fashion,632000,1,C1024,Solo,0,E-Wallet,632000
2024-05-13,Shoes E,Fashion,653000,2,C0881,Semarang,5,Bank Transfer,1240700
2024-05-13,Bag H,Fashion,436000,5,C2342,Malang,10,Credit Card,1962000
2024-05-13,T-Shirt G,Fashion,242000,1,C0666,Bandung,0,E-Wallet,242000
2024-05-14,Monitor D,Electronics,2477000,1,C1806,Semarang,5,Bank Transfer,2353150
2024-05-14,Tea K,Food,53000,4,C1729,Surabaya,0,E-Wallet,212000
2024-05-14,Lamp M,Home,292000,1,C1475,Semarang,10,Bank Transfer,262800
2024-05-14,T-Shirt G,Fashion,247000,3,C0757,Semarang,0,E-Wallet,741000
2024-05-14,Monitor D,Electronics,2596000,4,C1526,Surabaya,10,COD,9345600
2024-05-14,Tea K,Food,52000,4,C2178,Solo,10,COD,187200
2024-05-14,Table O,Home,1563000,1,C1365,Jakarta,0,Bank Transfer,1563000
2024-05-14,Table O,Home,1434000,2,C0843,Surabaya,0,E-Wallet,2868000
2024-05-14,Tea K,Food,52000,1,C2172,Solo,0,Credit Card,52000
2024-05-14,Headphone C,Electronics,730000,1,C0386,Surabaya,10,E-Wallet,657000
2024-05-14,Laptop A,Electronics,8574000,1,C0889,Jakarta,10,Credit Card,7716600
2024-05-14,Jacket F,Fashion,526000,2,C0225,Yogyakarta,0,E-Wallet,1052000
2024-05-14,Chair N,Home,873000,2,C1820,Jakarta,0,Bank Transfer,1746000
2024-05-14,Chocolate L,Food,65000,2,C0486,Malang,10,E-Wallet,117000
2024-05-14,Chocolate L,Food,62000,1,C1211,Surabaya,10,Bank Transfer,55800
2024-05-14,Table O,Home,1446000,1,C1850,Jakarta,5,Bank Transfer,1373700
2024-05-15,Laptop A,Electronics,8119000,2,C0491,Solo,0,E-Wallet,16238000
2024-05-15,Snack J,Food,34000,3,C2255,Surabaya,0,Credit Card,102000
2024-05-15,Coffee I,Food,70000,2,C1399,Semarang,10,E-Wallet,126000
2024-05-15,Bag H,Fashion,448000,2,C1415,Bandung,5,E-Wallet,851200
2024-05-15,Tea K,Food,53000,1,C0873,Surabaya,5,Credit Card,50350
2024-05-15,Lamp M,Home,307000,1,C0816,Jakarta,20,COD,245600
2024-05-15,Tea K,Food,47000,3,C2216,Semarang,10,E-Wallet,126900
2024-05-15,Smartphone B,Electronics,4850000,2,C0545,Bandung,15,Bank Transfer,8245000
2024-05-15,Table O,Home,1589000,2,C1262,Malang,20,E-Wallet,2542400
2024-05-15,Bag H,Fashion,448000,2,C1938,Semarang,0,Bank Transfer,896000
2024-05-15,Coffee I,Food,78000,1,C1220,Surabaya,5,E-Wallet,74100
2024-05-15,Jacket F,Fashion,565000,1,C0814,Jakarta,0,COD,565000
2024-05-15,Chocolate L,Food,61000,1,C0014,Bandung,15,Bank Transfer,51850
2024-05-15,Chocolate L,Food,58000,1,C0723,Bandung,5,Credit Card,55100
2024-05-15,Snack J,Food,34000,3,C2294,Semarang,5,E-Wallet,96900
2024-05-15,Pillow P,Home,189000,2,C1327,Jakarta,5,E-Wallet,359100
2024-05-15,T-Shirt G,Fashion,257000,2,C0835,Bandung,5,Bank Transfer,488300
2024-05-15,Pillow P,Home,182000,4,C0909,Yogyakarta,10,Bank Transfer,655200
2024-05-15,Table O,Home,1537000,1,C0235,Semarang,10,Credit Card,1383300
2024-05-15,Headphone C,Electronics,792000,2,C1224,Semarang,0,COD,1584000
2024-05-16,Pillow P,Home,173000,1,C0915,Surabaya,10,COD,155700
2024-05-16,Coffee I,Food,77000,1,C1447,Semarang,0,E-Wallet,77000
2024-05-16,Shoes E,Fashion,593000,3,C1013,Surabaya,10,E-Wallet,1601100
2024-05-16,Smartphone B,Electronics,4921000,4,C1579,Semarang,0,E-Wallet,19684000
2024-05-16,T-Shirt G,Fashion,259000,1,C0031,Jakarta,5,Credit Card,246050
2024-05-16,Bag H,Fashion,438000,3,C1717,Jakarta,10,E-Wallet,1182600
2024-05-16,Chocolate L,Food,58000,1,C0964,Jakarta,10,Credit Card,52200
2024-05-16,Shoes E,Fashion,642000,2,C1491,Yogyakarta,0,E-Wallet,1284000
2024-05-16,Shoes E,Fashion,635000,1,C1331,Yogyakarta,15,Credit Card,539750
2024-05-16,Shoes E,Fashion,694000,2,C1703,Jakarta,5,Credit Card,1318600
2024-05-16,Shoes E,Fashion,731000,1,C0950,Surabaya,10,E-Wallet,657900
2024-05-16,Bag H,Fashion,457000,2,C0688,Yogyakarta,10,Credit Card,822600
2024-05-16,Chocolate L,Food,61000,2,C0062,Malang,10,E-Wallet,109800
2024-05-16,Monitor D,Electronics,2552000,3,C0876,Bandung,0,COD,7656000
2024-05-16,Jacket F,Fashion,515000,2,C0089,Bandung,5,E-Wallet,978500
2024-05-16,Coffee I,Food,79000,3,C1221,Yogyakarta,0,Credit Card,237000
2024-05-16,Table O,Home,1572000,2,C0184,Yogyakarta,15,Bank Transfer,2672400
2024-05-17,Smartphone B,Electronics,4741000,1,C0661,Surabaya,5,Credit Card,4503950
2024-05-17,Shoes E,Fashion,675000,2,C0530,Semarang,5,Credit Card,1282500
2024-05-17,Smartphone B,Electronics,4915000,1,C0450,Jakarta,15,COD,4177750
2024-05-17,Jacket F,Fashion,543000,2,C1556,Surabaya,5,Credit Card,1031700
2024-05-17,Tea K,Food,52000,1,C0727,Jakarta,0,Bank Transfer,52000
2024-05-17,Headphone C,Electronics,770000,5,C1245,Semarang,0,Bank Transfer,3850000
2024-05-17,Snack J,Food,32000,2,C1331,Solo,0,COD,64000
2024-05-17,Lamp M,Home,297000,5,C0931,Surabaya,0,E-Wallet,1485000
2024-05-17,Shoes E,Fashion,638000,1,C0996,Jakarta,0,E-Wallet,638000
2024-05-17,Pillow P,Home,182000,4,C1604,Bandung,0,Credit Card,728000
2024-05-17,Headphone C,Electronics,715000,1,C1799,Semarang,15,Credit Card,607750
2024-05-17,Laptop A,Electronics,8360000,2,C1656,Malang,0,Bank Transfer,16720000
2024-05-17,Monitor D,Electronics,2577000,2,C2233,Bandung,5,Credit Card,4896300
2024-05-17,Lamp M,Home,273000,3,C1643,Surabaya,15,E-Wallet,696150
2024-05-17,Shoes E,Fashion,632000,5,C2486,Jakarta,15,Bank Transfer,2686000
2024-05-18,Snack J,Food,35000,3,C1013,Jakarta,20,COD,84000
2024-05-18,Tea K,Food,50000,1,C0715,Jakarta,15,E-Wallet,42500
2024-05-18,Headphone C,Electronics,814000,2,C0404,Jakarta,10,Credit Card,1465200
2024-05-18,Shoes E,Fashion,636000,3,C0797,Malang,5,Credit Card,1812600
2024-05-18,T-Shirt G,Fashion,249000,5,C0903,Malang,10,Bank Transfer,1120500
2024-05-18,Pillow P,Home,172000,2,C2494,Jakarta,20,Credit Card,275200
2024-05-18,Jacket F,Fashion,546000,4,C2406,Surabaya,0,Credit Card,2184000
2024-05-18,Smartphone B,Electronics,5095000,2,C1290,Malang,0,Credit Card,10190000
2024-05-18,Tea K,Food,48000,1,C0045,Malang,5,E-Wallet,45600
2024-05-18,Bag H,Fashion,467000,5,C1617,Bandung,10,E-Wallet,2101500
2024-05-18,Jacket F,Fashion,523000,2,C0955,Yogyakarta,10,COD,941400
2024-05-18,Snack J,Food,37000,2,C0138,Jakarta,0,E-Wallet,74000
2024-05-18,Headphone C,Electronics,755000,3,C1392,Jakarta,10,Bank Transfer,2038500
2024-05-18,Shoes E,Fashion,633000,2,C1016,Surabaya,0,Credit Card,1266000
2024-05-18,Table O,Home,1362000,1,C1617,Yogyakarta,0,Bank Transfer,1362000
2024-05-18,T-Shirt G,Fashion,246000,1,C0236,Yogyakarta,15,Bank Transfer,209100
2024-05-18,Snack J,Food,34000,3,C0051,Malang,10,E-Wallet,91800
2024-05-18,Chocolate L,Food,59000,1,C2266,Bandung,0,Credit Card,59000
2024-05-18,T-Shirt G,Fashion,269000,1,C0627,Surabaya,0,E-Wallet,269000
2024-05-18,Bag H,Fashion,465000,3,C0127,Jakarta,5,Bank Transfer,1325250
2024-05-18,Coffee I,Food,70000,1,C1666,Jakarta,10,Bank Transfer,63000
2024-05-18,Headphone C,Electronics,764000,4,C0678,Jakarta,5,COD,2903200
2024-05-18,Chair N,Home,862000,3,C1940,Semarang,10,COD,2327400
2024-05-18,Tea K,Food,50000,5,C1009,Semarang,5,Bank Transfer,237500
2024-05-19,Pillow P,Home,185000,1,C2102,Surabaya,5,Bank Transfer,175750
2024-05-19,Smartphone B,Electronics,5353000,3,C1792,Surabaya,10,E-Wallet,14453100
2024-05-19,Smartphone B,Electronics,5095000,1,C0630,Yogyakarta,15,Bank Transfer,4330750
2024-05-19,Jacket F,Fashion,565000,3,C0574,Jakarta,0,Credit Card,1695000
2024-05-19,Jacket F,Fashion,543000,2,C0661,Bandung,15,E-Wallet,923100
2024-05-19,Monitor D,Electronics,2746000,1,C0410,Solo,10,E-Wallet,2471400
2024-05-19,Monitor D,Electronics,2524000,1,C2198,Semarang,5,Credit Card,2397800
2024-05-19,Laptop A,Electronics,8257000,2,C1788,Malang,5,Credit Card,15688300
2024-05-19,Table O,Home,1476000,3,C0224,Semarang,0,COD,4428000
2024-05-19,T-Shirt G,Fashion,263000,4,C1207,Surabaya,0,E-Wallet,1052000
2024-05-19,Headphone C,Electronics,733000,3,C1907,Semarang,15,COD,1869150
2024-05-19,Jacket F,Fashion,490000,1,C1278,Malang,5,Bank Transfer,465500
2024-05-19,Jacket F,Fashion,534000,1,C1500,Semarang,10,COD,480600
2024-05-19,Snack J,Food,37000,3,C0558,Semarang,0,COD,111000
2024-05-19,Jacket F,Fashion,581000,2,C1991,Bandung,5,Credit Card,1103900
2024-05-19,Pillow P,Home,175000,1,C0748,Jakarta,10,E-Wallet,157500
2024-05-19,Table O,Home,1524000,3,C2114,Surabaya,15,Credit Card,3886200
2024-05-20,Shoes E,Fashion,659000,3,C2339,Surabaya,10,COD,1779300
2024-05-20,T-Shirt G,Fashion,242000,1,C1182,Jakarta,10,E-Wallet,217800
2024-05-20,Laptop A,Electronics,8604000,2,C0074,Yogyakarta,0,E-Wallet,17208000
2024-05-20,Shoes E,Fashion,654000,1,C2108,Semarang,0,E-Wallet,654000
2024-05-20,Monitor D,Electronics,2681000,1,C1982,Surabaya,0,E-Wallet,2681000
2024-05-20,Coffee I,Food,76000,2,C1439,Bandung,0,E-Wallet,152000
2024-05-20,Chocolate L,Food,65000,1,C1504,Solo,5,E-Wallet,61750
2024-05-20,Headphone C,Electronics,769000,1,C2121,Malang,0,E-Wallet,769000
2024-05-20,Jacket F,Fashion,585000,3,C0730,Solo,15,Bank Transfer,1491750
2024-05-20,Shoes E,Fashion,607000,2,C1257,Yogyakarta,20,E-Wallet,971200
2024-05-20,T-Shirt G,Fashion,248000,5,C1763,Jakarta,0,Credit Card,1240000
2024-05-20,Bag H,Fashion,490000,1,C2475,Semarang,0,COD,490000
2024-05-20,Monitor D,Electronics,2559000,1,C2346,Yogyakarta,15,E-Wallet,2175150
2024-05-20,Laptop A,Electronics,8237000,1,C0132,Bandung,0,E-Wallet,8237000
2024-05-20,Coffee I,Food,72000,5,C1288,Yogyakarta,5,E-Wallet,342000
2024-05-20,Chocolate L,Food,61000,1,C2204,Semarang,0,Credit Card,61000
2024-05-20,Headphone C,Electronics,711000,2,C1601,Jakarta,15,Credit Card,1208700
2024-05-20,Snack J,Food,32000,2,C2394,Malang,10,E-Wallet,57600
2024-05-20,Snack J,Food,34000,1,C1989,Jakarta,5,Credit Card,32300
2024-05-20,Monitor D,Electronics,2606000,5,C1270,Semarang,20,Bank Transfer,10424000
2024-05-20,Headphone C,Electronics,744000,1,C0775,Solo,5,Bank Transfer,706800
2024-05-21,Tea K,Food,54000,1,C1218,Surabaya,5,Bank Transfer,51300
2024-05-21,Shoes E,Fashion,580000,3,C2036,Yogyakarta,0,E-Wallet,1740000
2024-05-21,Chair N,Home,873000,1,C1370,Yogyakarta,0,Credit Card,873000
2024-05-21,Chocolate L,Food,60000,1,C2163,Semarang,20,Credit Card,48000
2024-05-21,Bag H,Fashion,440000,4,C0434,Surabaya,15,E-Wallet,1496000
2024-05-21,T-Shirt G,Fashion,235000,1,C0762,Malang,0,COD,235000
2024-05-21,Laptop A,Electronics,9064000,1,C1553,Jakarta,0,E-Wallet,9064000
2024-05-21,Shoes E,Fashion,653000,2,C2458,Surabaya,10,Bank Transfer,1175400
2024-05-21,Headphone C,Electronics,727000,1,C1611,Malang,10,E-Wallet,654300
2024-05-21,Snack J,Food,36000,1,C0362,Solo,0,Bank Transfer,36000
2024-05-21,Smartphone B,Electronics,4906000,2,C1572,Jakarta,0,E-Wallet,9812000
2024-05-21,T-Shirt G,Fashion,253000,1,C2154,Yogyakarta,15,Bank Transfer,215050
2024-05-21,Monitor D,Electronics,2425000,2,C1415,Jakarta,5,E-Wallet,4607500
2024-05-21,Tea K,Food,48000,3,C1843,Jakarta,10,E-Wallet,129600
2024-05-22,Table O,Home,1610000,2,C0052,Jakarta,5,Credit Card,3059000
2024-05-22,Shoes E,Fashion,656000,2,C1190,Jakarta,10,E-Wallet,1180800
2024-05-22,Coffee I,Food,80000,1,C0898,Solo,20,E-Wallet,64000
2024-05-22,Chair N,Home,864000,1,C1837,Semarang,0,Bank Transfer,864000
2024-05-22,Bag H,Fashion,430000,2,C0976,Solo,10,E-Wallet,774000
2024-05-22,Jacket F,Fashion,575000,2,C1611,Semarang,0,E-Wallet,1150000
2024-05-22,Snack J,Food,35000,2,C0845,Surabaya,0,E-Wallet,70000
2024-05-22,T-Shirt G,Fashion,252000,1,C2009,Surabaya,10,Credit Card,226800
2024-05-22,Monitor D,Electronics,2422000,5,C0513,Yogyakarta,10,E-Wallet,10899000
2024-05-22,Smartphone B,Electronics,4910000,4,C0151,Yogyakarta,10,E-Wallet,17676000
2024-05-22,Jacket F,Fashion,543000,3,C0094,Malang,10,Credit Card,1466100
2024-05-22,Coffee I,Food,76000,1,C0892,Surabaya,5,E-Wallet,72200
2024-05-22,Lamp M,Home,283000,1,C0748,Semarang,15,Bank Transfer,240550
2024-05-22,Bag H,Fashion,415000,3,C1068,Bandung,10,E-Wallet,1120500
2024-05-22,Shoes E,Fashion,611000,1,C1622,Semarang,10,COD,549900
2024-05-22,Jacket F,Fashion,540000,3,C1020,Surabaya,10,E-Wallet,1458000
2024-05-22,Jacket F,Fashion,559000,2,C1939,Yogyakarta,0,COD,1118000
2024-05-22,Smartphone B,Electronics,5282000,2,C1470,Jakarta,10,E-Wallet,9507600
2024-05-22,Chocolate L,Food,60000,2,C0837,Semarang,5,E-Wallet,114000
2024-05-22,T-Shirt G,Fashion,252000,4,C2049,Semarang,5,Bank Transfer,957600
2024-05-23,Chocolate L,Food,56000,3,C2299,Yogyakarta,15,Credit Card,142800
2024-05-23,Headphone C,Electronics,810000,2,C0023,Bandung,20,Credit Card,1296000
2024-05-23,Laptop A,Electronics,8974000,1,C1608,Jakarta,10,COD,8076600
2024-05-23,Headphone C,Electronics,763000,1,C2094,Surabaya,5,COD,724850
2024-05-23,Headphone C,Electronics,707000,1,C1154,Jakarta,0,Credit Card,707000
2024-05-23,Headphone C,Electronics,738000,1,C1195,Bandung,0,Credit Card,738000
2024-05-23,Table O,Home,1437000,3,C1310,Malang,10,Bank Transfer,3879900
2024-05-23,Lamp M,Home,298000,1,C1214,Jakarta,10,Bank Transfer,268200
2024-05-23,Chair N,Home,875000,1,C1167,Jakarta,15,Credit Card,743750
2024-05-23,Tea K,Food,47000,3,C0359,Jakarta,5,Bank Transfer,133950
2024-05-23,Chocolate L,Food,61000,1,C2077,Semarang,0,COD,61000
2024-05-23,Shoes E,Fashion,661000,3,C1870,Jakarta,15,Bank Transfer,1685550
2024-05-23,Smartphone B,Electronics,5083000,1,C0688,Surabaya,5,Bank Transfer,4828850
2024-05-23,Snack J,Food,34000,2,C0576,Malang,0,COD,68000
2024-05-23,Table O,Home,1566000,1,C1183,Semarang,5,Bank Transfer,1487700
2024-05-23,Shoes E,Fashion,637000,1,C0213,Bandung,0,Credit Card,637000
2024-05-23,Smartphone B,Electronics,5199000,2,C0139,Semarang,10,Bank Transfer,9358200
2024-05-23,Chocolate L,Food,62000,1,C1491,Jakarta,15,Credit Card,52700
2024-05-23,Headphone C,Electronics,771000,4,C1570,Malang,5,Bank Transfer,2929800
2024-05-23,Chocolate L,Food,59000,1,C1169,Bandung,10,E-Wallet,53100
2024-05-23,Smartphone B,Electronics,5039000,3,C1629,Bandung,0,Bank Transfer,15117000
2024-05-24,Bag H,Fashion,428000,4,C2074,Jakarta,0,Credit Card,1712000
2024-05-24,Monitor D,Electronics,2406000,3,C1013,Surabaya,5,Bank Transfer,6857100
2024-05-24,Monitor D,Electronics,2452000,2,C2448,Malang,5,Credit Card,4658800
2024-05-24,Pillow P,Home,184000,1,C1145,Bandung,10,Credit Card,165600
2024-05-24,Snack J,Food,35000,1,C1506,Malang,10,COD,31500
2024-05-24,Bag H,Fashion,457000,1,C2493,Jakarta,0,COD,457000
2024-05-24,Chocolate L,Food,61000,5,C0542,Surabaya,0,E-Wallet,305000
2024-05-24,Lamp M,Home,297000,1,C1015,Surabaya,0,E-Wallet,297000
2024-05-24,T-Shirt G,Fashion,239000,2,C1315,Solo,5,E-Wallet,454100
2024-05-24,Laptop A,Electronics,8194000,2,C0972,Bandung,20,Bank Transfer,13110400
2024-05-24,Shoes E,Fashion,702000,1,C2479,Surabaya,0,Bank Transfer,702000
2024-05-24,Shoes E,Fashion,600000,2,C0488,Yogyakarta,15,Bank Transfer,1020000
2024-05-24,Shoes E,Fashion,688000,4,C1670,Surabaya,10,Bank Transfer,2476800
2024-05-24,Chair N,Home,949000,2,C1219,Bandung,20,E-Wallet,1518400
2024-05-24,Tea K,Food,51000,1,C0842,Jakarta,10,Credit Card,45900
2024-05-24,Jacket F,Fashion,514000,4,C1912,Surabaya,10,COD,1850400
2024-05-24,Tea K,Food,50000,3,C1729,Malang,0,Credit Card,150000
2024-05-24,Coffee I,Food,73000,1,C1720,Yogyakarta,10,Bank Transfer,65700
2024-05-24,Snack J,Food,35000,1,C1806,Jakarta,0,Credit Card,35000
2024-05-24,Shoes E,Fashion,636000,2,C2360,Bandung,10,E-Wallet,1144800
2024-05-24,Chocolate L,Food,61000,1,C1353,Surabaya,10,E-Wallet,54900
2024-05-24,Chocolate L,Food,64000,3,C1660,Yogyakarta,0,Credit Card,192000
2024-05-24,Monitor D,Electronics,2420000,3,C1686,Surabaya,0,Bank Transfer,7260000
2024-05-24,Headphone C,Electronics,774000,1,C2432,Surabaya,15,COD,657900
2024-05-24,Laptop A,Electronics,8508000,2,C0616,Jakarta,5,COD,16165200
2024-05-24,Headphone C,Electronics,744000,5,C0931,Bandung,0,Bank Transfer,3720000
2024-05-24,Bag H,Fashion,440000,1,C1809,Surabaya,15,E-Wallet,374000
2024-05-24,Bag H,Fashion,485000,1,C1997,Semarang,0,Bank Transfer,485000
2024-05-25,Chocolate L,Food,64000,2,C2031,Solo,10,COD,115200
2024-05-25,Lamp M,Home,295000,1,C1830,Jakarta,10,E-Wallet,265500
2024-05-25,Bag H,Fashion,499000,1,C1103,Semarang,0,COD,499000
2024-05-25,Monitor D,Electronics,2598000,1,C1407,Malang,0,Bank Transfer,2598000
2024-05-25,Tea K,Food,48000,1,C0914,Semarang,0,COD,48000
2024-05-25,Laptop A,Electronics,8494000,1,C0859,Surabaya,0,E-Wallet,8494000
2024-05-25,Chocolate L,Food,61000,2,C1243,Surabaya,10,Bank Transfer,109800
2024-05-25,Jacket F,Fashion,571000,1,C0523,Jakarta,15,Bank Transfer,485350
2024-05-25,Shoes E,Fashion,584000,1,C0710,Surabaya,10,Credit Card,525600
2024-05-25,Laptop A,Electronics,9270000,1,C1036,Bandung,15,E-Wallet,7879500
2024-05-25,Bag H,Fashion,469000,1,C0147,Semarang,15,E-Wallet,398650
2024-05-25,Snack J,Food,34000,1,C0672,Bandung,0,E-Wallet,34000
2024-05-25,Bag H,Fashion,457000,2,C0417,Semarang,0,COD,914000
2024-05-25,Smartphone B,Electronics,5369000,2,C2390,Malang,0,Bank Transfer,10738000
2024-05-25,Headphone C,Electronics,722000,3,C0080,Malang,5,E-Wallet,2057700
2024-05-25,Tea K,Food,52000,1,C0948,Yogyakarta,20,Credit Card,41600
2024-05-25,Headphone C,Electronics,719000,2,C1102,Jakarta,15,Credit Card,1222300
2024-05-26,Shoes E,Fashion,661000,3,C1444,Semarang,0,Credit Card,1983000
2024-05-26,Chair N,Home,958000,1,C1475,Jakarta,0,E-Wallet,958000
2024-05-26,T-Shirt G,Fashion,249000,1,C1049,Surabaya,10,Bank Transfer,224100
2024-05-26,Shoes E,Fashion,664000,1,C2226,Yogyakarta,5,E-Wallet,630800
2024-05-26,Chocolate L,Food,64000,2,C0723,Surabaya,0,Bank Transfer,128000
2024-05-26,Pillow P,Home,172000,3,C0133,Semarang,0,E-Wallet,516000
2024-05-26,Shoes E,Fashion,686000,3,C1022,Jakarta,5,E-Wallet,1955100
2024-05-26,Tea K,Food,51000,5,C1600,Bandung,10,Bank Transfer,229500
2024-05-26,Lamp M,Home,302000,1,C0596,Bandung,10,Credit Card,271800
2024-05-27,Pillow P,Home,174000,1,C2412,Jakarta,20,COD,139200
2024-05-27,Laptop A,Electronics,8229000,2,C2110,Bandung,0,Bank Transfer,16458000
2024-05-27,Chair N,Home,917000,2,C2477,Surabaya,10,Bank Transfer,1650600
2024-05-27,Snack J,Food,36000,2,C0740,Bandung,10,Credit Card,64800
2024-05-27,Pillow P,Home,177000,1,C1022,Solo,20,Bank Transfer,141600
2024-05-27,Tea K,Food,52000,3,C1082,Solo,0,E-Wallet,156000
2024-05-27,Laptop A,Electronics,8145000,2,C0223,Jakarta,0,COD,16290000
2024-05-27,Laptop A,Electronics,8388000,1,C1938,Jakarta,10,E-Wallet,7549200
2024-05-27,Jacket F,Fashion,528000,3,C2408,Yogyakarta,0,Credit Card,1584000
2024-05-27,Headphone C,Electronics,737000,1,C2145,Bandung,10,Bank Transfer,663300
2024-05-27,Snack J,Food,33000,1,C0760,Jakarta,0,Bank Transfer,33000
2024-05-27,Shoes E,Fashion,624000,4,C2449,Yogyakarta,10,COD,2246400
2024-05-27,Coffee I,Food,71000,5,C1201,Jakarta,5,Credit Card,337250
2024-05-27,Chocolate L,Food,64000,1,C1826,Bandung,10,Bank Transfer,57600
2024-05-27,Smartphone B,Electronics,5120000,1,C2057,Surabaya,0,Bank Transfer,5120000
2024-05-27,Bag H,Fashion,467000,1,C0326,Jakarta,5,COD,443650
2024-05-28,Laptop A,Electronics,7877000,2,C1816,Semarang,10,E-Wallet,14178600
2024-05-28,Chocolate L,Food,64000,1,C0735,Bandung,5,E-Wallet,60800
2024-05-28,Coffee I,Food,76000,1,C1918,Surabaya,0,Credit Card,76000
2024-05-28,Bag H,Fashion,464000,3,C2176,Semarang,0,Credit Card,1392000
2024-05-28,Snack J,Food,34000,1,C2308,Jakarta,10,E-Wallet,30600
2024-05-28,Bag H,Fashion,454000,2,C1170,Yogyakarta,0,E-Wallet,908000
2024-05-28,Monitor D,Electronics,2395000,1,C1905,Surabaya,5,E-Wallet,2275250
2024-05-28,Pillow P,Home,182000,3,C0640,Jakarta,10,Credit Card,491400
2024-05-28,Tea K,Food,47000,2,C0238,Jakarta,15,E-Wallet,79900
2024-05-28,T-Shirt G,Fashion,252000,5,C1745,Semarang,15,Bank Transfer,1071000
2024-05-28,Pillow P,Home,178000,2,C0675,Jakarta,15,Credit Card,302600
2024-05-28,Pillow P,Home,176000,1,C0385,Surabaya,20,COD,140800
2024-05-28,Smartphone B,Electronics,4942000,2,C1084,Surabaya,5,Bank Transfer,9389800
2024-05-28,Jacket F,Fashion,553000,5,C1800,Solo,0,E-Wallet,2765000
2024-05-28,Lamp M,Home,285000,1,C0459,Jakarta,10,COD,256500
2024-05-28,Jacket F,Fashion,558000,1,C2356,Bandung,0,Bank Transfer,558000
2024-05-28,Jacket F,Fashion,531000,5,C1801,Bandung,0,Credit Card,2655000
2024-05-28,Monitor D,Electronics,2416000,1,C1069,Jakarta,10,E-Wallet,2174400
2024-05-28,Shoes E,Fashion,658000,3,C1271,Jakarta,0,Credit Card,1974000
2024-05-28,Tea K,Food,53000,2,C0192,Jakarta,10,Bank Transfer,95400
2024-05-28,T-Shirt G,Fashion,262000,1,C2328,Malang,15,Credit Card,222700
2024-05-28,Chocolate L,Food,57000,1,C0671,Yogyakarta,5,Credit Card,54150
2024-05-28,Snack J,Food,33000,3,C0210,Surabaya,15,E-Wallet,84150
2024-05-29,Snack J,Food,36000,1,C0705,Malang,0,Bank Transfer,36000
2024-05-29,Pillow P,Home,183000,4,C0262,Jakarta,5,Bank Transfer,695400
2024-05-29,Bag H,Fashion,425000,1,C0329,Bandung,0,E-Wallet,425000
2024-05-29,Bag H,Fashion,433000,2,C1752,Jakarta,5,E-Wallet,822700
2024-05-29,Monitor D,Electronics,2467000,3,C2298,Jakarta,10,E-Wallet,6660900
2024-05-29,Smartphone B,Electronics,5018000,4,C1520,Bandung,15,E-Wallet,17061200
2024-05-29,Pillow P,Home,198000,5,C0439,Yogyakarta,15,COD,841500
2024-05-29,Chocolate L,Food,60000,1,C2010,Surabaya,0,E-Wallet,60000
2024-05-29,T-Shirt G,Fashion,254000,1,C1506,Bandung,20,E-Wallet,203200
2024-05-29,Smartphone B,Electronics,5029000,3,C1481,Jakarta,10,Bank Transfer,13578300
2024-05-29,Shoes E,Fashion,620000,1,C1073,Solo,15,Credit Card,527000
2024-05-29,Chocolate L,Food,58000,2,C0924,Semarang,5,Bank Transfer,110200
2024-05-29,Laptop A,Electronics,8190000,2,C2387,Solo,15,COD,13923000
2024-05-29,Headphone C,Electronics,772000,4,C2115,Solo,0,Credit Card,3088000
2024-05-29,Monitor D,Electronics,2411000,4,C2351,Yogyakarta,0,Bank Transfer,9644000
2024-05-29,Jacket F,Fashion,550000,1,C1249,Malang,15,Credit Card,467500
2024-05-30,Jacket F,Fashion,553000,2,C0304,Yogyakarta,0,E-Wallet,1106000
2024-05-30,Pillow P,Home,172000,1,C1403,Jakarta,0,E-Wallet,172000
2024-05-30,Coffee I,Food,75000,1,C2187,Jakarta,0,E-Wallet,75000
2024-05-30,Bag H,Fashion,479000,1,C1268,Jakarta,15,E-Wallet,407150
2024-05-30,Headphone C,Electronics,741000,1,C1744,Solo,10,E-Wallet,666900
2024-05-30,Tea K,Food,52000,2,C1673,Bandung,15,E-Wallet,88400
2024-05-30,Chair N,Home,841000,2,C2297,Semarang,10,Credit Card,1513800
2024-05-30,Shoes E,Fashion,614000,3,C0209,Yogyakarta,10,Credit Card,1657800
2024-05-30,Coffee I,Food,73000,1,C1204,Jakarta,0,E-Wallet,73000
2024-05-30,Shoes E,Fashion,644000,4,C2222,Surabaya,0,E-Wallet,2576000
2024-05-30,Chair N,Home,904000,3,C1493,Semarang,10,E-Wallet,2440800
2024-05-30,T-Shirt G,Fashion,256000,2,C1338,Bandung,5,Credit Card,486400
2024-05-30,Bag H,Fashion,453000,2,C0202,Jakarta,5,E-Wallet,860700
2024-05-30,Smartphone B,Electronics,4924000,2,C0836,Jakarta,10,COD,8863200
2024-05-30,Chair N,Home,985000,4,C0127,Surabaya,15,E-Wallet,3349000
2024-05-30,Chocolate L,Food,57000,2,C0275,Solo,5,Bank Transfer,108300
2024-05-31,Laptop A,Electronics,8431000,1,C1162,Surabaya,0,E-Wallet,8431000
2024-05-31,Tea K,Food,53000,2,C0450,Surabaya,15,Bank Transfer,90100
2024-05-31,Snack J,Food,38000,1,C0067,Yogyakarta,5,COD,36100
2024-05-31,Laptop A,Electronics,8879000,2,C1276,Malang,0,COD,17758000
2024-05-31,Chair N,Home,874000,1,C0184,Yogyakarta,5,Bank Transfer,830300
2024-05-31,Monitor D,Electronics,2457000,3,C1069,Bandung,5,Bank Transfer,7002450
2024-05-31,Shoes E,Fashion,679000,1,C2336,Solo,5,E-Wallet,645050
2024-05-31,Chair N,Home,901000,2,C0448,Surabaya,10,E-Wallet,1621800
2024-05-31,Shoes E,Fashion,668000,2,C0508,Jakarta,0,Bank Transfer,1336000
2024-05-31,Coffee I,Food,71000,1,C0016,Yogyakarta,10,Bank Transfer,63900
2024-05-31,Coffee I,Food,81000,4,C1636,Bandung,10,E-Wallet,291600
2024-05-31,Pillow P,Home,186000,1,C0902,Semarang,0,E-Wallet,186000
2024-05-31,Pillow P,Home,184000,1,C2332,Yogyakarta,0,Bank Transfer,184000
2024-05-31,Jacket F,Fashion,550000,4,C2139,Jakarta,10,Bank Transfer,1980000
2024-05-31,Bag H,Fashion,483000,1,C2116,Yogyakarta,10,COD,434700
2024-05-31,Coffee I,Food,73000,3,C0337,Jakarta,0,Credit Card,219000
2024-06-01,Chocolate L,Food,59000,2,C0958,Bandung,10,Credit Card,106200
2024-06-01,Snack J,Food,35000,1,C0376,Yogyakarta,15,E-Wallet,29750
2024-06-01,T-Shirt G,Fashion,239000,1,C0688,Yogyakarta,10,Credit Card,215100
2024-06-01,Lamp M,Home,315000,3,C2382,Semarang,10,Bank Transfer,850500
2024-06-01,Bag H,Fashion,464000,5,C2465,Semarang,10,E-Wallet,2088000
2024-06-01,Monitor D,Electronics,2701000,1,C0185,Semarang,0,Bank Transfer,2701000
2024-06-01,Headphone C,Electronics,800000,1,C1907,Jakarta,10,COD,720000
2024-06-01,Laptop A,Electronics,9020000,2,C2240,Semarang,10,E-Wallet,16236000
2024-06-01,Jacket F,Fashion,557000,2,C0388,Yogyakarta,15,E-Wallet,946900
2024-06-01,Smartphone B,Electronics,5250000,4,C1114,Yogyakarta,15,E-Wallet,17850000
2024-06-01,Pillow P,Home,180000,1,C1428,Semarang,0,Credit Card,180000
2024-06-01,Jacket F,Fashion,541000,3,C2470,Malang,0,COD,1623000
2024-06-01,Lamp M,Home,308000,1,C0501,Jakarta,0,E-Wallet,308000
2024-06-01,Chocolate L,Food,59000,1,C1658,Surabaya,5,E-Wallet,56050
2024-06-01,Lamp M,Home,290000,1,C1044,Bandung,10,COD,261000
2024-06-01,Bag H,Fashion,456000,3,C2497,Malang,15,Credit Card,1162800
2024-06-01,Coffee I,Food,78000,5,C0758,Bandung,10,COD,351000
2024-06-02,Jacket F,Fashion,555000,1,C1235,Surabaya,0,Bank Transfer,555000
2024-06-02,Tea K,Food,53000,2,C1836,Surabaya,10,E-Wallet,95400
2024-06-02,Tea K,Food,52000,1,C1747,Jakarta,10,Bank Transfer,46800
2024-06-02,Pillow P,Home,182000,3,C1640,Jakarta,10,E-Wallet,491400
2024-06-02,Chocolate L,Food,59000,1,C0560,Surabaya,10,E-Wallet,53100
2024-06-02,Lamp M,Home,301000,1,C1667,Surabaya,5,E-Wallet,285950
2024-06-02,Lamp M,Home,305000,2,C2159,Jakarta,0,Bank Transfer,610000
2024-06-02,Jacket F,Fashion,529000,2,C0949,Jakarta,0,Credit Card,1058000
2024-06-02,Jacket F,Fashion,532000,1,C0493,Surabaya,15,Credit Card,452200
2024-06-02,Pillow P,Home,174000,4,C0309,Bandung,0,Credit Card,696000
2024-06-02,Smartphone B,Electronics,4790000,1,C2087,Semarang,10,Credit Card,4311000
2024-06-02,Jacket F,Fashion,614000,1,C0117,Jakarta,20,Bank Transfer,491200
2024-06-02,Coffee I,Food,73000,2,C2422,Malang,0,Credit Card,146000
2024-06-02,T-Shirt G,Fashion,246000,2,C2073,Semarang,20,E-Wallet,393600
2024-06-02,Pillow P,Home,184000,5,C1728,Semarang,0,Bank Transfer,920000
2024-06-02,Shoes E,Fashion,679000,2,C0897,Bandung,0,Credit Card,1358000
2024-06-02,Chocolate L,Food,58000,1,C0241,Jakarta,0,COD,58000
2024-06-02,Shoes E,Fashion,668000,2,C0453,Bandung,10,E-Wallet,1202400
2024-06-02,Bag H,Fashion,446000,1,C0977,Bandung,0,E-Wallet,446000
2024-06-03,Monitor D,Electronics,2484000,2,C2089,Jakarta,15,Bank Transfer,4222800
2024-06-03,Lamp M,Home,302000,2,C2057,Malang,15,Bank Transfer,513400
2024-06-03,Shoes E,Fashion,693000,2,C2325,Yogyakarta,0,COD,1386000
2024-06-03,Bag H,Fashion,457000,2,C0519,Yogyakarta,20,E-Wallet,731200
2024-06-03,Chocolate L,Food,59000,1,C2188,Jakarta,15,E-Wallet,50150
2024-06-03,Shoes E,Fashion,670000,3,C1694,Bandung,10,Bank Transfer,1809000
2024-06-03,Table O,Home,1484000,2,C1329,Malang,10,Bank Transfer,2671200
2024-06-03,Monitor D,Electronics,2488000,1,C0333,Bandung,0,Credit Card,2488000
2024-06-03,Pillow P,Home,177000,5,C1291,Bandung,0,Bank Transfer,885000
2024-06-03,Chair N,Home,931000,2,C1539,Semarang,10,COD,1675800
2024-06-03,Coffee I,Food,77000,3,C0155,Surabaya,10,E-Wallet,207900
2024-06-03,Tea K,Food,50000,5,C0872,Surabaya,0,COD,250000
2024-06-03,Laptop A,Electronics,8840000,4,C0705,Yogyakarta,20,E-Wallet,28288000
2024-06-03,Bag H,Fashion,427000,1,C0348,Yogyakarta,0,E-Wallet,427000
2024-06-03,Table O,Home,1574000,1,C0247,Yogyakarta,0,COD,1574000
2024-06-03,Chair N,Home,897000,1,C2228,Jakarta,10,COD,807300
2024-06-03,Chair N,Home,955000,3,C0074,Yogyakarta,0,E-Wallet,2865000
2024-06-04,Tea K,Food,53000,2,C1668,Semarang,0,COD,106000
2024-06-04,Lamp M,Home,312000,3,C0784,Jakarta,5,COD,889200
2024-06-04,Chocolate L,Food,64000,2,C2232,Bandung,10,Credit Card,115200
2024-06-04,Laptop A,Electronics,8084000,1,C0348,Malang,10,E-Wallet,7275600
2024-06-04,Shoes E,Fashion,654000,4,C2307,Malang,0,Credit Card,2616000
2024-06-04,Laptop A,Electronics,8643000,1,C0081,Surabaya,5,Credit Card,8210850
2024-06-04,Jacket F,Fashion,520000,1,C1770,Bandung,0,COD,520000
2024-06-04,Chocolate L,Food,60000,1,C1039,Bandung,0,COD,60000
2024-06-04,Smartphone B,Electronics,5228000,1,C1719,Semarang,0,E-Wallet,5228000
2024-06-04,Snack J,Food,36000,1,C1737,Yogyakarta,5,E-Wallet,34200
2024-06-04,Lamp M,Home,289000,1,C0514,Surabaya,5,COD,274550
2024-06-04,Bag H,Fashion,432000,4,C1959,Semarang,5,Credit Card,1641600
2024-06-04,T-Shirt G,Fashion,248000,2,C1292,Bandung,15,Credit Card,421600
2024-06-04,T-Shirt G,Fashion,257000,2,C1721,Yogyakarta,5,Bank Transfer,488300
2024-06-04,T-Shirt G,Fashion,257000,3,C1047,Surabaya,0,Bank Transfer,771000
2024-06-04,Chocolate L,Food,58000,1,C2283,Jakarta,20,E-Wallet,46400
2024-06-05,Chocolate L,Food,62000,1,C2258,Yogyakarta,5,Credit Card,58900
2024-06-05,Headphone C,Electronics,776000,1,C0069,Bandung,5,E-Wallet,737200
2024-06-05,Snack J,Food,34000,1,C1786,Bandung,10,E-Wallet,30600
2024-06-05,Table O,Home,1426000,1,C1042,Bandung,20,Bank Transfer,1140800
2024-06-05,Laptop A,Electronics,8524000,1,C0053,Jakarta,5,Bank Transfer,8097800
2024-06-05,Monitor D,Electronics,2368000,2,C0697,Bandung,5,E-Wallet,4499200
2024-06-05,Smartphone B,Electronics,4811000,3,C2249,Jakarta,0,COD,14433000
2024-06-05,Lamp M,Home,271000,2,C0259,Bandung,0,Bank Transfer,542000
2024-06-05,Smartphone B,Electronics,5254000,3,C0599,Jakarta,0,Bank Transfer,15762000
2024-06-05,Jacket F,Fashion,558000,1,C0458,Semarang,10,E-Wallet,502200
2024-06-05,Lamp M,Home,296000,2,C1884,Surabaya,10,Credit Card,532800
2024-06-05,Tea K,Food,49000,2,C0595,Solo,5,E-Wallet,93100
2024-06-05,Chocolate L,Food,62000,4,C1971,Jakarta,5,E-Wallet,235600
2024-06-05,Tea K,Food,48000,1,C0956,Semarang,10,E-Wallet,43200
2024-06-05,Smartphone B,Electronics,4693000,4,C1684,Bandung,15,Credit Card,15956200
2024-06-06,Jacket F,Fashion,555000,3,C2452,Yogyakarta,0,Bank Transfer,1665000
2024-06-06,Pillow P,Home,190000,2,C1052,Jakarta,0,Credit Card,380000
2024-06-06,Coffee I,Food,78000,1,C2092,Bandung,10,E-Wallet,70200
2024-06-06,Laptop A,Electronics,8519000,1,C1248,Surabaya,0,COD,8519000
2024-06-06,Headphone C,Electronics,722000,1,C1112,Surabaya,10,Bank Transfer,649800
2024-06-06,Smartphone B,Electronics,4556000,1,C1747,Semarang,0,Bank Transfer,4556000
2024-06-06,Monitor D,Electronics,2379000,1,C1693,Jakarta,15,E-Wallet,2022150
2024-06-06,Smartphone B,Electronics,5030000,1,C0704,Surabaya,10,Credit Card,4527000
2024-06-06,Coffee I,Food,73000,2,C1936,Malang,10,E-Wallet,131400
2024-06-06,Chair N,Home,880000,1,C0303,Bandung,10,COD,792000
2024-06-06,Jacket F,Fashion,546000,1,C2447,Surabaya,15,Bank Transfer,464100
2024-06-06,Bag H,Fashion,498000,3,C1899,Jakarta,15,Bank Transfer,1269900
2024-06-06,Chocolate L,Food,57000,2,C0174,Surabaya,5,COD,108300
2024-06-06,Bag H,Fashion,476000,4,C1275,Jakarta,10,Bank Transfer,1713600
2024-06-06,Bag H,Fashion,461000,1,C2192,Surabaya,0,Credit Card,461000
2024-06-06,Chair N,Home,914000,2,C2083,Jakarta,10,Bank Transfer,1645200
2024-06-06,Chair N,Home,986000,2,C0941,Solo,0,E-Wallet,1972000
2024-06-06,Lamp M,Home,282000,1,C0631,Yogyakarta,20,E-Wallet,225600
2024-06-06,Shoes E,Fashion,636000,2,C1394,Solo,5,Bank Transfer,1208400
2024-06-06,Laptop A,Electronics,8975000,3,C0240,Semarang,5,Bank Transfer,25578750
2024-06-07,Snack J,Food,35000,1,C0645,Jakarta,10,Credit Card,31500
2024-06-07,Tea K,Food,48000,1,C1783,Solo,0,E-Wallet,48000
2024-06-07,Pillow P,Home,174000,2,C1997,Bandung,0,E-Wallet,348000
2024-06-07,T-Shirt G,Fashion,268000,5,C2328,Semarang,10,Credit Card,1206000
2024-06-07,Shoes E,Fashion,660000,1,C1573,Bandung,5,Credit Card,627000
2024-06-07,Laptop A,Electronics,8711000,5,C0869,Solo,0,Bank Transfer,43555000
2024-06-07,Laptop A,Electronics,8179000,3,C2220,Yogyakarta,10,Credit Card,22083300
2024-06-07,Pillow P,Home,180000,3,C0084,Surabaya,15,COD,459000
2024-06-07,Laptop A,Electronics,7821000,4,C2438,Jakarta,0,E-Wallet,31284000
2024-06-07,Lamp M,Home,297000,3,C0151,Yogyakarta,10,E-Wallet,801900
2024-06-07,Tea K,Food,46000,1,C0389,Semarang,15,Credit Card,39100
2024-06-07,Chocolate L,Food,62000,1,C0188,Semarang,0,Bank Transfer,62000
2024-06-07,Headphone C,Electronics,696000,1,C0959,Semarang,20,Bank Transfer,556800
2024-06-07,Snack J,Food,33000,1,C1931,Yogyakarta,20,E-Wallet,26400
2024-06-07,Chocolate L,Food,60000,2,C0606,Semarang,0,COD,120000
2024-06-07,Laptop A,Electronics,8415000,2,C2471,Malang,10,Credit Card,15147000
2024-06-07,Monitor D,Electronics,2529000,2,C1178,Solo,15,Credit Card,4299300
2024-06-08,Monitor D,Electronics,2646000,1,C1890,Jakarta,5,COD,2513700
2024-06-08,Shoes E,Fashion,620000,1,C2023,Semarang,15,E-Wallet,527000
2024-06-08,Smartphone B,Electronics,5066000,2,C1259,Jakarta,5,Bank Transfer,9625400
2024-06-08,T-Shirt G,Fashion,251000,1,C0287,Surabaya,0,Bank Transfer,251000
2024-06-08,Smartphone B,Electronics,5064000,1,C2300,Jakarta,15,Bank Transfer,4304400
2024-06-08,Snack J,Food,35000,2,C1175,Yogyakarta,10,Credit Card,63000
2024-06-08,Monitor D,Electronics,2511000,5,C0505,Semarang,10,E-Wallet,11299500
2024-06-08,Jacket F,Fashion,586000,1,C0410,Bandung,5,Bank Transfer,556700
2024-06-08,Headphone C,Electronics,745000,1,C2134,Solo,0,Bank Transfer,745000
2024-06-08,Smartphone B,Electronics,4915000,1,C1773,Bandung,0,Bank Transfer,4915000
2024-06-08,Monitor D,Electronics,2579000,1,C0872,Malang,5,E-Wallet,2450050
2024-06-08,Coffee I,Food,71000,5,C1161,Malang,10,E-Wallet,319500
2024-06-08,Monitor D,Electronics,2500000,1,C0378,Jakarta,0,Bank Transfer,2500000
2024-06-08,Shoes E,Fashion,670000,1,C0939,Jakarta,0,Credit Card,670000
2024-06-09,Coffee I,Food,75000,2,C2317,Jakarta,0,E-Wallet,150000
2024-06-09,Smartphone B,Electronics,5140000,2,C2466,Yogyakarta,15,COD,8738000
2024-06-09,Monitor D,Electronics,2521000,4,C1587,Jakarta,15,E-Wallet,8571400
2024-06-09,Monitor D,Electronics,2486000,3,C0635,Surabaya,0,Credit Card,7458000
2024-06-09,Coffee I,Food,77000,1,C2140,Bandung,5,Credit Card,73150
2024-06-09,Smartphone B,Electronics,5316000,1,C0490,Surabaya,10,Credit Card,4784400
2024-06-09,Smartphone B,Electronics,4798000,1,C0889,Malang,0,COD,4798000
2024-06-09,Headphone C,Electronics,790000,2,C0151,Jakarta,15,Credit Card,1343000
2024-06-09,Pillow P,Home,188000,2,C0655,Malang,5,E-Wallet,357200
2024-06-09,Chocolate L,Food,58000,5,C2212,Surabaya,15,E-Wallet,246500
2024-06-09,T-Shirt G,Fashion,248000,2,C1127,Semarang,15,Credit Card,421600
2024-06-09,Headphone C,Electronics,778000,4,C0442,Jakarta,20,E-Wallet,2489600
2024-06-09,Monitor D,Electronics,2501000,3,C0519,Jakarta,0,Bank Transfer,7503000
2024-06-09,Chocolate L,Food,65000,1,C2072,Solo,5,Credit Card,61750
2024-06-09,Coffee I,Food,71000,2,C0641,Bandung,5,Bank Transfer,134900
2024-06-10,Bag H,Fashion,442000,2,C1572,Surabaya,0,Credit Card,884000
2024-06-10,Laptop A,Electronics,8153000,1,C2380,Bandung,0,E-Wallet,8153000
2024-06-10,Tea K,Food,48000,2,C2360,Surabaya,0,E-Wallet,96000
2024-06-10,T-Shirt G,Fashion,257000,1,C0204,Semarang,15,E-Wallet,218450
2024-06-10,Jacket F,Fashion,554000,3,C0650,Jakarta,0,E-Wallet,1662000
2024-06-10,Lamp M,Home,303000,2,C1606,Malang,0,E-Wallet,606000
2024-06-10,Laptop A,Electronics,8306000,3,C0363,Bandung,10,E-Wallet,22426200
2024-06-10,Pillow P,Home,183000,3,C2392,Jakarta,5,COD,521550
2024-06-10,Table O,Home,1510000,2,C1975,Semarang,0,E-Wallet,3020000
2024-06-10,Pillow P,Home,179000,3,C1866,Semarang,5,E-Wallet,510150
2024-06-10,Headphone C,Electronics,701000,2,C1845,Malang,5,COD,1331900
2024-06-10,Shoes E,Fashion,636000,1,C0043,Yogyakarta,5,Bank Transfer,604200
2024-06-10,Smartphone B,Electronics,5015000,3,C0704,Jakarta,0,COD,15045000
2024-06-10,T-Shirt G,Fashion,248000,3,C0158,Bandung,5,Credit Card,706800
2024-06-10,Bag H,Fashion,444000,2,C0880,Yogyakarta,10,E-Wallet,799200
2024-06-10,Bag H,Fashion,449000,1,C1718,Malang,15,Bank Transfer,381650
2024-06-10,Pillow P,Home,172000,1,C2103,Jakarta,10,Credit Card,154800
2024-06-10,Jacket F,Fashion,556000,4,C2063,Yogyakarta,15,Bank Transfer,1890400
2024-06-10,Lamp M,Home,278000,2,C1979,Malang,20,E-Wallet,444800
2024-06-10,Shoes E,Fashion,681000,5,C2408,Jakarta,5,Bank Transfer,3234750
2024-06-10,Headphone C,Electronics,749000,2,C0110,Malang,15,E-Wallet,1273300
2024-06-10,Chocolate L,Food,60000,1,C1227,Jakarta,0,COD,60000
2024-06-10,Table O,Home,1411000,1,C0757,Jakarta,15,Bank Transfer,1199350
2024-06-10,T-Shirt G,Fashion,252000,1,C2252,Bandung,10,Credit Card,226800
2024-06-11,Lamp M,Home,284000,5,C2408,Yogyakarta,10,COD,1278000
2024-06-11,Smartphone B,Electronics,5261000,1,C1795,Semarang,5,E-Wallet,4997950
2024-06-11,Headphone C,Electronics,725000,1,C2181,Jakarta,15,Credit Card,616250
2024-06-11,Lamp M,Home,301000,2,C1416,Bandung,20,E-Wallet,481600
2024-06-11,Snack J,Food,36000,2,C2336,Yogyakarta,15,E-Wallet,61200
2024-06-11,Smartphone B,Electronics,4649000,1,C2008,Bandung,5,Credit Card,4416550
2024-06-11,Snack J,Food,36000,2,C1929,Jakarta,5,Credit Card,68400
2024-06-11,Tea K,Food,47000,4,C1206,Bandung,15,Bank Transfer,159800
2024-06-11,Table O,Home,1500000,1,C0132,Semarang,0,E-Wallet,1500000
2024-06-11,Headphone C,Electronics,720000,1,C1166,Jakarta,10,E-Wallet,648000
2024-06-11,Monitor D,Electronics,2638000,1,C0814,Jakarta,5,Credit Card,2506100
2024-06-11,Jacket F,Fashion,561000,1,C2280,Semarang,10,E-Wallet,504900
2024-06-11,Jacket F,Fashion,520000,1,C1153,Solo,0,E-Wallet,520000
2024-06-11,Monitor D,Electronics,2467000,2,C2462,Jakarta,10,Credit Card,4440600
2024-06-11,Pillow P,Home,193000,1,C0378,Bandung,0,E-Wallet,193000
2024-06-11,Bag H,Fashion,476000,3,C1961,Solo,5,Bank Transfer,1356600
2024-06-11,Monitor D,Electronics,2580000,2,C1780,Surabaya,0,Bank Transfer,5160000
2024-06-11,Smartphone B,Electronics,4769000,4,C2177,Malang,15,E-Wallet,16214600
2024-06-12,Monitor D,Electronics,2561000,1,C1258,Jakarta,5,Credit Card,2432950
2024-06-12,Headphone C,Electronics,774000,1,C0253,Semarang,5,Bank Transfer,735300
2024-06-12,Coffee I,Food,77000,1,C2206,Surabaya,0,E-Wallet,77000
2024-06-12,Smartphone B,Electronics,5065000,1,C1692,Surabaya,5,E-Wallet,4811750
2024-06-12,Coffee I,Food,75000,1,C0518,Semarang,5,E-Wallet,71250
2024-06-12,Headphone C,Electronics,765000,1,C0309,Malang,10,E-Wallet,688500
2024-06-12,Laptop A,Electronics,8943000,2,C0536,Bandung,10,Credit Card,16097400
2024-06-12,Monitor D,Electronics,2486000,1,C2122,Semarang,0,Credit Card,2486000
2024-06-12,Tea K,Food,52000,4,C1039,Jakarta,5,Credit Card,197600
2024-06-13,Pillow P,Home,182000,3,C0096,Semarang,10,Credit Card,491400
2024-06-13,Jacket F,Fashion,576000,1,C1196,Malang,10,COD,518400
2024-06-13,Headphone C,Electronics,785000,1,C0731,Surabaya,0,COD,785000
2024-06-13,T-Shirt G,Fashion,257000,4,C0796,Jakarta,5,Bank Transfer,976600
2024-06-13,Jacket F,Fashion,593000,2,C1665,Yogyakarta,10,E-Wallet,1067400
2024-06-13,Snack J,Food,33000,1,C0462,Solo,5,COD,31350
2024-06-13,Chair N,Home,942000,1,C1620,Jakarta,5,COD,894900
2024-06-13,T-Shirt G,Fashion,255000,1,C1256,Solo,15,E-Wallet,216750
2024-06-13,Bag H,Fashion,442000,5,C0880,Solo,20,COD,1768000
2024-06-13,Chocolate L,Food,61000,1,C1362,Solo,0,Bank Transfer,61000
2024-06-13,Bag H,Fashion,475000,2,C0896,Jakarta,5,E-Wallet,902500
2024-06-13,T-Shirt G,Fashion,259000,1,C0157,Malang,0,E-Wallet,259000
2024-06-13,Laptop A,Electronics,8127000,1,C1027,Jakarta,5,Credit Card,7720650
2024-06-13,Smartphone B,Electronics,4860000,1,C0830,Malang,15,E-Wallet,4131000
2024-06-13,Shoes E,Fashion,601000,1,C2117,Solo,20,E-Wallet,480800
2024-06-13,Coffee I,Food,78000,1,C2224,Surabaya,0,E-Wallet,78000
2024-06-13,Lamp M,Home,291000,3,C0924,Bandung,0,Bank Transfer,873000
2024-06-14,Headphone C,Electronics,756000,2,C1251,Bandung,15,COD,1285200
2024-06-14,T-Shirt G,Fashion,237000,1,C2462,Jakarta,20,Bank Transfer,189600
2024-06-14,Shoes E,Fashion,648000,3,C0337,Bandung,0,COD,1944000
2024-06-14,Bag H,Fashion,426000,1,C2412,Semarang,0,Credit Card,426000
2024-06-14,Coffee I,Food,77000,1,C1255,Jakarta,5,COD,73150
2024-06-14,Headphone C,Electronics,779000,1,C0442,Surabaya,0,COD,779000
2024-06-14,Table O,Home,1535000,2,C1480,Jakarta,0,Bank Transfer,3070000
2024-06-14,Monitor D,Electronics,2508000,1,C1049,Semarang,15,Bank Transfer,2131800
2024-06-14,Bag H,Fashion,437000,3,C0811,Jakarta,0,Credit Card,1311000
2024-06-14,Smartphone B,Electronics,5219000,1,C2300,Surabaya,0,Credit Card,5219000
2024-06-14,Snack J,Food,34000,1,C0852,Semarang,10,COD,30600
2024-06-14,Chocolate L,Food,61000,1,C1538,Yogyakarta,0,Bank Transfer,61000
2024-06-14,T-Shirt G,Fashion,255000,1,C2051,Bandung,5,E-Wallet,242250
2024-06-14,Smartphone B,Electronics,4879000,3,C0543,Malang,5,Bank Transfer,13905150
2024-06-14,Coffee I,Food,73000,1,C2165,Surabaya,15,E-Wallet,62050
2024-06-14,Smartphone B,Electronics,4879000,1,C2111,Malang,10,COD,4391100
2024-06-14,Table O,Home,1419000,5,C0060,Jakarta,5,E-Wallet,6740250
2024-06-14,Chair N,Home,896000,3,C1420,Solo,0,Credit Card,2688000
2024-06-14,Shoes E,Fashion,654000,3,C1949,Jakarta,15,E-Wallet,1667700
2024-06-14,Headphone C,Electronics,689000,2,C0426,Solo,0,Bank Transfer,1378000
2024-06-15,Headphone C,Electronics,710000,2,C1334,Surabaya,15,Bank Transfer,1207000
2024-06-15,Bag H,Fashion,461000,1,C0884,Surabaya,5,Credit Card,437950
2024-06-15,T-Shirt G,Fashion,248000,1,C1256,Yogyakarta,5,E-Wallet,235600
2024-06-15,Snack J,Food,33000,3,C0387,Yogyakarta,0,Credit Card,99000
2024-06-15,Jacket F,Fashion,531000,3,C0070,Surabaya,5,Bank Transfer,1513350
2024-06-15,T-Shirt G,Fashion,240000,2,C2408,Solo,0,E-Wallet,480000
2024-06-15,Tea K,Food,50000,1,C2075,Semarang,10,E-Wallet,45000
2024-06-15,Smartphone B,Electronics,5234000,2,C2266,Semarang,10,COD,9421200
2024-06-15,Table O,Home,1477000,1,C1170,Semarang,15,COD,1255450
2024-06-15,Lamp M,Home,304000,1,C1725,Yogyakarta,5,E-Wallet,288800
2024-06-15,T-Shirt G,Fashion,251000,4,C1045,Yogyakarta,0,E-Wallet,1004000
2024-06-15,Coffee I,Food,75000,1,C2210,Jakarta,10,Credit Card,67500
2024-06-15,Monitor D,Electronics,2564000,1,C1684,Malang,10,Bank Transfer,2307600
2024-06-16,Coffee I,Food,75000,1,C0870,Yogyakarta,15,Bank Transfer,63750
2024-06-16,Bag H,Fashion,418000,3,C1127,Bandung,0,E-Wallet,1254000
2024-06-16,Table O,Home,1592000,2,C1863,Semarang,0,Bank Transfer,3184000
2024-06-16,Laptop A,Electronics,8874000,2,C2329,Surabaya,5,Credit Card,16860600
2024-06-16,Smartphone B,Electronics,4898000,2,C0053,Malang,5,Credit Card,9306200
2024-06-16,Monitor D,Electronics,2569000,2,C1873,Jakarta,5,COD,4881100
2024-06-16,Smartphone B,Electronics,5146000,2,C0143,Surabaya,5,E-Wallet,9777400
2024-06-16,Headphone C,Electronics,775000,3,C1936,Surabaya,0,COD,2325000
2024-06-16,Bag H,Fashion,460000,2,C1935,Surabaya,10,E-Wallet,828000
2024-06-16,Coffee I,Food,77000,3,C0954,Jakarta,0,E-Wallet,231000
2024-06-16,Smartphone B,Electronics,5060000,1,C1915,Surabaya,0,Bank Transfer,5060000
2024-06-16,Headphone C,Electronics,762000,3,C2205,Jakarta,5,E-Wallet,2171700
2024-06-16,Shoes E,Fashion,685000,2,C1280,Bandung,10,Bank Transfer,1233000
2024-06-16,Monitor D,Electronics,2659000,5,C1312,Surabaya,15,E-Wallet,11300750
2024-06-16,Headphone C,Electronics,706000,2,C2427,Jakarta,5,E-Wallet,1341400
2024-06-16,Shoes E,Fashion,688000,3,C0177,Semarang,0,Bank Transfer,2064000
2024-06-16,Laptop A,Electronics,8777000,5,C1948,Surabaya,5,Credit Card,41690750
2024-06-17,Snack J,Food,35000,2,C0493,Semarang,10,Bank Transfer,63000
2024-06-17,Coffee I,Food,73000,1,C1471,Semarang,0,Bank Transfer,73000
2024-06-17,Snack J,Food,36000,2,C1232,Semarang,5,Credit Card,68400
2024-06-17,Laptop A,Electronics,8558000,2,C0974,Surabaya,15,E-Wallet,14548600
2024-06-17,Tea K,Food,52000,2,C2382,Surabaya,0,E-Wallet,104000
2024-06-17,Pillow P,Home,188000,2,C0875,Jakarta,0,E-Wallet,376000
2024-06-17,Bag H,Fashion,448000,1,C1670,Bandung,10,E-Wallet,403200
2024-06-17,T-Shirt G,Fashion,256000,1,C1270,Jakarta,0,Bank Transfer,256000
2024-06-17,Chair N,Home,829000,1,C1509,Yogyakarta,10,Bank Transfer,746100
2024-06-17,Coffee I,Food,70000,2,C2478,Jakarta,0,E-Wallet,140000
2024-06-17,Bag H,Fashion,462000,4,C1312,Surabaya,0,Bank Transfer,1848000
2024-06-17,Laptop A,Electronics,7943000,2,C2179,Jakarta,10,E-Wallet,14297400
2024-06-17,Table O,Home,1415000,5,C0206,Surabaya,15,E-Wallet,6013750
2024-06-17,Tea K,Food,49000,2,C2008,Yogyakarta,0,COD,98000
2024-06-18,T-Shirt G,Fashion,250000,5,C1091,Jakarta,5,E-Wallet,1187500
2024-06-18,Chair N,Home,867000,1,C0316,Yogyakarta,0,Credit Card,867000
2024-06-18,Jacket F,Fashion,511000,1,C0516,Solo,5,Bank Transfer,485450
2024-06-18,Coffee I,Food,73000,2,C1965,Yogyakarta,5,Bank Transfer,138700
2024-06-18,Monitor D,Electronics,2576000,2,C1030,Semarang,15,E-Wallet,4379200
2024-06-18,Monitor D,Electronics,2550000,1,C1924,Jakarta,0,Bank Transfer,2550000
2024-06-18,Chocolate L,Food,65000,2,C0064,Malang,10,E-Wallet,117000
2024-06-18,Shoes E,Fashion,666000,1,C1114,Semarang,0,Bank Transfer,666000
2024-06-18,Tea K,Food,50000,2,C0849,Solo,10,E-Wallet,90000
2024-06-18,Smartphone B,Electronics,4814000,1,C0338,Solo,10,Bank Transfer,4332600
2024-06-18,Laptop A,Electronics,8185000,1,C1334,Semarang,0,Credit Card,8185000
2024-06-18,Shoes E,Fashion,645000,3,C2278,Jakarta,0,Bank Transfer,1935000
2024-06-18,Smartphone B,Electronics,5220000,5,C2318,Jakarta,0,E-Wallet,26100000
2024-06-18,Bag H,Fashion,490000,2,C0432,Semarang,0,Bank Transfer,980000
2024-06-18,Smartphone B,Electronics,5060000,3,C1822,Semarang,5,Bank Transfer,14421000
2024-06-18,Coffee I,Food,74000,2,C1275,Solo,0,Credit Card,148000
2024-06-18,Headphone C,Electronics,769000,1,C1753,Solo,0,Credit Card,769000
2024-06-18,Lamp M,Home,319000,1,C1998,Surabaya,0,E-Wallet,319000
2024-06-18,Coffee I,Food,71000,1,C2011,Bandung,0,Credit Card,71000
2024-06-18,Laptop A,Electronics,8170000,2,C2253,Surabaya,0,E-Wallet,16340000
2024-06-19,Smartphone B,Electronics,4976000,1,C1652,Malang,0,E-Wallet,4976000
2024-06-19,Shoes E,Fashion,688000,1,C1637,Surabaya,0,E-Wallet,688000
2024-06-19,Headphone C,Electronics,784000,4,C0564,Bandung,15,Bank Transfer,2665600
2024-06-19,Snack J,Food,35000,5,C1361,Malang,0,E-Wallet,175000
2024-06-19,Laptop A,Electronics,8344000,5,C0678,Malang,10,Bank Transfer,37548000
2024-06-19,Headphone C,Electronics,752000,1,C1303,Surabaya,0,COD,752000
2024-06-19,Snack J,Food,36000,2,C1972,Bandung,0,E-Wallet,72000
2024-06-19,Coffee I,Food,75000,3,C0653,Jakarta,10,Bank Transfer,202500
2024-06-19,Lamp M,Home,291000,1,C2250,Jakarta,5,E-Wallet,276450
2024-06-19,Smartphone B,Electronics,5227000,3,C2259,Jakarta,0,Bank Transfer,15681000
2024-06-19,Table O,Home,1574000,2,C0325,Surabaya,5,Bank Transfer,2990600
2024-06-19,Table O,Home,1462000,1,C0295,Yogyakarta,5,Bank Transfer,1388900
2024-06-19,Bag H,Fashion,481000,1,C0114,Malang,5,Bank Transfer,456950
2024-06-19,Coffee I,Food,75000,4,C1689,Yogyakarta,0,E-Wallet,300000
2024-06-19,Jacket F,Fashion,547000,3,C1127,Yogyakarta,0,Credit Card,1641000
2024-06-19,Monitor D,Electronics,2548000,5,C2074,Surabaya,0,Credit Card,12740000
2024-06-19,Table O,Home,1501000,2,C1267,Jakarta,15,E-Wallet,2551700
2024-06-19,Chair N,Home,910000,1,C1131,Bandung,10,E-Wallet,819000
2024-06-20,Pillow P,Home,176000,1,C2216,Yogyakarta,20,E-Wallet,140800
2024-06-20,Laptop A,Electronics,8431000,2,C2107,Malang,5,Credit Card,16018900
2024-06-20,Headphone C,Electronics,708000,3,C0885,Bandung,5,E-Wallet,2017800
2024-06-20,Chair N,Home,893000,3,C0223,Semarang,10,E-Wallet,2411100
2024-06-20,Snack J,Food,34000,1,C1646,Semarang,0,COD,34000
2024-06-20,Jacket F,Fashion,552000,1,C0461,Bandung,5,COD,524400
2024-06-20,Laptop A,Electronics,8426000,1,C2408,Bandung,10,COD,7583400
2024-06-20,Laptop A,Electronics,7844000,1,C0026,Yogyakarta,10,COD,7059600
2024-06-20,Snack J,Food,34000,1,C0294,Surabaya,0,Bank Transfer,34000
2024-06-20,Smartphone B,Electronics,4815000,1,C1874,Surabaya,15,Credit Card,4092750
2024-06-20,Tea K,Food,50000,1,C0034,Semarang,0,Credit Card,50000
2024-06-20,Smartphone B,Electronics,5279000,1,C2151,Surabaya,0,Credit Card,5279000
2024-06-20,Jacket F,Fashion,554000,1,C0035,Surabaya,10,E-Wallet,498600
2024-06-20,Jacket F,Fashion,550000,1,C0548,Surabaya,5,COD,522500
2024-06-21,T-Shirt G,Fashion,240000,1,C0685,Malang,10,Credit Card,216000
2024-06-21,Jacket F,Fashion,570000,1,C2438,Surabaya,20,Bank Transfer,456000
2024-06-21,Smartphone B,Electronics,4441000,1,C1842,Malang,15,E-Wallet,3774850
2024-06-21,Shoes E,Fashion,643000,3,C0394,Jakarta,0,COD,1929000
2024-06-21,Headphone C,Electronics,755000,4,C0405,Jakarta,15,Bank Transfer,2567000
2024-06-21,Pillow P,Home,196000,2,C1332,Semarang,10,Bank Transfer,352800
2024-06-21,Coffee I,Food,68000,1,C0370,Bandung,5,COD,64600
2024-06-21,Tea K,Food,52000,4,C0874,Jakarta,10,E-Wallet,187200
2024-06-21,Coffee I,Food,77000,2,C0107,Bandung,10,E-Wallet,138600
2024-06-21,Headphone C,Electronics,697000,1,C0384,Yogyakarta,15,E-Wallet,592450
2024-06-21,Shoes E,Fashion,629000,3,C1202,Semarang,0,Bank Transfer,1887000
2024-06-21,Bag H,Fashion,479000,1,C2205,Malang,0,Credit Card,479000
2024-06-22,Table O,Home,1547000,2,C1978,Surabaya,15,COD,2629900
2024-06-22,Smartphone B,Electronics,5035000,2,C2294,Surabaya,15,Bank Transfer,8559500
2024-06-22,T-Shirt G,Fashion,249000,1,C1205,Semarang,15,COD,211650
2024-06-22,Smartphone B,Electronics,4998000,3,C1876,Yogyakarta,5,E-Wallet,14244300
2024-06-22,Smartphone B,Electronics,5017000,2,C2329,Malang,0,Credit Card,10034000
2024-06-22,Lamp M,Home,283000,1,C0664,Surabaya,5,Credit Card,268850
2024-06-22,Bag H,Fashion,430000,1,C1384,Jakarta,15,Bank Transfer,365500
2024-06-22,Bag H,Fashion,425000,2,C1426,Bandung,5,COD,807500
2024-06-22,Laptop A,Electronics,8527000,1,C1296,Semarang,5,Bank Transfer,8100650
2024-06-22,Shoes E,Fashion,635000,2,C1988,Yogyakarta,0,Bank Transfer,1270000
2024-06-22,Chair N,Home,915000,3,C1256,Malang,0,E-Wallet,2745000
2024-06-22,Tea K,Food,49000,1,C1933,Bandung,10,Credit Card,44100
2024-06-22,Table O,Home,1510000,1,C1875,Bandung,15,E-Wallet,1283500
2024-06-23,Table O,Home,1577000,2,C0545,Jakarta,10,COD,2838600
2024-06-23,Monitor D,Electronics,2553000,1,C0535,Yogyakarta,10,Credit Card,2297700
2024-06-23,Chair N,Home,885000,2,C2318,Yogyakarta,15,COD,1504500
2024-06-23,Headphone C,Electronics,731000,2,C1654,Semarang,15,COD,1242700
2024-06-23,Chocolate L,Food,63000,2,C1436,Surabaya,5,COD,119700
2024-06-23,T-Shirt G,Fashion,259000,3,C0192,Malang,20,Bank Transfer,621600
2024-06-23,Laptop A,Electronics,8746000,1,C2355,Surabaya,0,COD,8746000
2024-06-23,Chair N,Home,981000,1,C1917,Bandung,0,E-Wallet,981000
2024-06-23,Smartphone B,Electronics,5046000,3,C0554,Malang,15,Credit Card,12867300
2024-06-23,Bag H,Fashion,447000,2,C0263,Semarang,10,Bank Transfer,804600
2024-06-23,T-Shirt G,Fashion,271000,3,C2021,Solo,15,E-Wallet,691050
2024-06-23,Pillow P,Home,179000,2,C1527,Yogyakarta,5,Bank Transfer,340100
2024-06-23,Monitor D,Electronics,2617000,2,C0567,Surabaya,10,E-Wallet,4710600
2024-06-23,Lamp M,Home,311000,1,C1429,Semarang,5,Credit Card,295450
2024-06-23,Table O,Home,1548000,4,C1432,Surabaya,20,Credit Card,4953600
2024-06-23,Laptop A,Electronics,8325000,1,C1565,Semarang,5,Bank Transfer,7908750
2024-06-24,Shoes E,Fashion,655000,1,C0842,Jakarta,10,E-Wallet,589500
2024-06-24,Laptop A,Electronics,8264000,1,C0037,Bandung,15,E-Wallet,7024400
2024-06-24,T-Shirt G,Fashion,260000,1,C1927,Yogyakarta,10,E-Wallet,234000
2024-06-24,T-Shirt G,Fashion,266000,3,C0377,Surabaya,15,E-Wallet,678300
2024-06-24,Shoes E,Fashion,634000,1,C1564,Surabaya,0,Credit Card,634000
2024-06-24,Snack J,Food,36000,4,C0613,Bandung,15,E-Wallet,122400
2024-06-24,Shoes E,Fashion,684000,1,C0957,Solo,10,Bank Transfer,615600
2024-06-24,Lamp M,Home,296000,1,C1483,Surabaya,0,Credit Card,296000
2024-06-24,Bag H,Fashion,464000,1,C0014,Yogyakarta,10,Credit Card,417600
2024-06-24,Headphone C,Electronics,744000,2,C0871,Surabaya,5,Bank Transfer,1413600
2024-06-24,Coffee I,Food,77000,4,C0424,Bandung,20,E-Wallet,246400
2024-06-24,Lamp M,Home,303000,3,C1055,Surabaya,15,Bank Transfer,772650
2024-06-24,Shoes E,Fashion,661000,1,C2405,Solo,0,E-Wallet,661000
2024-06-24,Shoes E,Fashion,637000,4,C1922,Bandung,5,COD,2420600
2024-06-24,T-Shirt G,Fashion,246000,2,C1063,Malang,5,Bank Transfer,467400
2024-06-24,Jacket F,Fashion,530000,2,C0554,Jakarta,10,Bank Transfer,954000
2024-06-24,Tea K,Food,51000,4,C0983,Jakarta,5,Bank Transfer,193800
2024-06-25,Table O,Home,1443000,1,C2359,Jakarta,0,Bank Transfer,1443000
2024-06-25,Chocolate L,Food,59000,1,C0815,Malang,0,Bank Transfer,59000
2024-06-25,Bag H,Fashion,452000,3,C0611,Malang,5,COD,1288200
2024-06-25,Shoes E,Fashion,643000,3,C1143,Jakarta,20,Credit Card,1543200
2024-06-25,Tea K,Food,48000,1,C0310,Surabaya,10,Bank Transfer,43200
2024-06-25,Shoes E,Fashion,632000,2,C1966,Malang,10,E-Wallet,1137600
2024-06-25,Jacket F,Fashion,582000,3,C1139,Jakarta,0,E-Wallet,1746000
2024-06-25,Laptop A,Electronics,8912000,2,C0949,Jakarta,20,Bank Transfer,14259200
2024-06-25,Chocolate L,Food,60000,5,C0126,Malang,0,Credit Card,300000
2024-06-25,Jacket F,Fashion,527000,4,C1544,Bandung,0,Credit Card,2108000
2024-06-25,Lamp M,Home,288000,1,C1260,Jakarta,5,Bank Transfer,273600
2024-06-25,Headphone C,Electronics,738000,1,C0112,Jakarta,20,COD,590400
2024-06-25,T-Shirt G,Fashion,240000,4,C1105,Jakarta,5,E-Wallet,912000
2024-06-25,Bag H,Fashion,450000,1,C0979,Yogyakarta,10,Bank Transfer,405000
2024-06-25,Chair N,Home,895000,1,C2365,Jakarta,10,E-Wallet,805500
2024-06-25,Shoes E,Fashion,613000,2,C1615,Surabaya,10,Bank Transfer,1103400
2024-06-25,Shoes E,Fashion,622000,2,C1541,Bandung,0,E-Wallet,1244000
2024-06-25,Shoes E,Fashion,647000,1,C0166,Jakarta,0,Credit Card,647000
2024-06-25,Chair N,Home,866000,3,C0931,Yogyakarta,0,COD,2598000
2024-06-25,Chair N,Home,867000,1,C1937,Jakarta,15,Bank Transfer,736950
2024-06-25,Snack J,Food,34000,1,C0937,Surabaya,15,E-Wallet,28900
2024-06-25,Monitor D,Electronics,2354000,1,C0001,Yogyakarta,5,Bank Transfer,2236300
2024-06-25,Coffee I,Food,70000,2,C1574,Semarang,15,Bank Transfer,119000
2024-06-25,Coffee I,Food,79000,3,C0927,Bandung,0,E-Wallet,237000
2024-06-25,Headphone C,Electronics,780000,1,C1036,Bandung,0,Bank Transfer,780000
2024-06-25,Monitor D,Electronics,2462000,1,C0219,Malang,0,E-Wallet,2462000
2024-06-26,Pillow P,Home,176000,4,C0235,Jakarta,15,Bank Transfer,598400
2024-06-26,T-Shirt G,Fashion,251000,2,C1707,Surabaya,10,E-Wallet,451800
2024-06-26,Bag H,Fashion,454000,2,C1847,Jakarta,0,Credit Card,908000
2024-06-26,Snack J,Food,34000,1,C2395,Jakarta,5,E-Wallet,32300
2024-06-26,Tea K,Food,50000,2,C2118,Yogyakarta,10,Bank Transfer,90000
2024-06-26,Monitor D,Electronics,2540000,2,C2014,Bandung,20,Bank Transfer,4064000
2024-06-26,Jacket F,Fashion,564000,1,C2474,Malang,15,Bank Transfer,479400
2024-06-26,Chocolate L,Food,62000,3,C0945,Jakarta,10,Bank Transfer,167400
2024-06-27,Table O,Home,1506000,1,C0881,Surabaya,15,E-Wallet,1280100
2024-06-27,Tea K,Food,52000,3,C1048,Bandung,10,E-Wallet,140400
2024-06-27,Jacket F,Fashion,564000,1,C0903,Surabaya,20,Bank Transfer,451200
2024-06-27,Bag H,Fashion,465000,1,C0109,Malang,15,Bank Transfer,395250
2024-06-27,Laptop A,Electronics,8486000,1,C1359,Surabaya,0,COD,8486000
2024-06-27,Shoes E,Fashion,656000,1,C0740,Yogyakarta,5,Bank Transfer,623200
2024-06-27,Lamp M,Home,316000,2,C0855,Yogyakarta,15,COD,537200
2024-06-27,Chocolate L,Food,65000,1,C0243,Surabaya,5,E-Wallet,61750
2024-06-27,Monitor D,Electronics,2601000,1,C0196,Jakarta,0,Bank Transfer,2601000
2024-06-27,Monitor D,Electronics,2384000,2,C1414,Yogyakarta,15,E-Wallet,4052800
2024-06-27,Tea K,Food,51000,1,C0539,Solo,15,E-Wallet,43350
2024-06-27,Monitor D,Electronics,2432000,3,C1574,Jakarta,10,COD,6566400
2024-06-27,Lamp M,Home,310000,1,C2102,Bandung,5,Credit Card,294500
2024-06-27,T-Shirt G,Fashion,250000,2,C1676,Jakarta,10,Credit Card,450000
2024-06-27,Tea K,Food,52000,3,C1511,Jakarta,0,E-Wallet,156000
2024-06-27,Lamp M,Home,293000,2,C0995,Bandung,5,E-Wallet,556700
2024-06-27,Coffee I,Food,74000,1,C0112,Jakarta,10,E-Wallet,66600
2024-06-28,Lamp M,Home,297000,4,C1467,Malang,15,Credit Card,1009800
2024-06-28,Lamp M,Home,290000,3,C0521,Jakarta,10,COD,783000
2024-06-28,Headphone C,Electronics,743000,1,C1471,Jakarta,10,Credit Card,668700
2024-06-28,T-Shirt G,Fashion,236000,1,C2244,Bandung,5,E-Wallet,224200
2024-06-28,Chair N,Home,876000,1,C0921,Semarang,10,E-Wallet,788400
2024-06-28,T-Shirt G,Fashion,263000,2,C1477,Solo,10,E-Wallet,473400
2024-06-28,T-Shirt G,Fashion,249000,1,C1978,Yogyakarta,10,COD,224100
2024-06-28,Shoes E,Fashion,649000,1,C0462,Semarang,5,E-Wallet,616550
2024-06-28,Chair N,Home,871000,5,C1491,Jakarta,10,E-Wallet,3919500
2024-06-28,Snack J,Food,35000,1,C1891,Yogyakarta,0,COD,35000
2024-06-28,Tea K,Food,51000,2,C1026,Surabaya,0,Bank Transfer,102000
2024-06-28,Bag H,Fashion,469000,4,C0748,Bandung,10,E-Wallet,1688400
2024-06-28,Bag H,Fashion,462000,3,C1137,Solo,20,Bank Transfer,1108800
2024-06-28,Smartphone B,Electronics,5185000,2,C1527,Surabaya,10,Bank Transfer,9333000
2024-06-28,Table O,Home,1433000,1,C1229,Bandung,0,Bank Transfer,1433000
2024-06-29,Bag H,Fashion,438000,1,C1932,Surabaya,0,E-Wallet,438000
2024-06-29,Smartphone B,Electronics,4891000,1,C1405,Yogyakarta,0,Credit Card,4891000
2024-06-29,Laptop A,Electronics,8186000,1,C0622,Jakarta,10,E-Wallet,7367400
2024-06-29,Shoes E,Fashion,659000,1,C0943,Surabaya,0,Bank Transfer,659000
2024-06-29,Smartphone B,Electronics,5240000,1,C1013,Malang,15,E-Wallet,4454000
2024-06-29,Laptop A,Electronics,8500000,3,C0938,Solo,0,COD,25500000
2024-06-29,T-Shirt G,Fashion,251000,2,C0687,Yogyakarta,5,E-Wallet,476900
2024-06-29,Smartphone B,Electronics,4816000,2,C0028,Surabaya,5,Credit Card,9150400
2024-06-29,Snack J,Food,31000,1,C1835,Bandung,0,Credit Card,31000
2024-06-29,Snack J,Food,35000,3,C0828,Surabaya,0,E-Wallet,105000
2024-06-29,Smartphone B,Electronics,5151000,2,C1413,Surabaya,10,Credit Card,9271800
2024-06-29,Shoes E,Fashion,684000,1,C1452,Semarang,15,E-Wallet,581400
2024-06-29,Pillow P,Home,175000,1,C2205,Surabaya,10,E-Wallet,157500
2024-06-29,Bag H,Fashion,480000,3,C0613,Jakarta,20,Credit Card,1152000
2024-06-29,Monitor D,Electronics,2334000,1,C0555,Yogyakarta,5,Bank Transfer,2217300
2024-06-29,T-Shirt G,Fashion,247000,2,C2329,Surabaya,10,Credit Card,444600
2024-06-29,Headphone C,Electronics,741000,2,C1823,Bandung,20,Bank Transfer,1185600
2024-06-30,Tea K,Food,50000,3,C2029,Solo,15,COD,127500
2024-06-30,Bag H,Fashion,458000,1,C0901,Bandung,0,Credit Card,458000
2024-06-30,Monitor D,Electronics,2692000,1,C1231,Bandung,0,E-Wallet,2692000
2024-06-30,Chocolate L,Food,57000,2,C1341,Jakarta,10,Bank Transfer,102600
2024-06-30,Shoes E,Fashion,643000,2,C1748,Bandung,15,Bank Transfer,1093100
2024-06-30,Smartphone B,Electronics,4928000,4,C0876,Surabaya,0,Bank Transfer,19712000
2024-06-30,Tea K,Food,50000,3,C0508,Surabaya,0,Credit Card,150000
2024-06-30,Laptop A,Electronics,9192000,1,C0482,Jakarta,10,COD,8272800
2024-06-30,Chocolate L,Food,60000,1,C2288,Malang,10,Bank Transfer,54000
2024-06-30,Tea K,Food,49000,1,C1679,Semarang,5,E-Wallet,46550
2024-06-30,Smartphone B,Electronics,4788000,2,C2330,Yogyakarta,0,Bank Transfer,9576000
2024-06-30,Shoes E,Fashion,655000,3,C1240,Bandung,20,Bank Transfer,1572000
2024-06-30,Shoes E,Fashion,630000,3,C0531,Semarang,5,COD,1795500
2024-06-30,Bag H,Fashion,429000,1,C0079,Surabaya,5,Bank Transfer,407550
2024-06-30,Jacket F,Fashion,556000,1,C0320,Yogyakarta,10,Bank Transfer,500400
2024-06-30,Chocolate L,Food,63000,2,C0291,Semarang,5,Bank Transfer,119700
2024-06-30,Headphone C,Electronics,763000,2,C1964,Solo,0,Bank Transfer,1526000
2024-06-30,Coffee I,Food,75000,3,C1900,Bandung,5,COD,213750
2024-06-30,Tea K,Food,53000,1,C2014,Surabaya,0,Credit Card,53000
2024-07-01,Shoes E,Fashion,670000,1,C1967,Bandung,5,COD,636500
2024-07-01,Chocolate L,Food,61000,3,C1016,Semarang,15,Bank Transfer,155550
2024-07-01,Tea K,Food,49000,2,C2097,Bandung,10,Credit Card,88200
2024-07-01,Chair N,Home,915000,2,C0201,Yogyakarta,5,Credit Card,1738500
2024-07-01,T-Shirt G,Fashion,263000,1,C1153,Yogyakarta,0,COD,263000
2024-07-01,T-Shirt G,Fashion,241000,1,C2355,Solo,10,Bank Transfer,216900
2024-07-01,Tea K,Food,49000,5,C1040,Malang,5,E-Wallet,232750
2024-07-01,Jacket F,Fashion,580000,4,C1545,Bandung,0,COD,2320000
2024-07-01,Pillow P,Home,175000,2,C1415,Bandung,5,E-Wallet,332500
2024-07-01,Monitor D,Electronics,2590000,1,C0970,Malang,10,E-Wallet,2331000
2024-07-02,Monitor D,Electronics,2341000,2,C2205,Jakarta,10,Bank Transfer,4213800
2024-07-02,Lamp M,Home,297000,3,C2333,Semarang,5,E-Wallet,846450
2024-07-02,Table O,Home,1568000,1,C0130,Solo,0,Credit Card,1568000
2024-07-02,Snack J,Food,33000,1,C1057,Bandung,15,Bank Transfer,28050
2024-07-02,Chocolate L,Food,61000,2,C0621,Jakarta,0,E-Wallet,122000
2024-07-02,Jacket F,Fashion,557000,2,C1871,Jakarta,5,Credit Card,1058300
2024-07-02,Coffee I,Food,78000,4,C1709,Semarang,0,E-Wallet,312000
2024-07-02,Shoes E,Fashion,689000,4,C2005,Yogyakarta,0,E-Wallet,2756000
2024-07-02,Pillow P,Home,183000,3,C0899,Malang,15,E-Wallet,466650
2024-07-02,Headphone C,Electronics,769000,1,C0407,Malang,0,Bank Transfer,769000
2024-07-02,Bag H,Fashion,439000,2,C2155,Bandung,10,Bank Transfer,790200
2024-07-02,Chocolate L,Food,62000,3,C1373,Jakarta,0,E-Wallet,186000
2024-07-02,Laptop A,Electronics,8634000,1,C0158,Malang,0,E-Wallet,8634000
2024-07-02,Tea K,Food,48000,1,C2318,Yogyakarta,0,Credit Card,48000
2024-07-02,Coffee I,Food,80000,4,C1563,Yogyakarta,10,E-Wallet,288000
2024-07-02,Laptop A,Electronics,8523000,2,C0715,Semarang,0,Credit Card,17046000
2024-07-02,Lamp M,Home,297000,2,C0149,Yogyakarta,10,E-Wallet,534600
2024-07-03,Headphone C,Electronics,727000,1,C1684,Malang,5,COD,690650
2024-07-03,Shoes E,Fashion,630000,1,C1179,Jakarta,0,Credit Card,630000
2024-07-03,Shoes E,Fashion,591000,2,C0718,Semarang,0,E-Wallet,1182000
2024-07-03,Pillow P,Home,180000,2,C1151,Surabaya,10,Credit Card,324000
2024-07-03,Snack J,Food,32000,4,C1038,Semarang,0,Bank Transfer,128000
2024-07-03,Shoes E,Fashion,675000,2,C0993,Surabaya,10,Credit Card,1215000
2024-07-03,Jacket F,Fashion,538000,1,C0511,Surabaya,10,Bank Transfer,484200
2024-07-03,Chair N,Home,880000,1,C2437,Malang,10,Bank Transfer,792000
2024-07-03,Laptop A,Electronics,8543000,2,C2058,Jakarta,0,Bank Transfer,17086000
2024-07-03,Monitor D,Electronics,2563000,3,C0194,Surabaya,0,COD,7689000
2024-07-03,Smartphone B,Electronics,4802000,3,C1710,Solo,0,Bank Transfer,14406000
2024-07-03,Shoes E,Fashion,638000,2,C2062,Yogyakarta,15,COD,1084600
2024-07-03,Table O,Home,1486000,2,C2472,Solo,0,Credit Card,2972000
2024-07-03,Table O,Home,1411000,2,C0004,Jakarta,0,Credit Card,2822000
2024-07-04,Jacket F,Fashion,595000,5,C2347,Bandung,20,Credit Card,2380000
2024-07-04,Monitor D,Electronics,2419000,2,C0748,Malang,0,E-Wallet,4838000
2024-07-04,Chocolate L,Food,61000,1,C0860,Jakarta,5,COD,57950
2024-07-04,Jacket F,Fashion,519000,1,C1942,Jakarta,0,COD,519000
2024-07-04,Smartphone B,Electronics,4760000,3,C1551,Semarang,5,E-Wallet,13566000
2024-07-04,Shoes E,Fashion,641000,3,C0999,Jakarta,0,Bank Transfer,1923000
2024-07-04,Jacket F,Fashion,559000,1,C2379,Bandung,10,Bank Transfer,503100
2024-07-04,Chocolate L,Food,61000,2,C2165,Surabaya,0,Credit Card,122000
2024-07-04,Tea K,Food,54000,1,C0307,Jakarta,0,E-Wallet,54000
2024-07-04,Shoes E,Fashion,702000,3,C2039,Yogyakarta,5,COD,2000700
2024-07-04,T-Shirt G,Fashion,255000,5,C2020,Surabaya,5,E-Wallet,1211250
2024-07-04,Snack J,Food,36000,3,C0176,Jakarta,10,COD,97200
2024-07-04,Shoes E,Fashion,659000,3,C0178,Jakarta,5,Bank Transfer,1878150
2024-07-04,Bag H,Fashion,470000,2,C0339,Malang,0,E-Wallet,940000
2024-07-04,Laptop A,Electronics,8524000,3,C0749,Semarang,5,Bank Transfer,24293400
2024-07-04,Laptop A,Electronics,8472000,2,C2408,Jakarta,0,Credit Card,16944000
2024-07-04,Tea K,Food,54000,2,C1954,Malang,0,E-Wallet,108000
2024-07-04,Table O,Home,1496000,2,C0530,Bandung,15,Bank Transfer,2543200
2024-07-04,Coffee I,Food,74000,1,C2319,Surabaya,15,Bank Transfer,62900
2024-07-05,Laptop A,Electronics,8740000,4,C1439,Solo,0,Bank Transfer,34960000
2024-07-05,Monitor D,Electronics,2545000,3,C1944,Bandung,10,Bank Transfer,6871500
2024-07-05,Chocolate L,Food,61000,2,C0223,Semarang,15,E-Wallet,103700
2024-07-05,Pillow P,Home,178000,3,C0821,Bandung,0,E-Wallet,534000
2024-07-05,Tea K,Food,50000,2,C1158,Jakarta,0,Bank Transfer,100000
2024-07-05,Coffee I,Food,75000,3,C1229,Jakarta,0,Bank Transfer,225000
2024-07-05,Smartphone B,Electronics,5331000,1,C0858,Malang,10,COD,4797900
2024-07-05,Bag H,Fashion,476000,3,C0246,Jakarta,5,E-Wallet,1356600
2024-07-05,Lamp M,Home,290000,2,C2353,Jakarta,0,Bank Transfer,580000
2024-07-05,Smartphone B,Electronics,5046000,3,C0508,Surabaya,20,E-Wallet,12110400
2024-07-05,Jacket F,Fashion,501000,1,C1671,Yogyakarta,5,COD,475950
2024-07-05,Bag H,Fashion,471000,2,C2495,Malang,10,E-Wallet,847800
2024-07-05,Tea K,Food,48000,1,C0866,Surabaya,15,E-Wallet,40800
2024-07-05,Smartphone B,Electronics,5065000,2,C2422,Semarang,0,E-Wallet,10130000
2024-07-06,Monitor D,Electronics,2554000,1,C0763,Semarang,0,E-Wallet,2554000
2024-07-06,Smartphone B,Electronics,4882000,2,C0176,Bandung,20,Bank Transfer,7811200
2024-07-06,T-Shirt G,Fashion,229000,1,C1995,Jakarta,15,Bank Transfer,194650
2024-07-06,Laptop A,Electronics,8792000,3,C0544,Jakarta,5,E-Wallet,25057200
2024-07-06,Chocolate L,Food,61000,2,C0645,Jakarta,0,Bank Transfer,122000
2024-07-06,Bag H,Fashion,445000,4,C1038,Malang,10,E-Wallet,1602000
2024-07-06,Lamp M,Home,299000,1,C1981,Yogyakarta,5,COD,284050
2024-07-06,Snack J,Food,34000,2,C2438,Surabaya,0,E-Wallet,68000
2024-07-06,Lamp M,Home,298000,3,C1581,Jakarta,0,Bank Transfer,894000
2024-07-06,Lamp M,Home,289000,1,C2175,Bandung,15,E-Wallet,245650
2024-07-06,Chair N,Home,883000,1,C1854,Semarang,5,COD,838850
2024-07-06,Headphone C,Electronics,817000,3,C1424,Surabaya,0,E-Wallet,2451000
2024-07-06,Chair N,Home,944000,1,C0399,Yogyakarta,0,E-Wallet,944000
2024-07-06,Jacket F,Fashion,544000,4,C1071,Semarang,5,Credit Card,2067200
2024-07-06,Coffee I,Food,69000,2,C1493,Malang,5,E-Wallet,131100
2024-07-06,Monitor D,Electronics,2528000,1,C1710,Jakarta,0,Bank Transfer,2528000
2024-07-06,Shoes E,Fashion,654000,2,C2010,Malang,10,E-Wallet,1177200
2024-07-06,Tea K,Food,49000,1,C1797,Jakarta,20,Credit Card,39200
2024-07-06,Shoes E,Fashion,641000,1,C2196,Bandung,10,Credit Card,576900
2024-07-06,Headphone C,Electronics,738000,2,C2227,Semarang,0,Credit Card,1476000
2024-07-06,Pillow P,Home,186000,2,C1470,Solo,5,E-Wallet,353400
2024-07-06,Table O,Home,1476000,2,C1885,Malang,5,Bank Transfer,2804400
2024-07-07,Snack J,Food,35000,1,C1777,Yogyakarta,10,COD,31500
2024-07-07,Monitor D,Electronics,2325000,2,C2267,Semarang,0,Credit Card,4650000
2024-07-07,Tea K,Food,50000,2,C0147,Jakarta,10,E-Wallet,90000
2024-07-07,Coffee I,Food,75000,2,C2103,Malang,15,COD,127500
2024-07-07,Smartphone B,Electronics,5061000,2,C1933,Bandung,5,Bank Transfer,9615900
2024-07-07,Chair N,Home,844000,3,C1576,Bandung,10,Bank Transfer,2278800
2024-07-07,Chocolate L,Food,60000,2,C0463,Bandung,5,E-Wallet,114000
2024-07-07,Laptop A,Electronics,8470000,2,C1536,Solo,0,Credit Card,16940000
2024-07-07,Shoes E,Fashion,623000,4,C1113,Bandung,15,E-Wallet,2118200
2024-07-07,Pillow P,Home,177000,1,C0255,Malang,20,E-Wallet,141600
2024-07-07,Smartphone B,Electronics,5078000,2,C1286,Bandung,5,Bank Transfer,9648200
2024-07-07,Monitor D,Electronics,2517000,4,C1159,Jakarta,10,Credit Card,9061200
2024-07-07,Headphone C,Electronics,711000,1,C0869,Semarang,15,E-Wallet,604350
2024-07-07,Headphone C,Electronics,755000,1,C0941,Yogyakarta,0,Credit Card,755000
2024-07-07,Snack J,Food,35000,2,C1647,Jakarta,15,E-Wallet,59500
2024-07-07,Tea K,Food,51000,3,C2316,Semarang,10,Credit Card,137700
2024-07-08,Lamp M,Home,298000,1,C1375,Jakarta,0,E-Wallet,298000
2024-07-08,Shoes E,Fashion,650000,2,C2275,Jakarta,10,COD,1170000
2024-07-08,Snack J,Food,37000,1,C0234,Solo,0,Credit Card,37000
2024-07-08,Table O,Home,1542000,4,C2369,Jakarta,0,Bank Transfer,6168000
2024-07-08,Smartphone B,Electronics,5195000,4,C0956,Semarang,0,Credit Card,20780000
2024-07-08,Chocolate L,Food,57000,1,C2135,Surabaya,0,Bank Transfer,57000
2024-07-08,T-Shirt G,Fashion,245000,2,C2066,Jakarta,0,Credit Card,490000
2024-07-08,Headphone C,Electronics,782000,3,C0679,Jakarta,0,Bank Transfer,2346000
2024-07-08,Smartphone B,Electronics,5459000,2,C1999,Jakarta,0,COD,10918000
2024-07-08,Monitor D,Electronics,2518000,1,C0225,Jakarta,5,Bank Transfer,2392100
2024-07-08,Chocolate L,Food,58000,2,C2474,Jakarta,0,Credit Card,116000
2024-07-08,Monitor D,Electronics,2458000,2,C0541,Malang,5,E-Wallet,4670200
2024-07-08,Smartphone B,Electronics,4931000,5,C0252,Surabaya,10,COD,22189500
2024-07-08,Smartphone B,Electronics,5061000,3,C1412,Jakarta,5,Bank Transfer,14423850
2024-07-08,Chair N,Home,865000,1,C0382,Malang,0,Credit Card,865000
2024-07-08,Headphone C,Electronics,759000,3,C1448,Semarang,5,Credit Card,2163150
2024-07-08,Pillow P,Home,170000,3,C1078,Semarang,0,Bank Transfer,510000
2024-07-09,Laptop A,Electronics,8402000,4,C0740,Semarang,0,E-Wallet,33608000
2024-07-09,Snack J,Food,35000,1,C0231,Jakarta,0,E-Wallet,35000
2024-07-09,Monitor D,Electronics,2661000,5,C1468,Malang,10,E-Wallet,11974500
2024-07-09,Pillow P,Home,167000,1,C0444,Solo,10,Credit Card,150300
2024-07-09,Shoes E,Fashion,647000,1,C1967,Surabaya,0,E-Wallet,647000
2024-07-09,Snack J,Food,35000,1,C1309,Bandung,5,COD,33250
2024-07-09,Headphone C,Electronics,734000,2,C1807,Malang,5,Credit Card,1394600
2024-07-09,Jacket F,Fashion,558000,2,C0566,Solo,5,Credit Card,1060200
2024-07-09,Laptop A,Electronics,8212000,3,C2066,Bandung,0,Credit Card,24636000
2024-07-09,Snack J,Food,35000,1,C1758,Solo,0,E-Wallet,35000
2024-07-09,Pillow P,Home,175000,1,C2433,Yogyakarta,10,Credit Card,157500
2024-07-10,Chocolate L,Food,59000,1,C2010,Jakarta,5,Credit Card,56050
2024-07-10,Chair N,Home,920000,3,C2229,Bandung,10,COD,2484000
2024-07-10,Monitor D,Electronics,2422000,2,C1353,Surabaya,0,Bank Transfer,4844000
2024-07-10,Monitor D,Electronics,2646000,1,C0634,Jakarta,10,Bank Transfer,2381400
2024-07-10,Shoes E,Fashion,594000,4,C1110,Surabaya,0,Bank Transfer,2376000
2024-07-10,Snack J,Food,35000,4,C0720,Jakarta,5,COD,133000
2024-07-10,T-Shirt G,Fashion,254000,3,C0915,Semarang,0,E-Wallet,762000
2024-07-10,Lamp M,Home,296000,2,C2143,Malang,5,Bank Transfer,562400
2024-07-10,Monitor D,Electronics,2348000,1,C0566,Solo,20,Credit Card,1878400
2024-07-10,Snack J,Food,34000,3,C0178,Surabaya,10,E-Wallet,91800
2024-07-10,Monitor D,Electronics,2581000,1,C1468,Jakarta,10,Credit Card,2322900
2024-07-10,Smartphone B,Electronics,5049000,1,C0128,Semarang,10,Bank Transfer,4544100
2024-07-10,Laptop A,Electronics,8489000,2,C2229,Surabaya,10,E-Wallet,15280200
2024-07-10,Shoes E,Fashion,632000,2,C1591,Malang,5,E-Wallet,1200800
2024-07-10,Coffee I,Food,78000,3,C0528,Surabaya,5,Bank Transfer,222300
2024-07-10,Shoes E,Fashion,638000,3,C1543,Yogyakarta,0,Credit Card,1914000
2024-07-10,Tea K,Food,52000,1,C0149,Jakarta,5,E-Wallet,49400
2024-07-10,Laptop A,Electronics,8550000,4,C1494,Surabaya,0,Credit Card,34200000
2024-07-10,Headphone C,Electronics,784000,1,C1663,Surabaya,0,E-Wallet,784000
2024-07-10,Tea K,Food,52000,4,C2015,Jakarta,5,Credit Card,197600
2024-07-10,Jacket F,Fashion,534000,2,C0313,Bandung,15,Credit Card,907800
2024-07-10,Snack J,Food,36000,1,C1769,Jakarta,0,Credit Card,36000
2024-07-10,Coffee I,Food,75000,1,C2259,Jakarta,10,E-Wallet,67500
2024-07-10,Monitor D,Electronics,2505000,1,C1873,Jakarta,10,Credit Card,2254500
2024-07-10,Jacket F,Fashion,513000,3,C2446,Jakarta,5,E-Wallet,1462050
2024-07-10,Smartphone B,Electronics,4733000,2,C0957,Bandung,0,COD,9466000
2024-07-10,Headphone C,Electronics,733000,2,C1810,Jakarta,5,COD,1392700
2024-07-11,Table O,Home,1528000,2,C1730,Semarang,10,Credit Card,2750400
2024-07-11,Bag H,Fashion,459000,2,C0743,Jakarta,10,Credit Card,826200
2024-07-11,Smartphone B,Electronics,4795000,4,C1394,Surabaya,15,COD,16303000
2024-07-11,Table O,Home,1455000,1,C1221,Semarang,15,Credit Card,1236750
2024-07-11,Smartphone B,Electronics,4851000,1,C1741,Semarang,5,Credit Card,4608450
2024-07-11,Chocolate L,Food,61000,1,C2270,Surabaya,10,Credit Card,54900
2024-07-11,Smartphone B,Electronics,5020000,1,C1386,Malang,0,Bank Transfer,5020000
2024-07-11,Smartphone B,Electronics,4770000,2,C1781,Yogyakarta,5,Credit Card,9063000
2024-07-11,Bag H,Fashion,448000,1,C0182,Bandung,0,Credit Card,448000
2024-07-11,Chocolate L,Food,58000,1,C0871,Bandung,10,COD,52200
2024-07-11,Laptop A,Electronics,8287000,1,C1953,Solo,15,E-Wallet,7043950
2024-07-12,Smartphone B,Electronics,4939000,1,C1562,Jakarta,0,E-Wallet,4939000
2024-07-12,Table O,Home,1546000,2,C1194,Jakarta,10,Credit Card,2782800
2024-07-12,Tea K,Food,49000,1,C1185,Solo,5,Bank Transfer,46550
2024-07-12,Tea K,Food,51000,1,C1923,Jakarta,0,Bank Transfer,51000
2024-07-12,T-Shirt G,Fashion,236000,1,C1167,Jakarta,0,COD,236000
2024-07-12,Chocolate L,Food,58000,3,C0804,Malang,15,Bank Transfer,147900
2024-07-12,Shoes E,Fashion,660000,4,C0978,Surabaya,10,E-Wallet,2376000
2024-07-12,Tea K,Food,50000,1,C2326,Surabaya,15,Bank Transfer,42500
2024-07-12,Bag H,Fashion,455000,1,C1086,Jakarta,0,Credit Card,455000
2024-07-12,Table O,Home,1563000,1,C1723,Yogyakarta,5,Bank Transfer,1484850
2024-07-12,Tea K,Food,50000,5,C2360,Jakarta,10,E-Wallet,225000
2024-07-12,Snack J,Food,37000,2,C0485,Bandung,10,E-Wallet,66600
2024-07-12,Monitor D,Electronics,2548000,2,C0665,Solo,0,E-Wallet,5096000
2024-07-12,Jacket F,Fashion,531000,1,C1070,Yogyakarta,0,E-Wallet,531000
2024-07-12,Tea K,Food,53000,1,C0678,Jakarta,10,COD,47700
2024-07-12,T-Shirt G,Fashion,251000,3,C1936,Jakarta,10,Bank Transfer,677700
2024-07-12,Snack J,Food,36000,3,C2093,Malang,5,COD,102600
2024-07-12,Bag H,Fashion,424000,3,C0657,Malang,15,E-Wallet,1081200
2024-07-12,Laptop A,Electronics,8404000,1,C0196,Jakarta,15,Credit Card,7143400
2024-07-12,Chair N,Home,913000,3,C2397,Yogyakarta,15,Credit Card,2328150
2024-07-12,Shoes E,Fashion,660000,1,C1272,Bandung,10,Credit Card,594000
2024-07-12,Pillow P,Home,165000,2,C0079,Surabaya,5,Credit Card,313500
2024-07-12,Tea K,Food,51000,1,C0002,Surabaya,10,Credit Card,45900
2024-07-13,Shoes E,Fashion,663000,1,C2406,Malang,10,Bank Transfer,596700
2024-07-13,Pillow P,Home,182000,2,C1408,Malang,10,Credit Card,327600
2024-07-13,Laptop A,Electronics,8730000,2,C0674,Solo,0,E-Wallet,17460000
2024-07-13,T-Shirt G,Fashion,230000,5,C2472,Semarang,5,Bank Transfer,1092500
2024-07-13,Jacket F,Fashion,553000,4,C0266,Jakarta,0,Credit Card,2212000
2024-07-13,Coffee I,Food,72000,1,C2447,Surabaya,5,Credit Card,68400
2024-07-13,Shoes E,Fashion,669000,1,C1413,Bandung,0,Credit Card,669000
2024-07-13,Tea K,Food,46000,1,C1962,Bandung,10,Bank Transfer,41400
2024-07-13,Chair N,Home,925000,1,C0380,Semarang,0,Credit Card,925000
2024-07-13,Monitor D,Electronics,2510000,4,C0150,Solo,10,Credit Card,9036000
2024-07-13,Shoes E,Fashion,678000,1,C1710,Solo,0,E-Wallet,678000
2024-07-13,Bag H,Fashion,425000,2,C2362,Jakarta,0,COD,850000
2024-07-13,Snack J,Food,34000,2,C1341,Surabaya,0,Bank Transfer,68000
2024-07-13,Laptop A,Electronics,8478000,2,C0158,Bandung,10,Credit Card,15260400
2024-07-13,Lamp M,Home,303000,2,C0994,Malang,0,Credit Card,606000
2024-07-13,Jacket F,Fashion,562000,2,C1087,Jakarta,0,E-Wallet,1124000
2024-07-13,Laptop A,Electronics,8481000,3,C1338,Jakarta,0,Bank Transfer,25443000
2024-07-13,Pillow P,Home,175000,5,C1957,Bandung,0,COD,875000
2024-07-13,Lamp M,Home,304000,3,C1623,Surabaya,0,E-Wallet,912000
2024-07-13,Monitor D,Electronics,2589000,3,C1714,Bandung,20,Credit Card,6213600
2024-07-13,T-Shirt G,Fashion,245000,3,C0111,Yogyakarta,10,Bank Transfer,661500
2024-07-13,Jacket F,Fashion,519000,1,C2171,Semarang,0,Bank Transfer,519000
2024-07-14,Headphone C,Electronics,726000,3,C1472,Bandung,15,E-Wallet,1851300
2024-07-14,T-Shirt G,Fashion,255000,1,C0511,Solo,5,Credit Card,242250
2024-07-14,T-Shirt G,Fashion,235000,1,C1908,Bandung,5,E-Wallet,223250
2024-07-14,Jacket F,Fashion,545000,1,C0565,Jakarta,0,Bank Transfer,545000
2024-07-14,Snack J,Food,37000,1,C0721,Surabaya,15,Bank Transfer,31450
2024-07-14,Table O,Home,1465000,1,C1838,Bandung,5,E-Wallet,1391750
2024-07-14,Pillow P,Home,178000,5,C0703,Semarang,0,COD,890000
2024-07-14,Bag H,Fashion,408000,1,C1939,Solo,10,E-Wallet,367200
2024-07-14,Jacket F,Fashion,561000,1,C1257,Yogyakarta,5,Credit Card,532950
2024-07-14,Chair N,Home,943000,2,C1302,Bandung,5,COD,1791700
2024-07-14,Shoes E,Fashion,629000,1,C2460,Semarang,0,Bank Transfer,629000
2024-07-14,Smartphone B,Electronics,4824000,2,C1170,Surabaya,10,Bank Transfer,8683200
2024-07-15,Snack J,Food,33000,1,C1558,Yogyakarta,10,Bank Transfer,29700
2024-07-15,Chocolate L,Food,58000,1,C0875,Bandung,0,E-Wallet,58000
2024-07-15,Pillow P,Home,190000,3,C0122,Surabaya,10,Bank Transfer,513000
2024-07-15,Laptop A,Electronics,9159000,2,C1097,Bandung,20,E-Wallet,14654400
2024-07-15,Chocolate L,Food,61000,1,C1928,Semarang,20,Credit Card,48800
2024-07-15,Monitor D,Electronics,2590000,2,C1681,Jakarta,5,Credit Card,4921000
2024-07-15,Snack J,Food,35000,1,C2234,Yogyakarta,5,Bank Transfer,33250
2024-07-15,T-Shirt G,Fashion,244000,1,C0090,Jakarta,0,E-Wallet,244000
2024-07-15,Chair N,Home,865000,1,C0278,Semarang,10,E-Wallet,778500
2024-07-15,Coffee I,Food,81000,2,C1692,Semarang,10,E-Wallet,145800
2024-07-15,Shoes E,Fashion,667000,4,C0972,Yogyakarta,0,E-Wallet,2668000
2024-07-15,Smartphone B,Electronics,4725000,3,C1623,Surabaya,5,Credit Card,13466250
2024-07-15,Laptop A,Electronics,8438000,3,C2096,Bandung,5,Credit Card,24048300
2024-07-15,Bag H,Fashion,455000,2,C2197,Bandung,10,E-Wallet,819000
2024-07-15,Coffee I,Food,78000,3,C0771,Jakarta,0,Credit Card,234000
2024-07-15,Snack J,Food,32000,3,C1419,Jakarta,5,E-Wallet,91200
2024-07-16,Snack J,Food,36000,1,C1083,Malang,0,Credit Card,36000
2024-07-16,Smartphone B,Electronics,4999000,2,C0090,Yogyakarta,5,E-Wallet,9498100
2024-07-16,Snack J,Food,36000,2,C1405,Surabaya,0,E-Wallet,72000
2024-07-16,Jacket F,Fashion,547000,1,C0306,Bandung,0,E-Wallet,547000
2024-07-16,Tea K,Food,50000,5,C0800,Semarang,0,Credit Card,250000
2024-07-16,Laptop A,Electronics,8621000,1,C0270,Jakarta,10,Bank Transfer,7758900
2024-07-16,T-Shirt G,Fashion,249000,1,C0213,Bandung,5,Credit Card,236550
2024-07-16,Monitor D,Electronics,2407000,1,C1370,Surabaya,10,E-Wallet,2166300
2024-07-16,Snack J,Food,37000,1,C2229,Jakarta,15,Credit Card,31450
2024-07-16,Shoes E,Fashion,651000,2,C0643,Surabaya,5,Bank Transfer,1236900
2024-07-16,Table O,Home,1520000,1,C1634,Jakarta,5,COD,1444000
2024-07-16,Headphone C,Electronics,713000,1,C1148,Jakarta,10,Credit Card,641700
2024-07-16,T-Shirt G,Fashion,241000,3,C1336,Semarang,0,Credit Card,723000
2024-07-16,Chair N,Home,910000,1,C1358,Jakarta,10,E-Wallet,819000
2024-07-16,T-Shirt G,Fashion,244000,1,C1571,Jakarta,10,Credit Card,219600
2024-07-16,Shoes E,Fashion,646000,1,C0985,Yogyakarta,20,Credit Card,516800
2024-07-16,Smartphone B,Electronics,4476000,3,C0424,Yogyakarta,15,E-Wallet,11413800
2024-07-17,Laptop A,Electronics,8266000,2,C2383,Bandung,0,COD,16532000
2024-07-17,Chocolate L,Food,64000,2,C1095,Bandung,5,COD,121600
2024-07-17,Tea K,Food,51000,1,C1385,Surabaya,10,E-Wallet,45900
2024-07-17,Monitor D,Electronics,2605000,1,C1801,Yogyakarta,5,E-Wallet,2474750
2024-07-17,Table O,Home,1352000,1,C1480,Surabaya,10,Credit Card,1216800
2024-07-17,Table O,Home,1510000,1,C2314,Yogyakarta,15,Bank Transfer,1283500
2024-07-17,T-Shirt G,Fashion,251000,1,C1453,Solo,10,E-Wallet,225900
2024-07-17,Laptop A,Electronics,8838000,1,C0854,Jakarta,5,Credit Card,8396100
2024-07-17,Tea K,Food,51000,2,C0797,Malang,10,E-Wallet,91800
2024-07-17,Pillow P,Home,178000,3,C1803,Jakarta,10,E-Wallet,480600
2024-07-17,Monitor D,Electronics,2499000,2,C2189,Solo,10,E-Wallet,4498200
2024-07-17,Jacket F,Fashion,570000,3,C1723,Jakarta,15,E-Wallet,1453500
2024-07-17,Shoes E,Fashion,667000,3,C1569,Semarang,10,E-Wallet,1800900
2024-07-18,Shoes E,Fashion,652000,1,C0478,Surabaya,5,Bank Transfer,619400
2024-07-18,Bag H,Fashion,443000,2,C1301,Surabaya,0,E-Wallet,886000
2024-07-18,Pillow P,Home,180000,2,C2000,Malang,0,Bank Transfer,360000
2024-07-18,Headphone C,Electronics,743000,1,C1762,Jakarta,5,Credit Card,705850
2024-07-18,Bag H,Fashion,440000,1,C2003,Jakarta,5,Bank Transfer,418000
2024-07-18,Lamp M,Home,298000,1,C1321,Bandung,5,Credit Card,283100
2024-07-18,Jacket F,Fashion,549000,2,C1234,Malang,20,E-Wallet,878400
2024-07-18,Smartphone B,Electronics,5189000,2,C0247,Jakarta,10,Credit Card,9340200
2024-07-18,Smartphone B,Electronics,4847000,2,C1014,Yogyakarta,0,E-Wallet,9694000
2024-07-18,Bag H,Fashion,434000,1,C0215,Yogyakarta,15,Bank Transfer,368900
2024-07-19,Smartphone B,Electronics,5143000,2,C1037,Bandung,0,Bank Transfer,10286000
2024-07-19,Monitor D,Electronics,2464000,1,C1549,Bandung,10,Bank Transfer,2217600
2024-07-19,Pillow P,Home,181000,2,C1538,Bandung,10,E-Wallet,325800
2024-07-19,Shoes E,Fashion,673000,3,C2054,Surabaya,0,Credit Card,2019000
2024-07-19,Jacket F,Fashion,580000,5,C0258,Solo,10,Bank Transfer,2610000
2024-07-19,Chair N,Home,851000,1,C0431,Solo,15,Credit Card,723350
2024-07-19,Pillow P,Home,182000,3,C2193,Semarang,10,E-Wallet,491400
2024-07-19,Headphone C,Electronics,780000,2,C0461,Solo,10,E-Wallet,1404000
2024-07-19,Bag H,Fashion,445000,4,C2097,Yogyakarta,15,E-Wallet,1513000
2024-07-19,Shoes E,Fashion,676000,1,C1857,Solo,0,Credit Card,676000
2024-07-19,Table O,Home,1475000,2,C2337,Jakarta,5,Bank Transfer,2802500
2024-07-19,Table O,Home,1425000,4,C2377,Jakarta,0,Credit Card,5700000
2024-07-19,Chair N,Home,874000,1,C1653,Yogyakarta,10,E-Wallet,786600
2024-07-20,Monitor D,Electronics,2513000,2,C2054,Surabaya,15,Bank Transfer,4272100
2024-07-20,Snack J,Food,31000,1,C1590,Jakarta,0,Credit Card,31000
2024-07-20,Chair N,Home,906000,1,C1593,Jakarta,10,Credit Card,815400
2024-07-20,Table O,Home,1455000,4,C2000,Solo,15,COD,4947000
2024-07-20,Chocolate L,Food,58000,3,C1614,Yogyakarta,5,COD,165300
2024-07-20,Chocolate L,Food,60000,1,C1606,Malang,20,E-Wallet,48000
2024-07-20,Chocolate L,Food,59000,1,C0996,Malang,10,E-Wallet,53100
2024-07-20,Headphone C,Electronics,759000,1,C0405,Bandung,5,E-Wallet,721050
2024-07-20,Shoes E,Fashion,659000,2,C0795,Jakarta,10,E-Wallet,1186200
2024-07-20,Monitor D,Electronics,2395000,3,C1988,Jakarta,10,COD,6466500
2024-07-20,Tea K,Food,52000,1,C0311,Semarang,0,Credit Card,52000
2024-07-20,Table O,Home,1451000,1,C2188,Malang,0,E-Wallet,1451000
2024-07-20,T-Shirt G,Fashion,246000,3,C0980,Jakarta,5,E-Wallet,701100
2024-07-20,Monitor D,Electronics,2659000,1,C0253,Semarang,0,E-Wallet,2659000
2024-07-21,Tea K,Food,50000,4,C2355,Semarang,15,Bank Transfer,170000
2024-07-21,Tea K,Food,51000,2,C1908,Yogyakarta,15,COD,86700
2024-07-21,Chocolate L,Food,62000,5,C1834,Surabaya,15,E-Wallet,263500
2024-07-21,Lamp M,Home,293000,2,C1732,Bandung,5,Bank Transfer,556700
2024-07-21,Chair N,Home,895000,1,C2372,Malang,0,E-Wallet,895000
2024-07-21,Lamp M,Home,299000,1,C1926,Solo,5,Bank Transfer,284050
2024-07-21,Laptop A,Electronics,8381000,1,C1835,Jakarta,5,E-Wallet,7961950
2024-07-21,Snack J,Food,37000,1,C1803,Semarang,0,Bank Transfer,37000
2024-07-21,Monitor D,Electronics,2369000,2,C1824,Malang,0,Bank Transfer,4738000
2024-07-21,Chocolate L,Food,60000,3,C1867,Solo,10,Credit Card,162000
2024-07-21,Chair N,Home,874000,5,C0133,Jakarta,5,Bank Transfer,4151500
2024-07-21,T-Shirt G,Fashion,242000,2,C1927,Surabaya,5,E-Wallet,459800
2024-07-22,Lamp M,Home,299000,2,C2077,Semarang,0,E-Wallet,598000
2024-07-22,Laptop A,Electronics,8479000,1,C1678,Malang,0,E-Wallet,8479000
2024-07-22,Coffee I,Food,75000,3,C0929,Jakarta,0,E-Wallet,225000
2024-07-22,Tea K,Food,53000,2,C0032,Semarang,0,E-Wallet,106000
2024-07-22,Shoes E,Fashion,661000,2,C1689,Bandung,10,Bank Transfer,1189800
2024-07-22,Headphone C,Electronics,704000,2,C1457,Malang,5,COD,1337600
2024-07-22,Monitor D,Electronics,2540000,1,C1841,Semarang,5,COD,2413000
2024-07-22,Tea K,Food,47000,1,C0507,Jakarta,10,COD,42300
2024-07-22,Shoes E,Fashion,653000,1,C2101,Semarang,0,E-Wallet,653000
2024-07-22,Bag H,Fashion,465000,3,C1106,Jakarta,10,E-Wallet,1255500
2024-07-22,Bag H,Fashion,454000,2,C2139,Malang,10,E-Wallet,817200
2024-07-22,Chair N,Home,819000,4,C2102,Jakarta,0,E-Wallet,3276000
2024-07-23,Laptop A,Electronics,8480000,3,C1910,Bandung,15,E-Wallet,21624000
2024-07-23,Smartphone B,Electronics,4960000,2,C1112,Bandung,10,COD,8928000
2024-07-23,Chair N,Home,899000,3,C1245,Bandung,0,Credit Card,2697000
2024-07-23,Coffee I,Food,81000,2,C0261,Malang,5,Credit Card,153900
2024-07-23,Smartphone B,Electronics,5195000,1,C1099,Semarang,10,COD,4675500
2024-07-23,T-Shirt G,Fashion,267000,1,C1086,Yogyakarta,0,Credit Card,267000
2024-07-23,Snack J,Food,34000,2,C2018,Yogyakarta,0,E-Wallet,68000
2024-07-23,Table O,Home,1453000,4,C0044,Bandung,15,Credit Card,4940200
2024-07-23,Laptop A,Electronics,8119000,4,C1349,Jakarta,15,Bank Transfer,27604600
2024-07-23,Coffee I,Food,76000,2,C2323,Yogyakarta,5,COD,144400
2024-07-23,Shoes E,Fashion,656000,2,C0159,Surabaya,15,E-Wallet,1115200
2024-07-23,Chocolate L,Food,61000,2,C1041,Solo,0,Bank Transfer,122000
2024-07-23,Headphone C,Electronics,745000,2,C0134,Semarang,0,Bank Transfer,1490000
2024-07-24,Smartphone B,Electronics,4951000,1,C0177,Surabaya,10,Credit Card,4455900
2024-07-24,Laptop A,Electronics,8582000,1,C2263,Bandung,0,COD,8582000
2024-07-24,T-Shirt G,Fashion,253000,2,C1106,Semarang,0,Bank Transfer,506000
2024-07-24,T-Shirt G,Fashion,241000,2,C0462,Surabaya,0,E-Wallet,482000
2024-07-24,Tea K,Food,49000,1,C1501,Yogyakarta,0,E-Wallet,49000
2024-07-24,Pillow P,Home,189000,1,C0709,Surabaya,0,COD,189000
2024-07-24,Smartphone B,Electronics,5583000,1,C0750,Semarang,10,Bank Transfer,5024700
2024-07-24,Lamp M,Home,309000,1,C1022,Surabaya,0,E-Wallet,309000
2024-07-24,Table O,Home,1477000,1,C0262,Semarang,0,Credit Card,1477000
2024-07-24,Coffee I,Food,77000,1,C2385,Semarang,10,Bank Transfer,69300
2024-07-24,Smartphone B,Electronics,5106000,1,C0316,Surabaya,10,COD,4595400
2024-07-24,Smartphone B,Electronics,4763000,1,C0773,Solo,10,Credit Card,4286700
2024-07-24,Lamp M,Home,293000,1,C2367,Jakarta,5,Credit Card,278350
2024-07-24,Monitor D,Electronics,2540000,3,C1126,Bandung,0,Bank Transfer,7620000
2024-07-24,T-Shirt G,Fashion,243000,1,C2387,Semarang,10,Bank Transfer,218700
2024-07-24,Lamp M,Home,312000,2,C2343,Jakarta,20,Bank Transfer,499200
2024-07-24,Coffee I,Food,76000,2,C1962,Bandung,15,Credit Card,129200
2024-07-24,Table O,Home,1490000,1,C0472,Solo,0,Credit Card,1490000
2024-07-24,T-Shirt G,Fashion,253000,2,C0962,Semarang,5,E-Wallet,480700
2024-07-24,Shoes E,Fashion,655000,2,C0545,Semarang,0,COD,1310000
2024-07-25,Monitor D,Electronics,2361000,3,C2320,Bandung,0,E-Wallet,7083000
2024-07-25,Table O,Home,1441000,1,C2234,Bandung,0,Credit Card,1441000
2024-07-25,Smartphone B,Electronics,4986000,1,C0826,Jakarta,0,E-Wallet,4986000
2024-07-25,Snack J,Food,31000,1,C1422,Bandung,5,Credit Card,29450
2024-07-25,Bag H,Fashion,473000,1,C0407,Surabaya,10,COD,425700
2024-07-25,Snack J,Food,36000,2,C2027,Surabaya,0,Credit Card,72000
2024-07-25,T-Shirt G,Fashion,257000,1,C0954,Surabaya,5,Credit Card,244150
2024-07-25,Laptop A,Electronics,8353000,3,C0743,Yogyakarta,10,E-Wallet,22553100
2024-07-25,Table O,Home,1401000,1,C1891,Jakarta,10,E-Wallet,1260900
2024-07-25,Shoes E,Fashion,642000,1,C0070,Semarang,15,Bank Transfer,545700
2024-07-25,Chocolate L,Food,61000,2,C0692,Jakarta,10,Credit Card,109800
2024-07-25,Jacket F,Fashion,593000,3,C1055,Jakarta,5,E-Wallet,1690050
2024-07-25,Chair N,Home,935000,2,C2439,Surabaya,20,Bank Transfer,1496000
2024-07-25,Bag H,Fashion,465000,1,C0404,Jakarta,15,Bank Transfer,395250
2024-07-25,Monitor D,Electronics,2521000,1,C0266,Surabaya,5,Bank Transfer,2394950
2024-07-25,Lamp M,Home,293000,4,C0762,Malang,5,Bank Transfer,1113400
2024-07-25,Bag H,Fashion,476000,2,C1083,Jakarta,15,COD,809200
2024-07-25,Coffee I,Food,74000,3,C0412,Malang,0,Credit Card,222000
2024-07-26,Laptop A,Electronics,8165000,1,C0029,Jakarta,15,E-Wallet,6940250
2024-07-26,Chair N,Home,894000,1,C0526,Bandung,0,Credit Card,894000
2024-07-26,Shoes E,Fashion,619000,1,C1897,Solo,15,E-Wallet,526150
2024-07-26,Table O,Home,1580000,2,C0311,Jakarta,0,Bank Transfer,3160000
2024-07-26,Chair N,Home,924000,1,C0039,Jakarta,0,Credit Card,924000
2024-07-26,Shoes E,Fashion,656000,3,C1174,Jakarta,0,Credit Card,1968000
2024-07-26,Monitor D,Electronics,2491000,1,C1610,Jakarta,15,E-Wallet,2117350
2024-07-26,Snack J,Food,38000,1,C1116,Jakarta,5,Bank Transfer,36100
2024-07-26,Coffee I,Food,76000,1,C0340,Surabaya,0,COD,76000
2024-07-26,Chair N,Home,908000,2,C2040,Malang,0,E-Wallet,1816000
2024-07-26,Bag H,Fashion,468000,2,C2165,Surabaya,0,Bank Transfer,936000
2024-07-26,Shoes E,Fashion,662000,1,C0373,Semarang,10,COD,595800
2024-07-26,Headphone C,Electronics,717000,2,C0521,Yogyakarta,0,E-Wallet,1434000
2024-07-26,Bag H,Fashion,432000,3,C0263,Jakarta,0,E-Wallet,1296000
2024-07-26,Pillow P,Home,178000,1,C1630,Malang,10,Bank Transfer,160200
2024-07-26,Chair N,Home,931000,2,C0583,Surabaya,15,Bank Transfer,1582700
2024-07-26,Snack J,Food,35000,4,C2342,Surabaya,20,Credit Card,112000
2024-07-27,Headphone C,Electronics,714000,2,C1970,Solo,5,Credit Card,1356600
2024-07-27,Bag H,Fashion,461000,2,C2103,Jakarta,0,COD,922000
2024-07-27,Bag H,Fashion,439000,1,C1057,Yogyakarta,0,Bank Transfer,439000
2024-07-27,Smartphone B,Electronics,4992000,1,C0088,Yogyakarta,5,E-Wallet,4742400
2024-07-27,Jacket F,Fashion,533000,1,C2246,Jakarta,10,E-Wallet,479700
2024-07-27,Coffee I,Food,73000,2,C2492,Yogyakarta,15,Credit Card,124100
2024-07-27,Monitor D,Electronics,2503000,1,C1156,Solo,5,COD,2377850
2024-07-27,Coffee I,Food,75000,2,C2153,Semarang,10,Bank Transfer,135000
2024-07-27,Smartphone B,Electronics,4991000,4,C1674,Solo,5,Credit Card,18965800
2024-07-27,Monitor D,Electronics,2569000,2,C0490,Semarang,0,Bank Transfer,5138000
2024-07-27,Monitor D,Electronics,2506000,1,C1033,Jakarta,0,Credit Card,2506000
2024-07-27,Lamp M,Home,298000,4,C2296,Jakarta,5,COD,1132400
2024-07-27,Laptop A,Electronics,8823000,1,C0254,Malang,0,Bank Transfer,8823000
2024-07-27,Monitor D,Electronics,2484000,1,C0268,Bandung,0,E-Wallet,2484000
2024-07-27,Chocolate L,Food,63000,1,C1540,Solo,0,E-Wallet,63000
2024-07-27,Monitor D,Electronics,2491000,2,C0541,Jakarta,0,COD,4982000
2024-07-27,Tea K,Food,49000,1,C1730,Yogyakarta,15,COD,41650
2024-07-27,T-Shirt G,Fashion,244000,1,C1672,Malang,0,E-Wallet,244000
2024-07-28,Monitor D,Electronics,2343000,2,C0791,Surabaya,5,E-Wallet,4451700
2024-07-28,Headphone C,Electronics,798000,2,C2458,Bandung,10,Credit Card,1436400
2024-07-28,Snack J,Food,38000,3,C2161,Semarang,5,Bank Transfer,108300
2024-07-28,Table O,Home,1512000,1,C2012,Surabaya,0,Bank Transfer,1512000
2024-07-28,T-Shirt G,Fashion,253000,4,C1655,Solo,15,Bank Transfer,860200
2024-07-28,Headphone C,Electronics,786000,1,C0710,Semarang,10,Credit Card,707400
2024-07-28,Laptop A,Electronics,8471000,4,C2176,Bandung,10,Bank Transfer,30495600
2024-07-28,Bag H,Fashion,432000,3,C0987,Solo,0,E-Wallet,1296000
2024-07-28,Headphone C,Electronics,763000,3,C0727,Malang,5,E-Wallet,2174550
2024-07-28,Laptop A,Electronics,8788000,2,C1643,Yogyakarta,0,Bank Transfer,17576000
2024-07-28,Jacket F,Fashion,516000,2,C0730,Malang,10,E-Wallet,928800
2024-07-28,Jacket F,Fashion,541000,1,C0555,Jakarta,15,Credit Card,459850
2024-07-28,Coffee I,Food,74000,3,C2204,Yogyakarta,10,COD,199800
2024-07-29,Monitor D,Electronics,2499000,1,C0456,Surabaya,5,E-Wallet,2374050
2024-07-29,Jacket F,Fashion,529000,2,C0613,Yogyakarta,0,E-Wallet,1058000
2024-07-29,Monitor D,Electronics,2288000,2,C0608,Surabaya,0,E-Wallet,4576000
2024-07-29,Laptop A,Electronics,8896000,4,C1289,Bandung,5,Credit Card,33804800
2024-07-29,Shoes E,Fashion,672000,3,C1700,Jakarta,10,Credit Card,1814400
2024-07-29,Snack J,Food,35000,3,C1517,Semarang,10,Bank Transfer,94500
2024-07-29,T-Shirt G,Fashion,262000,4,C1635,Yogyakarta,10,E-Wallet,943200
2024-07-29,Jacket F,Fashion,547000,3,C1720,Jakarta,5,E-Wallet,1558950
2024-07-29,Jacket F,Fashion,557000,2,C2458,Solo,10,E-Wallet,1002600
2024-07-29,Snack J,Food,36000,3,C0089,Surabaya,10,Credit Card,97200
2024-07-29,T-Shirt G,Fashion,243000,2,C0666,Bandung,10,E-Wallet,437400
2024-07-29,Coffee I,Food,75000,4,C2063,Jakarta,0,Bank Transfer,300000
2024-07-29,T-Shirt G,Fashion,259000,2,C1887,Surabaya,0,COD,518000
2024-07-29,Headphone C,Electronics,734000,2,C2448,Semarang,20,Bank Transfer,1174400
2024-07-29,Chair N,Home,932000,5,C0838,Jakarta,5,Credit Card,4427000
2024-07-29,Smartphone B,Electronics,5265000,2,C2090,Surabaya,5,COD,10003500
2024-07-29,Laptop A,Electronics,7839000,1,C1545,Surabaya,0,E-Wallet,7839000
2024-07-30,Chocolate L,Food,58000,2,C2205,Surabaya,10,Credit Card,104400
2024-07-30,Pillow P,Home,181000,2,C1665,Malang,20,Bank Transfer,289600
2024-07-30,Laptop A,Electronics,8463000,3,C0484,Bandung,0,E-Wallet,25389000
2024-07-30,Shoes E,Fashion,652000,3,C1903,Surabaya,10,E-Wallet,1760400
2024-07-30,Coffee I,Food,77000,1,C2201,Jakarta,10,E-Wallet,69300
2024-07-30,Tea K,Food,51000,3,C2123,Bandung,0,Credit Card,153000
2024-07-30,Shoes E,Fashion,632000,4,C0074,Surabaya,10,Bank Transfer,2275200
2024-07-30,Lamp M,Home,305000,3,C2084,Surabaya,0,E-Wallet,915000
2024-07-30,Smartphone B,Electronics,5026000,1,C0873,Bandung,15,COD,4272100
2024-07-30,Table O,Home,1612000,1,C1518,Jakarta,15,Credit Card,1370200
2024-07-30,Headphone C,Electronics,752000,4,C1785,Bandung,10,Credit Card,2707200
2024-07-30,Smartphone B,Electronics,4794000,1,C1655,Bandung,0,Credit Card,4794000
2024-07-30,Tea K,Food,47000,2,C2380,Malang,5,E-Wallet,89300
2024-07-30,T-Shirt G,Fashion,244000,2,C2174,Jakarta,10,Bank Transfer,439200
2024-07-30,Monitor D,Electronics,2480000,5,C1088,Jakarta,0,E-Wallet,12400000
2024-07-30,Monitor D,Electronics,2626000,3,C0716,Surabaya,0,Credit Card,7878000
2024-07-31,Bag H,Fashion,448000,1,C0788,Bandung,20,COD,358400
2024-07-31,Headphone C,Electronics,741000,3,C0883,Semarang,0,COD,2223000
2024-07-31,Chocolate L,Food,60000,1,C1303,Jakarta,0,Bank Transfer,60000
2024-07-31,Coffee I,Food,73000,1,C0735,Jakarta,15,Bank Transfer,62050
2024-07-31,Bag H,Fashion,428000,1,C1189,Solo,0,Credit Card,428000
2024-07-31,Coffee I,Food,76000,1,C0495,Jakarta,0,Credit Card,76000
2024-07-31,Snack J,Food,34000,1,C2497,Surabaya,15,Credit Card,28900
2024-07-31,Tea K,Food,53000,3,C1648,Bandung,10,Bank Transfer,143100
2024-07-31,Chocolate L,Food,60000,2,C2006,Solo,10,Credit Card,108000
2024-07-31,Monitor D,Electronics,2597000,3,C0089,Solo,15,E-Wallet,6622350
2024-07-31,Snack J,Food,36000,3,C2125,Jakarta,15,E-Wallet,91800
2024-07-31,Snack J,Food,36000,2,C1313,Bandung,0,E-Wallet,72000
2024-07-31,Jacket F,Fashion,584000,1,C0339,Semarang,10,Credit Card,525600
2024-07-31,Snack J,Food,35000,1,C2092,Jakarta,0,Credit Card,35000
2024-07-31,Lamp M,Home,320000,3,C1512,Jakarta,0,E-Wallet,960000
2024-07-31,Coffee I,Food,73000,1,C0826,Jakarta,10,E-Wallet,65700
2024-07-31,Monitor D,Electronics,2205000,4,C1397,Semarang,0,E-Wallet,8820000
2024-08-01,Tea K,Food,50000,2,C1382,Malang,0,Bank Transfer,100000
2024-08-01,Shoes E,Fashion,663000,3,C2309,Bandung,20,E-Wallet,1591200
2024-08-01,Smartphone B,Electronics,4638000,1,C0517,Bandung,0,Credit Card,4638000
2024-08-01,T-Shirt G,Fashion,235000,3,C2062,Jakarta,10,Credit Card,634500
2024-08-01,Jacket F,Fashion,535000,3,C0283,Jakarta,0,E-Wallet,1605000
2024-08-01,Chocolate L,Food,58000,3,C2269,Malang,0,Credit Card,174000
2024-08-01,Chair N,Home,920000,1,C1399,Yogyakarta,5,E-Wallet,874000
2024-08-01,Bag H,Fashion,461000,1,C0876,Semarang,0,Credit Card,461000
2024-08-01,Lamp M,Home,308000,3,C0392,Bandung,15,Bank Transfer,785400
2024-08-01,Shoes E,Fashion,645000,2,C1377,Yogyakarta,0,Credit Card,1290000
2024-08-01,Headphone C,Electronics,809000,1,C1861,Solo,0,E-Wallet,809000
2024-08-01,Smartphone B,Electronics,5048000,3,C0817,Yogyakarta,15,Credit Card,12872400
2024-08-01,Table O,Home,1590000,2,C1296,Solo,0,Bank Transfer,3180000
2024-08-01,Jacket F,Fashion,549000,2,C2043,Jakarta,10,E-Wallet,988200
2024-08-01,Jacket F,Fashion,538000,3,C2461,Jakarta,0,Credit Card,1614000
2024-08-01,Chocolate L,Food,66000,1,C0552,Solo,15,E-Wallet,56100
2024-08-01,Tea K,Food,50000,2,C0447,Bandung,10,E-Wallet,90000
2024-08-01,Chocolate L,Food,60000,2,C2176,Solo,10,E-Wallet,108000
2024-08-02,Smartphone B,Electronics,5186000,3,C1735,Yogyakarta,10,Credit Card,14002200
2024-08-02,T-Shirt G,Fashion,254000,1,C0880,Malang,0,Bank Transfer,254000
2024-08-02,Jacket F,Fashion,520000,2,C1674,Bandung,5,Credit Card,988000
2024-08-02,Monitor D,Electronics,2417000,4,C0931,Surabaya,5,Bank Transfer,9184600
2024-08-02,Headphone C,Electronics,755000,1,C1493,Bandung,0,Bank Transfer,755000
2024-08-02,Snack J,Food,35000,3,C0271,Surabaya,15,E-Wallet,89250
2024-08-02,Smartphone B,Electronics,4809000,2,C0175,Jakarta,5,COD,9137100
2024-08-02,Snack J,Food,34000,1,C1950,Bandung,5,E-Wallet,32300
2024-08-02,T-Shirt G,Fashion,248000,1,C1223,Semarang,0,Credit Card,248000
2024-08-02,Monitor D,Electronics,2724000,1,C0415,Surabaya,0,COD,2724000
2024-08-02,Jacket F,Fashion,538000,1,C2197,Yogyakarta,15,Credit Card,457300
2024-08-02,Snack J,Food,34000,4,C0692,Malang,10,Credit Card,122400
2024-08-03,Coffee I,Food,76000,2,C0428,Jakarta,15,E-Wallet,129200
2024-08-03,Chair N,Home,874000,2,C2267,Surabaya,0,Credit Card,1748000
2024-08-03,Snack J,Food,37000,1,C0314,Jakarta,0,E-Wallet,37000
2024-08-03,Table O,Home,1461000,1,C0218,Yogyakarta,10,Bank Transfer,1314900
2024-08-03,Chair N,Home,922000,1,C2296,Yogyakarta,10,COD,829800
2024-08-03,Chair N,Home,889000,3,C1709,Semarang,15,Bank Transfer,2266950
2024-08-03,Shoes E,Fashion,705000,2,C2425,Yogyakarta,0,Bank Transfer,1410000
2024-08-03,T-Shirt G,Fashion,250000,3,C0497,Solo,20,COD,600000
2024-08-03,Lamp M,Home,296000,1,C0662,Solo,5,Credit Card,281200
2024-08-03,Pillow P,Home,180000,2,C1567,Semarang,10,Bank Transfer,324000
2024-08-03,Shoes E,Fashion,626000,2,C2240,Bandung,5,Bank Transfer,1189400
2024-08-03,Snack J,Food,38000,4,C1261,Jakarta,10,E-Wallet,136800
2024-08-03,Laptop A,Electronics,8630000,1,C1991,Jakarta,10,E-Wallet,7767000
2024-08-04,Headphone C,Electronics,781000,2,C1311,Surabaya,0,Bank Transfer,1562000
2024-08-04,Laptop A,Electronics,8556000,1,C1148,Yogyakarta,5,Bank Transfer,8128200
2024-08-04,Shoes E,Fashion,631000,1,C0964,Bandung,5,COD,599450
2024-08-04,Lamp M,Home,271000,1,C1166,Solo,5,E-Wallet,257450
2024-08-04,Monitor D,Electronics,2616000,1,C1782,Yogyakarta,5,Bank Transfer,2485200
2024-08-04,Headphone C,Electronics,783000,2,C1844,Jakarta,0,E-Wallet,1566000
2024-08-04,Snack J,Food,34000,4,C0936,Semarang,0,E-Wallet,136000
2024-08-04,Jacket F,Fashion,560000,2,C0205,Yogyakarta,15,Credit Card,952000
2024-08-04,Coffee I,Food,75000,4,C0531,Surabaya,10,E-Wallet,270000
2024-08-04,Chocolate L,Food,61000,1,C0650,Malang,0,Bank Transfer,61000
2024-08-04,Lamp M,Home,298000,2,C0500,Jakarta,15,Credit Card,506600
2024-08-04,Laptop A,Electronics,8974000,1,C1950,Surabaya,10,Credit Card,8076600
2024-08-04,Chocolate L,Food,62000,5,C0521,Jakarta,15,Bank Transfer,263500
2024-08-05,Coffee I,Food,82000,4,C1600,Jakarta,5,Bank Transfer,311600
2024-08-05,Jacket F,Fashion,522000,2,C1924,Bandung,0,Credit Card,1044000
2024-08-05,Table O,Home,1462000,2,C1029,Bandung,5,Bank Transfer,2777800
2024-08-05,Snack J,Food,35000,4,C0267,Jakarta,0,Credit Card,140000
2024-08-05,Monitor D,Electronics,2503000,1,C0238,Surabaya,5,E-Wallet,2377850
2024-08-05,Coffee I,Food,73000,1,C0507,Surabaya,10,E-Wallet,65700
2024-08-05,Table O,Home,1425000,3,C0467,Surabaya,15,COD,3633750
2024-08-05,Bag H,Fashion,419000,1,C0760,Jakarta,5,Bank Transfer,398050
2024-08-05,Smartphone B,Electronics,4700000,3,C0924,Jakarta,5,Bank Transfer,13395000
2024-08-05,Monitor D,Electronics,2477000,1,C2306,Jakarta,0,E-Wallet,2477000
2024-08-05,Jacket F,Fashion,560000,2,C0944,Jakarta,10,Credit Card,1008000
2024-08-05,T-Shirt G,Fashion,246000,3,C2151,Jakarta,5,E-Wallet,701100
2024-08-05,Laptop A,Electronics,8514000,5,C1907,Jakarta,5,Credit Card,40441500
2024-08-05,Laptop A,Electronics,8111000,2,C1729,Malang,0,Credit Card,16222000
2024-08-05,Monitor D,Electronics,2584000,2,C0242,Semarang,0,Bank Transfer,5168000
2024-08-05,Bag H,Fashion,450000,3,C1541,Jakarta,15,E-Wallet,1147500
2024-08-05,Chocolate L,Food,60000,2,C1827,Surabaya,0,E-Wallet,120000
2024-08-05,Smartphone B,Electronics,4802000,1,C0125,Jakarta,0,Bank Transfer,4802000
2024-08-05,Snack J,Food,34000,1,C0575,Semarang,20,COD,27200
2024-08-05,Shoes E,Fashion,615000,2,C2233,Jakarta,0,E-Wallet,1230000
2024-08-05,Pillow P,Home,181000,3,C0040,Yogyakarta,0,E-Wallet,543000
2024-08-06,Laptop A,Electronics,8408000,2,C2387,Surabaya,20,Bank Transfer,13452800
2024-08-06,Tea K,Food,52000,2,C1725,Surabaya,15,Credit Card,88400
2024-08-06,T-Shirt G,Fashion,257000,4,C2458,Yogyakarta,0,E-Wallet,1028000
2024-08-06,Lamp M,Home,299000,2,C0665,Solo,5,E-Wallet,568100
2024-08-06,Laptop A,Electronics,8503000,1,C1505,Jakarta,0,Bank Transfer,8503000
2024-08-06,Laptop A,Electronics,8575000,2,C0097,Jakarta,5,Bank Transfer,16292500
2024-08-06,Monitor D,Electronics,2423000,1,C2144,Jakarta,10,Bank Transfer,2180700
2024-08-06,Smartphone B,Electronics,5225000,3,C2420,Semarang,10,Credit Card,14107500
2024-08-06,Pillow P,Home,184000,3,C2488,Surabaya,20,Credit Card,441600
2024-08-06,Table O,Home,1501000,3,C0454,Jakarta,5,E-Wallet,4277850
2024-08-06,Chocolate L,Food,54000,1,C1718,Semarang,10,E-Wallet,48600
2024-08-06,Pillow P,Home,187000,2,C1389,Malang,15,Credit Card,317900
2024-08-06,Snack J,Food,35000,2,C0411,Yogyakarta,0,E-Wallet,70000
2024-08-06,Coffee I,Food,76000,1,C1423,Jakarta,10,Bank Transfer,68400
2024-08-06,Jacket F,Fashion,563000,2,C0276,Yogyakarta,5,E-Wallet,1069700
2024-08-06,Bag H,Fashion,445000,1,C0604,Semarang,0,E-Wallet,445000
2024-08-07,T-Shirt G,Fashion,244000,3,C1671,Bandung,5,E-Wallet,695400
2024-08-07,Pillow P,Home,173000,2,C0263,Malang,5,E-Wallet,328700
2024-08-07,Table O,Home,1514000,2,C0293,Semarang,0,Bank Transfer,3028000
2024-08-07,Laptop A,Electronics,8549000,1,C0739,Yogyakarta,5,Credit Card,8121550
2024-08-07,Bag H,Fashion,459000,2,C1140,Solo,10,Credit Card,826200
2024-08-07,Headphone C,Electronics,776000,1,C2262,Bandung,5,Credit Card,737200
2024-08-07,Bag H,Fashion,453000,1,C0986,Jakarta,10,Bank Transfer,407700
2024-08-07,Smartphone B,Electronics,4902000,1,C0126,Jakarta,10,E-Wallet,4411800
2024-08-07,Monitor D,Electronics,2528000,1,C0200,Bandung,5,E-Wallet,2401600
2024-08-07,Tea K,Food,52000,2,C0168,Yogyakarta,5,COD,98800
2024-08-07,T-Shirt G,Fashion,257000,5,C2055,Surabaya,15,Credit Card,1092250
2024-08-07,Headphone C,Electronics,744000,3,C0332,Surabaya,15,E-Wallet,1897200
2024-08-07,Coffee I,Food,76000,3,C0261,Surabaya,10,E-Wallet,205200
2024-08-07,Smartphone B,Electronics,5263000,4,C0359,Bandung,5,Credit Card,19999400
2024-08-07,Bag H,Fashion,435000,1,C1709,Yogyakarta,10,Bank Transfer,391500
2024-08-08,Chocolate L,Food,59000,1,C2251,Yogyakarta,10,E-Wallet,53100
2024-08-08,Pillow P,Home,173000,3,C0490,Malang,0,Credit Card,519000
2024-08-08,Snack J,Food,36000,3,C1961,Semarang,15,Bank Transfer,91800
2024-08-08,Pillow P,Home,180000,5,C0348,Malang,10,E-Wallet,810000
2024-08-08,Chocolate L,Food,61000,2,C2178,Bandung,0,Credit Card,122000
2024-08-08,Laptop A,Electronics,8520000,1,C1014,Malang,15,Credit Card,7242000
2024-08-08,Laptop A,Electronics,8593000,2,C0519,Semarang,0,COD,17186000
2024-08-08,Monitor D,Electronics,2477000,1,C0091,Solo,10,E-Wallet,2229300
2024-08-08,Snack J,Food,35000,1,C2286,Solo,0,Bank Transfer,35000
2024-08-08,Laptop A,Electronics,8331000,4,C0793,Bandung,0,Bank Transfer,33324000
2024-08-08,Tea K,Food,51000,3,C0402,Yogyakarta,20,E-Wallet,122400
2024-08-08,Chocolate L,Food,54000,3,C0064,Jakarta,10,E-Wallet,145800
2024-08-08,Bag H,Fashion,462000,2,C1256,Yogyakarta,0,COD,924000
2024-08-08,T-Shirt G,Fashion,264000,3,C1851,Yogyakarta,15,E-Wallet,673200
2024-08-08,Jacket F,Fashion,519000,1,C1644,Semarang,15,COD,441150
2024-08-08,Tea K,Food,48000,2,C1797,Surabaya,0,E-Wallet,96000
2024-08-08,Jacket F,Fashion,520000,2,C0260,Semarang,10,Credit Card,936000
2024-08-08,Bag H,Fashion,477000,2,C2419,Surabaya,0,E-Wallet,954000
2024-08-08,Pillow P,Home,177000,1,C2009,Malang,0,Bank Transfer,177000
2024-08-08,Bag H,Fashion,484000,1,C0149,Yogyakarta,15,E-Wallet,411400
2024-08-08,T-Shirt G,Fashion,229000,2,C1564,Yogyakarta,15,Credit Card,389300
2024-08-08,Smartphone B,Electronics,4872000,1,C0513,Semarang,0,Credit Card,4872000
2024-08-09,Table O,Home,1470000,3,C1226,Bandung,0,E-Wallet,4410000
2024-08-09,Laptop A,Electronics,8354000,2,C2057,Bandung,0,Bank Transfer,16708000
2024-08-09,Chocolate L,Food,58000,3,C2107,Jakarta,10,E-Wallet,156600
2024-08-09,Coffee I,Food,71000,2,C0981,Surabaya,5,Bank Transfer,134900
2024-08-09,T-Shirt G,Fashion,255000,3,C0636,Jakarta,0,Bank Transfer,765000
2024-08-09,Monitor D,Electronics,2654000,2,C2244,Semarang,0,Credit Card,5308000
2024-08-09,Tea K,Food,51000,2,C2324,Surabaya,0,E-Wallet,102000
2024-08-09,Headphone C,Electronics,724000,5,C2212,Bandung,0,Credit Card,3620000
2024-08-09,Chocolate L,Food,60000,1,C1136,Yogyakarta,0,Credit Card,60000
2024-08-09,Laptop A,Electronics,9022000,2,C1189,Malang,0,Credit Card,18044000
2024-08-09,Jacket F,Fashion,551000,1,C1542,Malang,0,COD,551000
2024-08-09,Laptop A,Electronics,8503000,1,C2499,Bandung,15,COD,7227550
2024-08-09,Bag H,Fashion,446000,1,C0762,Jakarta,15,E-Wallet,379100
2024-08-09,Pillow P,Home,186000,1,C0307,Yogyakarta,10,Bank Transfer,167400
2024-08-09,Jacket F,Fashion,560000,1,C0175,Solo,0,Bank Transfer,560000
2024-08-09,Laptop A,Electronics,8627000,1,C1448,Jakarta,15,E-Wallet,7332950
2024-08-09,Laptop A,Electronics,8696000,5,C0751,Malang,20,E-Wallet,34784000
2024-08-10,Snack J,Food,36000,3,C0238,Semarang,10,COD,97200
2024-08-10,Bag H,Fashion,450000,3,C0938,Surabaya,5,Credit Card,1282500
2024-08-10,Chocolate L,Food,60000,3,C1251,Semarang,0,E-Wallet,180000
2024-08-10,Tea K,Food,51000,5,C2434,Bandung,0,E-Wallet,255000
2024-08-10,T-Shirt G,Fashion,238000,2,C0560,Surabaya,0,E-Wallet,476000
2024-08-10,T-Shirt G,Fashion,243000,1,C0012,Yogyakarta,20,E-Wallet,194400
2024-08-10,Coffee I,Food,74000,4,C1421,Jakarta,0,Bank Transfer,296000
2024-08-10,Chair N,Home,883000,2,C0960,Yogyakarta,10,Bank Transfer,1589400
2024-08-10,Headphone C,Electronics,733000,1,C1461,Yogyakarta,0,COD,733000
2024-08-10,T-Shirt G,Fashion,247000,2,C1781,Yogyakarta,0,E-Wallet,494000
2024-08-10,Lamp M,Home,303000,1,C2311,Malang,10,COD,272700
2024-08-10,Chocolate L,Food,63000,1,C0891,Semarang,15,Credit Card,53550
2024-08-10,Jacket F,Fashion,565000,1,C2302,Malang,5,E-Wallet,536750
2024-08-10,Lamp M,Home,295000,4,C1611,Surabaya,15,Bank Transfer,1003000
2024-08-10,Monitor D,Electronics,2568000,1,C0982,Yogyakarta,15,E-Wallet,2182800
2024-08-10,Snack J,Food,33000,3,C2082,Solo,0,Bank Transfer,99000
2024-08-10,Monitor D,Electronics,2430000,1,C0949,Bandung,10,Credit Card,2187000
2024-08-10,Lamp M,Home,299000,3,C1387,Bandung,0,Bank Transfer,897000
2024-08-11,T-Shirt G,Fashion,252000,3,C1787,Bandung,10,COD,680400
2024-08-11,Table O,Home,1424000,3,C2128,Semarang,0,E-Wallet,4272000
2024-08-11,Monitor D,Electronics,2551000,1,C0470,Malang,20,Credit Card,2040800
2024-08-11,Jacket F,Fashion,540000,4,C0223,Yogyakarta,20,E-Wallet,1728000
2024-08-11,Tea K,Food,51000,1,C0498,Jakarta,0,Bank Transfer,51000
2024-08-11,T-Shirt G,Fashion,262000,1,C0289,Jakarta,20,COD,209600
2024-08-11,Bag H,Fashion,466000,2,C1036,Bandung,0,Credit Card,932000
2024-08-11,Tea K,Food,50000,1,C1627,Bandung,20,Bank Transfer,40000
2024-08-11,Monitor D,Electronics,2447000,2,C0541,Bandung,20,E-Wallet,3915200
2024-08-11,T-Shirt G,Fashion,247000,1,C2419,Malang,0,Bank Transfer,247000
2024-08-11,Coffee I,Food,78000,1,C0049,Yogyakarta,10,E-Wallet,70200
2024-08-11,Smartphone B,Electronics,5017000,1,C0828,Surabaya,0,E-Wallet,5017000
2024-08-11,Bag H,Fashion,463000,1,C0398,Jakarta,10,E-Wallet,416700
2024-08-11,Smartphone B,Electronics,5052000,2,C1201,Surabaya,0,COD,10104000
2024-08-11,Monitor D,Electronics,2489000,1,C2309,Yogyakarta,15,E-Wallet,2115650
2024-08-11,Smartphone B,Electronics,4795000,2,C1419,Surabaya,5,Credit Card,9110500
2024-08-11,Monitor D,Electronics,2544000,3,C2381,Jakarta,0,Bank Transfer,7632000
2024-08-12,Pillow P,Home,175000,1,C0866,Malang,20,Credit Card,140000
2024-08-12,Snack J,Food,32000,2,C2488,Jakarta,0,Credit Card,64000
2024-08-12,Smartphone B,Electronics,5100000,3,C2391,Solo,15,Credit Card,13005000
2024-08-12,Headphone C,Electronics,800000,4,C2435,Surabaya,15,Credit Card,2720000
2024-08-12,Tea K,Food,49000,2,C0549,Malang,0,Bank Transfer,98000
2024-08-12,T-Shirt G,Fashion,257000,5,C0474,Surabaya,0,COD,1285000
2024-08-12,T-Shirt G,Fashion,240000,2,C2304,Yogyakarta,5,COD,456000
2024-08-12,Tea K,Food,49000,2,C0905,Surabaya,0,COD,98000
2024-08-12,T-Shirt G,Fashion,245000,1,C1752,Semarang,20,Credit Card,196000
2024-08-12,Smartphone B,Electronics,5175000,2,C1757,Yogyakarta,0,Credit Card,10350000
2024-08-12,Table O,Home,1481000,1,C0893,Surabaya,10,COD,1332900
2024-08-12,Monitor D,Electronics,2568000,2,C1919,Surabaya,5,Credit Card,4879200
2024-08-12,Pillow P,Home,170000,2,C2407,Semarang,20,Credit Card,272000
2024-08-12,Headphone C,Electronics,737000,2,C1520,Surabaya,5,Credit Card,1400300
2024-08-12,Table O,Home,1465000,2,C1581,Bandung,10,E-Wallet,2637000
2024-08-12,Tea K,Food,49000,3,C2023,Solo,0,Credit Card,147000
2024-08-13,Headphone C,Electronics,790000,1,C0804,Semarang,10,E-Wallet,711000
2024-08-13,Pillow P,Home,182000,1,C0541,Jakarta,15,E-Wallet,154700
2024-08-13,Shoes E,Fashion,610000,2,C1711,Jakarta,0,E-Wallet,1220000
2024-08-13,Bag H,Fashion,404000,2,C0679,Surabaya,0,Bank Transfer,808000
2024-08-13,Shoes E,Fashion,654000,1,C2438,Yogyakarta,10,Bank Transfer,588600
2024-08-13,Headphone C,Electronics,714000,2,C1775,Bandung,10,COD,1285200
2024-08-13,Chair N,Home,897000,1,C0943,Surabaya,5,Bank Transfer,852150
2024-08-13,Laptop A,Electronics,8207000,1,C1504,Surabaya,5,E-Wallet,7796650
2024-08-13,Tea K,Food,50000,1,C0780,Yogyakarta,10,Bank Transfer,45000
2024-08-13,Headphone C,Electronics,733000,1,C1853,Jakarta,15,E-Wallet,623050
2024-08-13,Snack J,Food,36000,2,C2464,Semarang,0,E-Wallet,72000
2024-08-13,Laptop A,Electronics,8511000,2,C1804,Bandung,15,Credit Card,14468700
2024-08-13,Shoes E,Fashion,688000,1,C0341,Jakarta,10,E-Wallet,619200
2024-08-13,Lamp M,Home,294000,1,C0113,Bandung,0,E-Wallet,294000
2024-08-13,Tea K,Food,50000,1,C1271,Surabaya,0,E-Wallet,50000
2024-08-13,Snack J,Food,33000,2,C0629,Bandung,0,COD,66000
2024-08-13,Laptop A,Electronics,9099000,2,C0763,Semarang,0,COD,18198000
2024-08-13,Tea K,Food,52000,3,C0099,Surabaya,10,E-Wallet,140400
2024-08-14,Headphone C,Electronics,790000,3,C0817,Yogyakarta,0,E-Wallet,2370000
2024-08-14,Jacket F,Fashion,588000,1,C1017,Jakarta,10,Credit Card,529200
2024-08-14,Snack J,Food,36000,4,C1199,Jakarta,10,Credit Card,129600
2024-08-14,Headphone C,Electronics,735000,4,C0824,Jakarta,5,E-Wallet,2793000
2024-08-14,Bag H,Fashion,458000,2,C1056,Solo,5,Credit Card,870200
2024-08-14,Smartphone B,Electronics,4953000,1,C1447,Bandung,0,COD,4953000
2024-08-14,Headphone C,Electronics,678000,4,C2449,Malang,0,Credit Card,2712000
2024-08-14,Monitor D,Electronics,2459000,3,C2262,Semarang,5,Bank Transfer,7008150
2024-08-14,Chocolate L,Food,57000,1,C0223,Bandung,10,E-Wallet,51300
2024-08-14,Headphone C,Electronics,719000,1,C1543,Semarang,10,COD,647100
2024-08-14,Tea K,Food,50000,1,C0386,Jakarta,10,Bank Transfer,45000
2024-08-14,Headphone C,Electronics,778000,1,C0836,Solo,10,Bank Transfer,700200
2024-08-14,Chocolate L,Food,58000,1,C0005,Semarang,5,E-Wallet,55100
2024-08-14,Laptop A,Electronics,8810000,1,C1165,Yogyakarta,0,COD,8810000
2024-08-14,Bag H,Fashion,461000,1,C1011,Surabaya,0,Bank Transfer,461000
2024-08-14,Jacket F,Fashion,548000,1,C1534,Semarang,5,COD,520600
2024-08-14,Smartphone B,Electronics,5195000,2,C1023,Bandung,10,Credit Card,9351000
2024-08-14,Tea K,Food,51000,1,C1732,Bandung,0,E-Wallet,51000
2024-08-14,Chocolate L,Food,54000,2,C0647,Semarang,10,Credit Card,97200
2024-08-15,Jacket F,Fashion,549000,1,C0947,Yogyakarta,10,E-Wallet,494100
2024-08-15,Snack J,Food,34000,1,C1771,Semarang,0,E-Wallet,34000
2024-08-15,Bag H,Fashion,468000,1,C0099,Malang,5,Credit Card,444600
2024-08-15,Tea K,Food,46000,2,C1918,Jakarta,0,Credit Card,92000
2024-08-15,T-Shirt G,Fashion,260000,1,C0095,Yogyakarta,0,E-Wallet,260000
2024-08-15,Tea K,Food,47000,1,C0687,Solo,0,Credit Card,47000
2024-08-15,Headphone C,Electronics,721000,1,C0198,Malang,10,E-Wallet,648900
2024-08-15,Laptop A,Electronics,7976000,5,C2436,Yogyakarta,5,Credit Card,37886000
2024-08-15,Jacket F,Fashion,515000,1,C0290,Yogyakarta,0,E-Wallet,515000
2024-08-15,Coffee I,Food,73000,2,C1780,Jakarta,15,E-Wallet,124100
2024-08-15,Shoes E,Fashion,668000,2,C0834,Jakarta,5,E-Wallet,1269200
2024-08-15,Bag H,Fashion,433000,3,C2156,Semarang,0,E-Wallet,1299000
2024-08-15,Tea K,Food,51000,1,C2168,Bandung,15,COD,43350
2024-08-15,Jacket F,Fashion,572000,2,C0753,Jakarta,0,E-Wallet,1144000
2024-08-15,Tea K,Food,52000,1,C2395,Semarang,10,Bank Transfer,46800
2024-08-15,Lamp M,Home,324000,1,C0263,Semarang,10,E-Wallet,291600
2024-08-15,Bag H,Fashion,439000,2,C2144,Jakarta,5,E-Wallet,834100
2024-08-16,Snack J,Food,37000,2,C0515,Surabaya,10,COD,66600
2024-08-16,T-Shirt G,Fashion,259000,3,C0891,Bandung,20,E-Wallet,621600
2024-08-16,Lamp M,Home,306000,2,C0261,Surabaya,5,E-Wallet,581400
2024-08-16,Chocolate L,Food,65000,1,C1346,Yogyakarta,5,E-Wallet,61750
2024-08-16,Chocolate L,Food,58000,2,C0643,Semarang,0,Bank Transfer,116000
2024-08-16,Headphone C,Electronics,781000,1,C1605,Semarang,15,COD,663850
2024-08-16,T-Shirt G,Fashion,246000,1,C0745,Yogyakarta,10,Credit Card,221400
2024-08-16,Table O,Home,1564000,1,C1653,Solo,5,Bank Transfer,1485800
2024-08-16,Laptop A,Electronics,8150000,2,C0088,Jakarta,0,Bank Transfer,16300000
2024-08-17,Laptop A,Electronics,8403000,3,C1671,Yogyakarta,0,COD,25209000
2024-08-17,Monitor D,Electronics,2174000,1,C0260,Semarang,0,Bank Transfer,2174000
2024-08-17,T-Shirt G,Fashion,269000,1,C1755,Bandung,15,Credit Card,228650
2024-08-17,Headphone C,Electronics,724000,5,C0315,Semarang,0,E-Wallet,3620000
2024-08-17,Smartphone B,Electronics,5048000,3,C2009,Jakarta,5,E-Wallet,14386800
2024-08-17,Lamp M,Home,303000,1,C2239,Semarang,0,Bank Transfer,303000
2024-08-17,Table O,Home,1450000,4,C1817,Yogyakarta,10,E-Wallet,5220000
2024-08-17,Table O,Home,1535000,3,C0939,Yogyakarta,15,Bank Transfer,3914250
2024-08-17,Table O,Home,1484000,1,C1305,Surabaya,5,COD,1409800
2024-08-17,Laptop A,Electronics,8489000,2,C1614,Semarang,5,Bank Transfer,16129100
2024-08-18,Chocolate L,Food,62000,3,C0387,Surabaya,10,Bank Transfer,167400
2024-08-18,Bag H,Fashion,441000,2,C1077,Semarang,10,E-Wallet,793800
2024-08-18,T-Shirt G,Fashion,244000,4,C0736,Jakarta,0,Credit Card,976000
2024-08-18,Tea K,Food,49000,1,C1049,Yogyakarta,10,Bank Transfer,44100
2024-08-18,T-Shirt G,Fashion,248000,5,C1560,Jakarta,10,E-Wallet,1116000
2024-08-18,Smartphone B,Electronics,5038000,2,C2151,Surabaya,10,Bank Transfer,9068400
2024-08-18,Headphone C,Electronics,785000,1,C1108,Yogyakarta,10,Credit Card,706500
2024-08-18,Table O,Home,1572000,2,C1457,Semarang,15,E-Wallet,2672400
2024-08-18,Chocolate L,Food,55000,1,C1360,Malang,10,Credit Card,49500
2024-08-18,Monitor D,Electronics,2529000,1,C2148,Semarang,0,E-Wallet,2529000
2024-08-18,Coffee I,Food,76000,3,C0723,Jakarta,0,COD,228000
2024-08-18,Chair N,Home,908000,1,C2455,Surabaya,0,E-Wallet,908000
2024-08-18,Smartphone B,Electronics,5037000,2,C0672,Bandung,0,E-Wallet,10074000
2024-08-18,Monitor D,Electronics,2320000,2,C0257,Yogyakarta,5,E-Wallet,4408000
2024-08-18,Coffee I,Food,75000,1,C0232,Semarang,0,COD,75000
2024-08-18,Chocolate L,Food,61000,3,C0076,Yogyakarta,10,Bank Transfer,164700
2024-08-18,Laptop A,Electronics,8795000,2,C1028,Jakarta,10,Credit Card,15831000
2024-08-18,Chair N,Home,942000,2,C1178,Yogyakarta,15,E-Wallet,1601400
2024-08-18,Jacket F,Fashion,593000,1,C1097,Yogyakarta,0,Credit Card,593000
2024-08-19,Smartphone B,Electronics,5068000,1,C0899,Surabaya,0,E-Wallet,5068000
2024-08-19,Snack J,Food,34000,3,C1653,Yogyakarta,0,E-Wallet,102000
2024-08-19,Bag H,Fashion,438000,3,C1070,Yogyakarta,5,Credit Card,1248300
2024-08-19,Headphone C,Electronics,763000,3,C1297,Surabaya,0,Credit Card,2289000
2024-08-19,Chair N,Home,861000,1,C1424,Bandung,10,E-Wallet,774900
2024-08-19,T-Shirt G,Fashion,241000,1,C0696,Bandung,10,Bank Transfer,216900
2024-08-19,Shoes E,Fashion,644000,3,C1037,Surabaya,0,Bank Transfer,1932000
2024-08-19,Smartphone B,Electronics,5306000,2,C1965,Surabaya,0,E-Wallet,10612000
2024-08-19,Smartphone B,Electronics,5166000,1,C1910,Jakarta,15,COD,4391100
2024-08-19,Laptop A,Electronics,8208000,2,C1015,Jakarta,10,E-Wallet,14774400
2024-08-19,Tea K,Food,50000,1,C0307,Semarang,5,Bank Transfer,47500
2024-08-19,Tea K,Food,51000,1,C1152,Bandung,20,E-Wallet,40800
2024-08-19,Coffee I,Food,66000,2,C0470,Solo,0,Bank Transfer,132000
2024-08-19,Monitor D,Electronics,2688000,1,C0041,Surabaya,15,E-Wallet,2284800
2024-08-19,Shoes E,Fashion,608000,1,C1550,Jakarta,10,E-Wallet,547200
2024-08-19,Laptop A,Electronics,8519000,2,C1701,Bandung,0,Bank Transfer,17038000
2024-08-20,Coffee I,Food,76000,1,C0215,Jakarta,10,COD,68400
2024-08-20,T-Shirt G,Fashion,254000,5,C0088,Yogyakarta,0,E-Wallet,1270000
2024-08-20,Tea K,Food,47000,3,C0620,Malang,15,E-Wallet,119850
2024-08-20,Monitor D,Electronics,2585000,1,C1691,Semarang,5,Bank Transfer,2455750
2024-08-20,Table O,Home,1609000,2,C1770,Jakarta,10,E-Wallet,2896200
2024-08-20,Lamp M,Home,299000,1,C2235,Yogyakarta,10,COD,269100
2024-08-20,Laptop A,Electronics,8491000,1,C0902,Surabaya,0,Bank Transfer,8491000
2024-08-20,Monitor D,Electronics,2685000,1,C2497,Surabaya,5,E-Wallet,2550750
2024-08-20,Smartphone B,Electronics,4832000,3,C2396,Jakarta,10,Credit Card,13046400
2024-08-20,Headphone C,Electronics,740000,2,C2190,Surabaya,10,Bank Transfer,1332000
2024-08-20,Table O,Home,1406000,2,C2159,Semarang,15,E-Wallet,2390200
2024-08-20,Laptop A,Electronics,9148000,2,C0956,Bandung,10,Credit Card,16466400
2024-08-20,Monitor D,Electronics,2321000,3,C1332,Jakarta,10,COD,6266700
2024-08-20,Snack J,Food,37000,1,C2193,Surabaya,0,COD,37000
2024-08-20,Bag H,Fashion,440000,2,C1919,Jakarta,15,Credit Card,748000
2024-08-20,Chocolate L,Food,62000,1,C0322,Malang,20,Bank Transfer,49600
2024-08-20,Coffee I,Food,75000,1,C0102,Yogyakarta,0,Bank Transfer,75000
2024-08-21,Monitor D,Electronics,2510000,3,C1845,Yogyakarta,10,COD,6777000
2024-08-21,Coffee I,Food,69000,4,C2072,Jakarta,0,E-Wallet,276000
2024-08-21,Chocolate L,Food,60000,3,C0992,Surabaya,5,E-Wallet,171000
2024-08-21,Chocolate L,Food,60000,1,C1751,Jakarta,15,E-Wallet,51000
2024-08-21,Smartphone B,Electronics,4975000,2,C0950,Surabaya,10,E-Wallet,8955000
2024-08-21,Tea K,Food,52000,3,C2352,Surabaya,5,COD,148200
2024-08-21,Tea K,Food,50000,1,C0375,Malang,5,E-Wallet,47500
2024-08-21,Bag H,Fashion,441000,4,C1152,Surabaya,10,Credit Card,1587600
2024-08-21,T-Shirt G,Fashion,270000,1,C0128,Semarang,5,E-Wallet,256500
2024-08-21,Laptop A,Electronics,8879000,2,C0204,Bandung,5,Bank Transfer,16870100
2024-08-21,Snack J,Food,36000,2,C0688,Jakarta,5,Credit Card,68400
2024-08-21,Smartphone B,Electronics,4871000,2,C0544,Surabaya,5,Credit Card,9254900
2024-08-21,Laptop A,Electronics,8994000,2,C2404,Jakarta,15,Credit Card,15289800
2024-08-21,Chocolate L,Food,62000,1,C1521,Bandung,0,E-Wallet,62000
2024-08-21,Chocolate L,Food,62000,2,C2162,Bandung,0,Credit Card,124000
2024-08-21,Laptop A,Electronics,8519000,2,C0501,Surabaya,0,Credit Card,17038000
2024-08-21,Smartphone B,Electronics,5182000,3,C0660,Semarang,0,Credit Card,15546000
2024-08-21,Bag H,Fashion,470000,1,C1756,Bandung,10,Credit Card,423000
2024-08-22,Chocolate L,Food,58000,1,C1804,Solo,10,E-Wallet,52200
2024-08-22,Bag H,Fashion,455000,3,C2444,Yogyakarta,0,E-Wallet,1365000
2024-08-22,Snack J,Food,33000,3,C0344,Semarang,15,E-Wallet,84150
2024-08-22,Headphone C,Electronics,759000,1,C1880,Yogyakarta,0,E-Wallet,759000
2024-08-22,Bag H,Fashion,459000,1,C0919,Jakarta,0,E-Wallet,459000
2024-08-22,Smartphone B,Electronics,4891000,1,C0879,Malang,5,COD,4646450
2024-08-22,Shoes E,Fashion,660000,1,C0579,Jakarta,10,E-Wallet,594000
2024-08-22,Monitor D,Electronics,2503000,1,C2493,Bandung,5,COD,2377850
2024-08-22,Bag H,Fashion,450000,2,C1965,Malang,10,Bank Transfer,810000
2024-08-22,Pillow P,Home,175000,2,C0203,Yogyakarta,5,E-Wallet,332500
2024-08-22,Snack J,Food,33000,2,C0804,Jakarta,0,Credit Card,66000
2024-08-22,Monitor D,Electronics,2502000,1,C2216,Semarang,5,Credit Card,2376900
2024-08-22,Laptop A,Electronics,8977000,1,C2244,Surabaya,5,E-Wallet,8528150
2024-08-23,Lamp M,Home,286000,3,C0465,Yogyakarta,0,COD,858000
2024-08-23,Coffee I,Food,77000,3,C1992,Bandung,0,COD,231000
2024-08-23,Bag H,Fashion,461000,1,C2288,Bandung,0,Credit Card,461000
2024-08-23,Tea K,Food,50000,3,C2432,Jakarta,20,E-Wallet,120000
2024-08-23,Snack J,Food,36000,1,C0997,Solo,10,E-Wallet,32400
2024-08-23,Table O,Home,1566000,2,C0144,Solo,0,E-Wallet,3132000
2024-08-23,Lamp M,Home,332000,1,C2327,Jakarta,5,COD,315400
2024-08-23,Chair N,Home,902000,3,C2010,Semarang,15,Credit Card,2300100
2024-08-23,Jacket F,Fashion,556000,2,C0003,Bandung,5,Credit Card,1056400
2024-08-23,Smartphone B,Electronics,5120000,1,C1411,Bandung,15,E-Wallet,4352000
2024-08-23,T-Shirt G,Fashion,267000,4,C0182,Yogyakarta,0,COD,1068000
2024-08-24,Coffee I,Food,74000,1,C0016,Bandung,0,E-Wallet,74000
2024-08-24,Laptop A,Electronics,8455000,4,C0121,Bandung,0,Bank Transfer,33820000
2024-08-24,Jacket F,Fashion,559000,3,C2392,Bandung,20,E-Wallet,1341600
2024-08-24,Monitor D,Electronics,2434000,3,C2151,Malang,15,Bank Transfer,6206700
2024-08-24,T-Shirt G,Fashion,251000,1,C1901,Surabaya,5,Bank Transfer,238450
2024-08-24,Laptop A,Electronics,8513000,1,C0426,Bandung,15,Bank Transfer,7236050
2024-08-24,Table O,Home,1490000,1,C1487,Semarang,0,COD,1490000
2024-08-24,Monitor D,Electronics,2442000,2,C1932,Semarang,0,Bank Transfer,4884000
2024-08-24,Pillow P,Home,182000,1,C2085,Bandung,20,COD,145600
2024-08-24,T-Shirt G,Fashion,264000,4,C0618,Surabaya,0,COD,1056000
2024-08-24,Monitor D,Electronics,2555000,1,C0355,Bandung,0,Credit Card,2555000
2024-08-24,T-Shirt G,Fashion,265000,3,C1879,Malang,10,E-Wallet,715500
2024-08-24,Snack J,Food,35000,5,C2377,Yogyakarta,0,E-Wallet,175000
2024-08-24,Coffee I,Food,77000,2,C1329,Bandung,10,E-Wallet,138600
2024-08-25,Smartphone B,Electronics,5502000,1,C1355,Bandung,5,E-Wallet,5226900
2024-08-25,Headphone C,Electronics,796000,4,C1374,Surabaya,0,Credit Card,3184000
2024-08-25,Chocolate L,Food,63000,3,C1781,Malang,10,Credit Card,170100
2024-08-25,Smartphone B,Electronics,5126000,3,C1054,Yogyakarta,20,Credit Card,12302400
2024-08-25,Chocolate L,Food,59000,3,C2132,Bandung,10,E-Wallet,159300
2024-08-25,Chair N,Home,895000,2,C0603,Surabaya,0,E-Wallet,1790000
2024-08-25,Tea K,Food,51000,3,C0537,Yogyakarta,10,COD,137700
2024-08-25,Pillow P,Home,177000,1,C0776,Surabaya,10,Credit Card,159300
2024-08-25,Laptop A,Electronics,8299000,2,C0480,Solo,15,COD,14108300
2024-08-25,Laptop A,Electronics,8710000,5,C0278,Bandung,15,Bank Transfer,37017500
2024-08-25,Tea K,Food,51000,3,C1369,Jakarta,0,Bank Transfer,153000
2024-08-25,Smartphone B,Electronics,4845000,2,C1258,Solo,0,E-Wallet,9690000
2024-08-25,Bag H,Fashion,476000,1,C0652,Bandung,20,E-Wallet,380800
2024-08-25,Chair N,Home,917000,1,C1695,Solo,10,E-Wallet,825300
2024-08-25,Snack J,Food,33000,3,C1453,Bandung,0,Bank Transfer,99000
2024-08-25,Monitor D,Electronics,2536000,1,C0169,Yogyakarta,5,Bank Transfer,2409200
2024-08-25,Chair N,Home,975000,3,C0106,Jakarta,10,Credit Card,2632500
2024-08-26,Bag H,Fashion,442000,4,C0910,Jakarta,5,E-Wallet,1679600
2024-08-26,Chair N,Home,890000,3,C1851,Yogyakarta,0,E-Wallet,2670000
2024-08-26,Monitor D,Electronics,2382000,1,C1318,Solo,5,Credit Card,2262900
2024-08-26,Jacket F,Fashion,515000,1,C0752,Malang,10,E-Wallet,463500
2024-08-26,Lamp M,Home,309000,2,C1605,Surabaya,10,E-Wallet,556200
2024-08-26,Headphone C,Electronics,723000,3,C1960,Jakarta,0,E-Wallet,2169000
2024-08-26,Shoes E,Fashion,617000,4,C0105,Semarang,0,E-Wallet,2468000
2024-08-26,T-Shirt G,Fashion,259000,1,C0282,Solo,0,Bank Transfer,259000
2024-08-26,Bag H,Fashion,439000,1,C0665,Surabaya,0,Bank Transfer,439000
2024-08-26,Chair N,Home,865000,1,C1655,Semarang,5,E-Wallet,821750
2024-08-26,Smartphone B,Electronics,4782000,4,C2384,Surabaya,10,E-Wallet,17215200
2024-08-26,Laptop A,Electronics,8072000,3,C1695,Semarang,0,Credit Card,24216000
2024-08-26,Snack J,Food,36000,2,C0489,Jakarta,10,Bank Transfer,64800
2024-08-27,Headphone C,Electronics,762000,1,C2371,Surabaya,5,Bank Transfer,723900
2024-08-27,T-Shirt G,Fashion,248000,1,C1057,Jakarta,10,Bank Transfer,223200
2024-08-27,Jacket F,Fashion,548000,2,C1244,Yogyakarta,5,Credit Card,1041200
2024-08-27,Chocolate L,Food,57000,1,C1038,Bandung,5,E-Wallet,54150
2024-08-27,Laptop A,Electronics,8057000,1,C1517,Solo,5,Credit Card,7654150
2024-08-27,Shoes E,Fashion,693000,1,C1921,Semarang,0,E-Wallet,693000
2024-08-27,Laptop A,Electronics,8981000,1,C1614,Semarang,20,E-Wallet,7184800
2024-08-27,Chocolate L,Food,56000,3,C0840,Jakarta,20,Bank Transfer,134400
2024-08-27,Snack J,Food,36000,2,C0481,Surabaya,10,Bank Transfer,64800
2024-08-27,Headphone C,Electronics,717000,2,C1294,Surabaya,15,E-Wallet,1218900
2024-08-27,Monitor D,Electronics,2413000,3,C0802,Surabaya,0,E-Wallet,7239000
2024-08-27,Lamp M,Home,317000,2,C0535,Semarang,5,E-Wallet,602300
2024-08-27,Smartphone B,Electronics,5110000,1,C1518,Surabaya,0,Bank Transfer,5110000
2024-08-27,Headphone C,Electronics,733000,3,C0825,Surabaya,10,E-Wallet,1979100
2024-08-27,Coffee I,Food,77000,2,C0109,Semarang,10,COD,138600
2024-08-27,Smartphone B,Electronics,4683000,1,C0948,Malang,10,E-Wallet,4214700
2024-08-27,Tea K,Food,48000,1,C1288,Malang,15,Bank Transfer,40800
2024-08-27,T-Shirt G,Fashion,247000,1,C1752,Yogyakarta,15,Credit Card,209950
2024-08-28,Coffee I,Food,77000,3,C0474,Semarang,10,COD,207900
2024-08-28,Chair N,Home,879000,3,C1539,Jakarta,5,COD,2505150
2024-08-28,Laptop A,Electronics,8806000,3,C0283,Surabaya,15,E-Wallet,22455300
2024-08-28,Jacket F,Fashion,547000,4,C1087,Jakarta,10,E-Wallet,1969200
2024-08-28,Smartphone B,Electronics,4748000,1,C2340,Bandung,0,COD,4748000
2024-08-28,Jacket F,Fashion,553000,2,C0486,Malang,5,E-Wallet,1050700
2024-08-28,Laptop A,Electronics,9048000,2,C0751,Malang,15,COD,15381600
2024-08-28,Monitor D,Electronics,2471000,2,C1324,Bandung,10,Bank Transfer,4447800
2024-08-28,Laptop A,Electronics,8571000,4,C1850,Bandung,0,Credit Card,34284000
2024-08-28,Chocolate L,Food,60000,1,C0232,Surabaya,0,E-Wallet,60000
2024-08-28,Shoes E,Fashion,657000,1,C0825,Jakarta,0,E-Wallet,657000
2024-08-28,Lamp M,Home,296000,2,C1071,Jakarta,10,E-Wallet,532800
2024-08-28,Coffee I,Food,74000,4,C0761,Bandung,0,Bank Transfer,296000
2024-08-28,Laptop A,Electronics,7888000,2,C2480,Malang,5,COD,14987200
2024-08-28,Jacket F,Fashion,568000,2,C1640,Bandung,10,Credit Card,1022400
2024-08-28,Smartphone B,Electronics,4853000,2,C0382,Yogyakarta,10,Credit Card,8735400
2024-08-28,Chocolate L,Food,61000,1,C2297,Surabaya,20,Bank Transfer,48800
2024-08-28,Bag H,Fashion,445000,1,C0190,Jakarta,10,E-Wallet,400500
2024-08-28,Monitor D,Electronics,2611000,3,C0706,Jakarta,15,E-Wallet,6658050
2024-08-28,Jacket F,Fashion,549000,2,C0099,Jakarta,5,Credit Card,1043100
2024-08-28,T-Shirt G,Fashion,233000,1,C0057,Jakarta,0,Bank Transfer,233000
2024-08-28,Shoes E,Fashion,700000,2,C0286,Surabaya,0,E-Wallet,1400000
2024-08-28,T-Shirt G,Fashion,262000,3,C0883,Bandung,15,E-Wallet,668100
2024-08-29,Shoes E,Fashion,668000,2,C1374,Surabaya,0,Credit Card,1336000
2024-08-29,Chocolate L,Food,60000,3,C0777,Jakarta,10,E-Wallet,162000
2024-08-29,Snack J,Food,37000,2,C0683,Bandung,0,E-Wallet,74000
2024-08-29,Smartphone B,Electronics,5054000,2,C0732,Solo,10,Bank Transfer,9097200
2024-08-29,Chair N,Home,916000,1,C1131,Jakarta,0,Bank Transfer,916000
2024-08-29,Tea K,Food,48000,1,C0670,Malang,5,Bank Transfer,45600
2024-08-29,Tea K,Food,49000,2,C0623,Semarang,0,Bank Transfer,98000
2024-08-29,Chocolate L,Food,59000,1,C0467,Semarang,5,Credit Card,56050
2024-08-29,Pillow P,Home,182000,2,C1118,Yogyakarta,0,E-Wallet,364000
2024-08-29,Chair N,Home,902000,2,C2460,Jakarta,10,E-Wallet,1623600
2024-08-29,Jacket F,Fashion,560000,2,C0989,Jakarta,10,E-Wallet,1008000
2024-08-29,Jacket F,Fashion,545000,1,C0100,Yogyakarta,15,E-Wallet,463250
2024-08-29,Smartphone B,Electronics,4935000,3,C0317,Solo,0,Bank Transfer,14805000
2024-08-29,Table O,Home,1474000,1,C0185,Surabaya,15,Bank Transfer,1252900
2024-08-29,Chair N,Home,930000,1,C1605,Solo,10,E-Wallet,837000
2024-08-29,Table O,Home,1499000,3,C0149,Malang,0,Bank Transfer,4497000
2024-08-29,Chair N,Home,833000,2,C0761,Bandung,5,Credit Card,1582700
2024-08-29,Headphone C,Electronics,764000,2,C1110,Semarang,15,E-Wallet,1298800
2024-08-29,Chocolate L,Food,58000,1,C0906,Semarang,5,E-Wallet,55100
2024-08-29,Chair N,Home,881000,1,C1225,Surabaya,10,Bank Transfer,792900
2024-08-29,Smartphone B,Electronics,5314000,3,C0367,Jakarta,15,Bank Transfer,13550700
2024-08-29,T-Shirt G,Fashion,262000,1,C2118,Yogyakarta,10,Bank Transfer,235800
2024-08-29,Snack J,Food,32000,1,C2478,Bandung,10,Bank Transfer,28800
2024-08-29,Headphone C,Electronics,768000,4,C2090,Surabaya,10,Bank Transfer,2764800
2024-08-29,Chair N,Home,883000,2,C2132,Bandung,0,Credit Card,1766000
2024-08-30,Monitor D,Electronics,2488000,1,C2419,Solo,10,E-Wallet,2239200
2024-08-30,Tea K,Food,54000,1,C0398,Semarang,5,Bank Transfer,51300
2024-08-30,Monitor D,Electronics,2554000,3,C2077,Semarang,10,Bank Transfer,6895800
2024-08-30,Snack J,Food,33000,2,C1512,Jakarta,10,E-Wallet,59400
2024-08-30,Smartphone B,Electronics,5196000,3,C1921,Yogyakarta,0,E-Wallet,15588000
2024-08-30,T-Shirt G,Fashion,240000,1,C1050,Surabaya,15,Credit Card,204000
2024-08-30,Monitor D,Electronics,2563000,1,C1488,Surabaya,15,Bank Transfer,2178550
2024-08-30,T-Shirt G,Fashion,231000,1,C1667,Jakarta,10,COD,207900
2024-08-30,Tea K,Food,51000,1,C1334,Yogyakarta,10,E-Wallet,45900
2024-08-30,Monitor D,Electronics,2534000,1,C0351,Solo,5,COD,2407300
2024-08-30,Monitor D,Electronics,2706000,2,C2367,Malang,20,COD,4329600
2024-08-30,Smartphone B,Electronics,5250000,3,C0665,Malang,15,Bank Transfer,13387500
2024-08-30,Bag H,Fashion,435000,1,C1609,Surabaya,10,COD,391500
2024-08-30,Headphone C,Electronics,739000,1,C1705,Surabaya,5,Credit Card,702050
2024-08-30,Chair N,Home,866000,2,C1166,Bandung,0,COD,1732000
2024-08-31,Chair N,Home,909000,2,C1366,Semarang,15,E-Wallet,1545300
2024-08-31,Smartphone B,Electronics,4937000,2,C1014,Jakarta,10,E-Wallet,8886600
2024-08-31,Tea K,Food,50000,1,C2037,Yogyakarta,0,Credit Card,50000
2024-08-31,Smartphone B,Electronics,4985000,2,C0881,Bandung,5,Bank Transfer,9471500
2024-08-31,Bag H,Fashion,440000,3,C1626,Semarang,5,Credit Card,1254000
2024-08-31,Snack J,Food,36000,1,C0033,Semarang,0,Bank Transfer,36000
2024-08-31,Smartphone B,Electronics,5193000,1,C0132,Malang,10,E-Wallet,4673700
2024-08-31,Chocolate L,Food,61000,2,C1501,Semarang,0,Bank Transfer,122000
2024-08-31,Headphone C,Electronics,708000,3,C1324,Jakarta,15,Credit Card,1805400
2024-08-31,Monitor D,Electronics,2423000,2,C1174,Jakarta,15,COD,4119100
2024-08-31,Jacket F,Fashion,561000,1,C2463,Malang,0,Bank Transfer,561000
2024-08-31,Bag H,Fashion,434000,3,C1446,Yogyakarta,5,Bank Transfer,1236900
2024-08-31,T-Shirt G,Fashion,232000,2,C1540,Semarang,5,COD,440800
2024-08-31,Table O,Home,1528000,3,C0385,Surabaya,0,Bank Transfer,4584000
2024-08-31,Chair N,Home,938000,4,C0979,Solo,0,E-Wallet,3752000
2024-08-31,Smartphone B,Electronics,5136000,1,C1064,Surabaya,10,COD,4622400
2024-08-31,Coffee I,Food,75000,4,C0648,Semarang,5,E-Wallet,285000
2024-08-31,Headphone C,Electronics,748000,1,C0498,Malang,5,E-Wallet,710600
2024-08-31,Tea K,Food,52000,1,C2167,Yogyakarta,5,COD,49400
2024-08-31,Lamp M,Home,314000,1,C0381,Semarang,10,Credit Card,282600
2024-08-31,Chair N,Home,911000,1,C0392,Bandung,10,E-Wallet,819900
2024-08-31,Snack J,Food,36000,1,C1723,Jakarta,10,Credit Card,32400
2024-08-31,Headphone C,Electronics,782000,1,C0702,Jakarta,0,Credit Card,782000
2024-08-31,Tea K,Food,50000,3,C1474,Surabaya,0,E-Wallet,150000
2024-09-01,Laptop A,Electronics,8422000,4,C0372,Jakarta,0,Bank Transfer,33688000
2024-09-01,T-Shirt G,Fashion,261000,1,C1117,Surabaya,5,Bank Transfer,247950
2024-09-01,Tea K,Food,51000,1,C2067,Jakarta,5,E-Wallet,48450
2024-09-01,T-Shirt G,Fashion,259000,3,C0978,Malang,10,Credit Card,699300
2024-09-01,Headphone C,Electronics,757000,5,C1794,Semarang,10,Credit Card,3406500
2024-09-01,Chocolate L,Food,55000,2,C2316,Solo,0,E-Wallet,110000
2024-09-01,Tea K,Food,51000,1,C0414,Jakarta,10,E-Wallet,45900
2024-09-01,T-Shirt G,Fashion,265000,1,C0799,Jakarta,0,COD,265000
2024-09-01,Monitor D,Electronics,2501000,3,C0580,Malang,0,E-Wallet,7503000
2024-09-01,Chocolate L,Food,58000,2,C0790,Bandung,10,E-Wallet,104400
2024-09-02,Table O,Home,1462000,3,C1084,Solo,15,E-Wallet,3728100
2024-09-02,Chair N,Home,894000,2,C1525,Surabaya,10,Credit Card,1609200
2024-09-02,Table O,Home,1573000,1,C1104,Jakarta,15,COD,1337050
2024-09-02,Laptop A,Electronics,8514000,1,C1250,Yogyakarta,10,E-Wallet,7662600
2024-09-02,Bag H,Fashion,444000,1,C1358,Malang,20,Credit Card,355200
2024-09-02,T-Shirt G,Fashion,225000,1,C0859,Solo,10,COD,202500
2024-09-02,Jacket F,Fashion,560000,1,C1831,Jakarta,15,Bank Transfer,476000
2024-09-02,Monitor D,Electronics,2409000,1,C0055,Malang,20,COD,1927200
2024-09-02,Coffee I,Food,73000,3,C0647,Semarang,20,COD,175200
2024-09-02,Smartphone B,Electronics,4983000,5,C1743,Solo,20,E-Wallet,19932000
2024-09-02,Bag H,Fashion,476000,1,C0939,Jakarta,10,Credit Card,428400
2024-09-02,Headphone C,Electronics,751000,1,C2010,Bandung,5,Credit Card,713450
2024-09-02,Chocolate L,Food,56000,1,C1944,Bandung,0,Bank Transfer,56000
2024-09-02,Coffee I,Food,78000,1,C0694,Jakarta,0,COD,78000
2024-09-02,Laptop A,Electronics,8823000,4,C0145,Solo,10,COD,31762800
2024-09-02,Chocolate L,Food,65000,1,C2274,Jakarta,0,Credit Card,65000
2024-09-02,Lamp M,Home,287000,1,C2433,Bandung,10,Credit Card,258300
2024-09-02,Coffee I,Food,76000,2,C1763,Surabaya,10,E-Wallet,136800
2024-09-02,Coffee I,Food,74000,5,C1847,Semarang,5,Credit Card,351500
2024-09-02,Shoes E,Fashion,629000,1,C0460,Jakarta,10,E-Wallet,566100
2024-09-03,Laptop A,Electronics,8718000,4,C0035,Surabaya,10,E-Wallet,31384800
2024-09-03,Laptop A,Electronics,8722000,2,C1803,Bandung,5,E-Wallet,16571800
2024-09-03,Snack J,Food,38000,2,C2489,Bandung,0,Bank Transfer,76000
2024-09-03,Table O,Home,1523000,1,C2208,Yogyakarta,0,E-Wallet,1523000
2024-09-03,Monitor D,Electronics,2518000,1,C0481,Bandung,0,E-Wallet,2518000
2024-09-03,Table O,Home,1559000,2,C0870,Bandung,15,E-Wallet,2650300
2024-09-03,Coffee I,Food,79000,2,C2275,Jakarta,5,Bank Transfer,150100
2024-09-03,Laptop A,Electronics,8777000,2,C1978,Yogyakarta,0,E-Wallet,17554000
2024-09-03,Shoes E,Fashion,706000,3,C1975,Bandung,10,Bank Transfer,1906200
2024-09-03,Lamp M,Home,323000,1,C0316,Jakarta,15,COD,274550
2024-09-03,Table O,Home,1453000,2,C1316,Surabaya,15,COD,2470100
2024-09-03,Tea K,Food,51000,3,C0789,Semarang,10,E-Wallet,137700
2024-09-03,Chair N,Home,899000,1,C2059,Bandung,0,COD,899000
2024-09-03,Snack J,Food,37000,3,C2187,Jakarta,0,Credit Card,111000
2024-09-03,Tea K,Food,50000,4,C0268,Surabaya,10,E-Wallet,180000
2024-09-03,Shoes E,Fashion,662000,2,C2060,Bandung,0,Bank Transfer,1324000
2024-09-04,Jacket F,Fashion,566000,5,C1997,Jakarta,5,Bank Transfer,2688500
2024-09-04,Coffee I,Food,72000,1,C1973,Malang,15,Bank Transfer,61200
2024-09-04,Pillow P,Home,178000,3,C1424,Semarang,20,Credit Card,427200
2024-09-04,Laptop A,Electronics,8661000,2,C2405,Jakarta,0,Credit Card,17322000
2024-09-04,Jacket F,Fashion,536000,1,C1524,Semarang,15,Bank Transfer,455600
2024-09-04,Pillow P,Home,181000,1,C1775,Semarang,15,Bank Transfer,153850
2024-09-04,Chocolate L,Food,57000,1,C1721,Malang,0,Credit Card,57000
2024-09-04,Chocolate L,Food,64000,3,C2425,Semarang,0,E-Wallet,192000
2024-09-04,Monitor D,Electronics,2499000,1,C0779,Semarang,10,Credit Card,2249100
2024-09-04,Bag H,Fashion,431000,1,C1991,Semarang,5,Bank Transfer,409450
2024-09-04,T-Shirt G,Fashion,261000,1,C0904,Yogyakarta,20,Bank Transfer,208800
2024-09-04,Bag H,Fashion,428000,1,C1368,Malang,20,Credit Card,342400
2024-09-04,Bag H,Fashion,463000,2,C0850,Semarang,10,Bank Transfer,833400
2024-09-04,Chocolate L,Food,61000,1,C0931,Semarang,5,Bank Transfer,57950
2024-09-05,Smartphone B,Electronics,4999000,1,C2003,Malang,10,COD,4499100
2024-09-05,Monitor D,Electronics,2615000,1,C0697,Jakarta,10,COD,2353500
2024-09-05,Chair N,Home,938000,1,C1324,Surabaya,0,COD,938000
2024-09-05,Tea K,Food,48000,1,C1902,Semarang,10,Credit Card,43200
2024-09-05,Tea K,Food,49000,2,C0474,Surabaya,5,Credit Card,93100
2024-09-05,Jacket F,Fashion,535000,2,C0493,Malang,5,Credit Card,1016500
2024-09-05,Chair N,Home,882000,2,C1826,Jakarta,0,Credit Card,1764000
2024-09-05,Shoes E,Fashion,637000,1,C1442,Yogyakarta,10,E-Wallet,573300
2024-09-05,Table O,Home,1443000,2,C2350,Yogyakarta,0,Credit Card,2886000
2024-09-05,Monitor D,Electronics,2487000,3,C2367,Semarang,0,E-Wallet,7461000
2024-09-05,Headphone C,Electronics,774000,4,C1513,Jakarta,0,COD,3096000
2024-09-05,Headphone C,Electronics,721000,1,C0083,Malang,10,Credit Card,648900
2024-09-05,Monitor D,Electronics,2455000,1,C1595,Jakarta,10,COD,2209500
2024-09-05,Laptop A,Electronics,8232000,1,C0991,Malang,10,Credit Card,7408800
2024-09-06,T-Shirt G,Fashion,253000,1,C1619,Surabaya,0,Credit Card,253000
2024-09-06,Jacket F,Fashion,545000,2,C0450,Yogyakarta,15,Credit Card,926500
2024-09-06,Tea K,Food,52000,1,C0322,Solo,10,E-Wallet,46800
2024-09-06,Shoes E,Fashion,640000,1,C1314,Surabaya,10,Bank Transfer,576000
2024-09-06,Tea K,Food,52000,2,C2119,Malang,0,E-Wallet,104000
2024-09-06,Headphone C,Electronics,746000,3,C1211,Jakarta,15,Bank Transfer,1902300
2024-09-06,Smartphone B,Electronics,4847000,4,C1419,Semarang,5,Bank Transfer,18418600
2024-09-06,Chocolate L,Food,60000,2,C2036,Jakarta,0,Bank Transfer,120000
2024-09-06,Lamp M,Home,305000,4,C1446,Surabaya,0,E-Wallet,1220000
2024-09-06,Headphone C,Electronics,823000,1,C0745,Jakarta,20,Credit Card,658400
2024-09-06,Tea K,Food,50000,5,C1634,Semarang,5,Credit Card,237500
2024-09-06,Chocolate L,Food,57000,2,C1871,Semarang,10,Bank Transfer,102600
2024-09-06,Coffee I,Food,78000,1,C0213,Surabaya,0,COD,78000
2024-09-06,Coffee I,Food,72000,1,C1017,Semarang,10,E-Wallet,64800
2024-09-07,Jacket F,Fashion,596000,1,C2323,Semarang,15,Bank Transfer,506600
2024-09-07,Lamp M,Home,322000,2,C1321,Bandung,5,Credit Card,611800
2024-09-07,Smartphone B,Electronics,5034000,3,C2215,Malang,0,COD,15102000
2024-09-07,Pillow P,Home,190000,4,C0842,Surabaya,5,Credit Card,722000
2024-09-07,Chocolate L,Food,59000,3,C2065,Semarang,15,Bank Transfer,150450
2024-09-07,Lamp M,Home,305000,1,C1983,Surabaya,5,Credit Card,289750
2024-09-07,Laptop A,Electronics,8745000,3,C0092,Surabaya,15,Credit Card,22299750
2024-09-07,Laptop A,Electronics,8533000,1,C1806,Malang,10,E-Wallet,7679700
2024-09-07,Chocolate L,Food,59000,1,C1864,Semarang,10,Credit Card,53100
2024-09-07,Smartphone B,Electronics,4749000,1,C2038,Jakarta,15,Credit Card,4036650
2024-09-07,Bag H,Fashion,466000,4,C1374,Jakarta,0,E-Wallet,1864000
2024-09-07,Chair N,Home,914000,1,C0119,Surabaya,10,Bank Transfer,822600
2024-09-07,Snack J,Food,37000,2,C0888,Jakarta,0,COD,74000
2024-09-07,T-Shirt G,Fashion,251000,4,C0252,Jakarta,10,Bank Transfer,903600
2024-09-07,Tea K,Food,50000,1,C1483,Semarang,0,Bank Transfer,50000
2024-09-07,Laptop A,Electronics,8411000,1,C0046,Surabaya,10,E-Wallet,7569900
2024-09-07,Shoes E,Fashion,651000,2,C2482,Semarang,0,Credit Card,1302000
2024-09-08,Monitor D,Electronics,2331000,2,C1928,Solo,10,E-Wallet,4195800
2024-09-08,Table O,Home,1522000,2,C1049,Malang,0,COD,3044000
2024-09-08,Table O,Home,1571000,2,C0203,Semarang,10,COD,2827800
2024-09-08,Snack J,Food,35000,2,C0176,Bandung,10,COD,63000
2024-09-08,Chocolate L,Food,55000,1,C1598,Jakarta,0,COD,55000
2024-09-08,Tea K,Food,48000,3,C1717,Surabaya,20,E-Wallet,115200
2024-09-08,Pillow P,Home,176000,2,C0584,Bandung,0,E-Wallet,352000
2024-09-08,Snack J,Food,34000,1,C1069,Malang,15,E-Wallet,28900
2024-09-08,Bag H,Fashion,394000,1,C2162,Yogyakarta,10,Credit Card,354600
2024-09-08,Tea K,Food,47000,1,C2355,Surabaya,5,E-Wallet,44650
2024-09-08,Chocolate L,Food,62000,2,C0515,Semarang,5,Bank Transfer,117800
2024-09-08,Coffee I,Food,79000,1,C0662,Surabaya,0,Credit Card,79000
2024-09-09,Table O,Home,1578000,5,C1525,Surabaya,5,E-Wallet,7495500
2024-09-09,T-Shirt G,Fashion,253000,1,C0229,Surabaya,5,Bank Transfer,240350
2024-09-09,Shoes E,Fashion,649000,2,C0587,Surabaya,10,E-Wallet,1168200
2024-09-09,Headphone C,Electronics,768000,1,C1207,Yogyakarta,0,E-Wallet,768000
2024-09-09,Shoes E,Fashion,693000,3,C0144,Bandung,10,COD,1871100
2024-09-09,Lamp M,Home,301000,3,C1228,Yogyakarta,10,Credit Card,812700
2024-09-09,Shoes E,Fashion,647000,1,C0313,Jakarta,10,Bank Transfer,582300
2024-09-09,Headphone C,Electronics,755000,1,C0830,Bandung,15,E-Wallet,641750
2024-09-09,Coffee I,Food,78000,2,C0380,Jakarta,15,COD,132600
2024-09-09,Jacket F,Fashion,569000,2,C2439,Bandung,10,Credit Card,1024200
2024-09-09,Laptop A,Electronics,8032000,2,C0158,Malang,10,Bank Transfer,14457600
2024-09-09,Monitor D,Electronics,2591000,2,C0099,Malang,5,Credit Card,4922900
2024-09-09,Smartphone B,Electronics,4859000,1,C0918,Jakarta,15,E-Wallet,4130150
2024-09-10,Jacket F,Fashion,531000,1,C1598,Surabaya,20,E-Wallet,424800
2024-09-10,Tea K,Food,48000,3,C2374,Semarang,0,COD,144000
2024-09-10,Chocolate L,Food,57000,3,C1751,Malang,10,COD,153900
2024-09-10,Coffee I,Food,79000,3,C2398,Jakarta,10,Bank Transfer,213300
2024-09-10,T-Shirt G,Fashion,252000,1,C0767,Semarang,10,E-Wallet,226800
2024-09-10,Lamp M,Home,316000,2,C0129,Semarang,10,COD,568800
2024-09-10,Jacket F,Fashion,593000,2,C2308,Surabaya,10,Credit Card,1067400
2024-09-10,Smartphone B,Electronics,5036000,1,C1448,Bandung,0,COD,5036000
2024-09-10,Shoes E,Fashion,638000,1,C0242,Bandung,10,E-Wallet,574200
2024-09-10,Coffee I,Food,75000,3,C0349,Surabaya,15,Credit Card,191250
2024-09-10,Headphone C,Electronics,788000,1,C1008,Surabaya,10,Bank Transfer,709200
2024-09-10,Headphone C,Electronics,772000,2,C0271,Jakarta,0,Bank Transfer,1544000
2024-09-10,Table O,Home,1431000,2,C2224,Surabaya,0,Credit Card,2862000
2024-09-10,T-Shirt G,Fashion,260000,2,C0589,Jakarta,5,E-Wallet,494000
2024-09-10,Chair N,Home,914000,2,C1423,Surabaya,0,E-Wallet,1828000
2024-09-10,Shoes E,Fashion,636000,1,C0357,Surabaya,5,Credit Card,604200
2024-09-10,Coffee I,Food,75000,1,C0593,Bandung,0,Bank Transfer,75000
2024-09-11,Shoes E,Fashion,659000,3,C1221,Malang,0,COD,1977000
2024-09-11,Pillow P,Home,177000,1,C1056,Surabaya,20,Credit Card,141600
2024-09-11,Pillow P,Home,191000,1,C1787,Jakarta,10,COD,171900
2024-09-11,Chair N,Home,921000,3,C1217,Malang,10,E-Wallet,2486700
2024-09-11,Bag H,Fashion,424000,1,C0739,Semarang,10,Bank Transfer,381600
2024-09-11,Smartphone B,Electronics,5267000,2,C1267,Jakarta,0,Bank Transfer,10534000
2024-09-11,Coffee I,Food,79000,4,C1910,Jakarta,0,Bank Transfer,316000
2024-09-11,Monitor D,Electronics,2527000,2,C0039,Surabaya,5,E-Wallet,4801300
2024-09-11,Bag H,Fashion,432000,2,C0628,Solo,0,E-Wallet,864000
2024-09-11,Jacket F,Fashion,588000,3,C2223,Jakarta,10,Bank Transfer,1587600
2024-09-11,Chocolate L,Food,57000,1,C2348,Surabaya,0,Credit Card,57000
2024-09-12,Table O,Home,1521000,3,C2255,Jakarta,0,COD,4563000
2024-09-12,T-Shirt G,Fashion,256000,2,C1257,Malang,0,Credit Card,512000
2024-09-12,Laptop A,Electronics,8800000,1,C0936,Solo,5,Bank Transfer,8360000
2024-09-12,Monitor D,Electronics,2436000,2,C0872,Yogyakarta,10,E-Wallet,4384800
2024-09-12,T-Shirt G,Fashion,243000,2,C1412,Jakarta,10,Bank Transfer,437400
2024-09-12,Table O,Home,1486000,1,C1338,Bandung,0,E-Wallet,1486000
2024-09-12,Smartphone B,Electronics,5215000,1,C0507,Yogyakarta,0,Credit Card,5215000
2024-09-12,Table O,Home,1537000,2,C0285,Yogyakarta,0,Credit Card,3074000
2024-09-12,Smartphone B,Electronics,5174000,4,C0680,Bandung,10,Bank Transfer,18626400
2024-09-12,Jacket F,Fashion,551000,5,C0752,Solo,15,E-Wallet,2341750
2024-09-12,Coffee I,Food,78000,2,C0897,Bandung,20,COD,124800
2024-09-12,Shoes E,Fashion,663000,4,C1876,Bandung,10,Bank Transfer,2386800
2024-09-12,Smartphone B,Electronics,4989000,1,C0428,Bandung,15,E-Wallet,4240650
2024-09-12,Chair N,Home,899000,2,C1982,Malang,0,Credit Card,1798000
2024-09-12,Shoes E,Fashion,671000,1,C2373,Malang,0,Credit Card,671000
2024-09-12,Jacket F,Fashion,536000,1,C0761,Jakarta,10,COD,482400
2024-09-13,Chair N,Home,863000,3,C0513,Jakarta,15,Bank Transfer,2200650
2024-09-13,Snack J,Food,37000,1,C1865,Yogyakarta,15,E-Wallet,31450
2024-09-13,Coffee I,Food,81000,3,C0490,Semarang,15,E-Wallet,206550
2024-09-13,Tea K,Food,52000,1,C2422,Bandung,10,E-Wallet,46800
2024-09-13,Bag H,Fashion,447000,2,C1783,Semarang,5,E-Wallet,849300
2024-09-13,Laptop A,Electronics,9166000,2,C0641,Bandung,15,Bank Transfer,15582200
2024-09-13,Table O,Home,1555000,5,C0469,Surabaya,0,Bank Transfer,7775000
2024-09-13,Snack J,Food,39000,1,C0170,Semarang,0,Bank Transfer,39000
2024-09-13,Smartphone B,Electronics,5278000,2,C0461,Malang,0,E-Wallet,10556000
2024-09-13,Smartphone B,Electronics,4892000,1,C1482,Yogyakarta,0,COD,4892000
2024-09-13,Headphone C,Electronics,709000,2,C1811,Bandung,0,Bank Transfer,1418000
2024-09-13,Laptop A,Electronics,8949000,2,C2353,Jakarta,10,E-Wallet,16108200
2024-09-13,Monitor D,Electronics,2602000,3,C2312,Semarang,15,E-Wallet,6635100
2024-09-13,Jacket F,Fashion,572000,2,C1657,Jakarta,10,E-Wallet,1029600
2024-09-13,Tea K,Food,51000,5,C1442,Yogyakarta,0,Bank Transfer,255000
2024-09-13,Monitor D,Electronics,2713000,2,C0818,Jakarta,10,E-Wallet,4883400
2024-09-13,Table O,Home,1409000,2,C0564,Malang,5,Bank Transfer,2677100
2024-09-13,Tea K,Food,50000,2,C1896,Semarang,0,Credit Card,100000
2024-09-13,Bag H,Fashion,463000,4,C0972,Solo,0,COD,1852000
2024-09-13,T-Shirt G,Fashion,255000,2,C1632,Malang,5,Credit Card,484500
2024-09-13,Headphone C,Electronics,739000,1,C0533,Jakarta,5,Credit Card,702050
2024-09-13,Jacket F,Fashion,559000,3,C1168,Jakarta,10,E-Wallet,1509300
2024-09-13,Coffee I,Food,73000,2,C0893,Bandung,0,Bank Transfer,146000
2024-09-13,Bag H,Fashion,447000,1,C0799,Jakarta,20,Bank Transfer,357600
2024-09-13,Smartphone B,Electronics,5167000,1,C1619,Malang,10,E-Wallet,4650300
2024-09-13,Monitor D,Electronics,2424000,5,C1447,Solo,0,E-Wallet,12120000
2024-09-13,Jacket F,Fashion,535000,2,C2041,Jakarta,15,COD,909500
2024-09-14,Laptop A,Electronics,8626000,3,C0176,Bandung,15,Bank Transfer,21996300
2024-09-14,Tea K,Food,52000,1,C1598,Jakarta,15,E-Wallet,44200
2024-09-14,Headphone C,Electronics,788000,1,C0263,Yogyakarta,5,Bank Transfer,748600
2024-09-14,Monitor D,Electronics,2555000,1,C0478,Jakarta,5,E-Wallet,2427250
2024-09-14,Smartphone B,Electronics,4943000,1,C1699,Semarang,0,Bank Transfer,4943000
2024-09-14,Smartphone B,Electronics,4959000,1,C0102,Malang,10,E-Wallet,4463100
2024-09-14,Tea K,Food,48000,2,C2220,Yogyakarta,0,Credit Card,96000
2024-09-14,Chocolate L,Food,61000,2,C1768,Jakarta,10,Credit Card,109800
2024-09-14,Monitor D,Electronics,2334000,1,C2253,Yogyakarta,10,COD,2100600
2024-09-14,Snack J,Food,32000,2,C2259,Jakarta,0,COD,64000
2024-09-14,Monitor D,Electronics,2399000,3,C0704,Solo,10,COD,6477300
2024-09-14,Bag H,Fashion,425000,1,C0218,Semarang,10,E-Wallet,382500
2024-09-15,Coffee I,Food,79000,4,C0028,Jakarta,15,E-Wallet,268600
2024-09-15,Jacket F,Fashion,527000,3,C0082,Bandung,0,Credit Card,1581000
2024-09-15,Jacket F,Fashion,513000,2,C0051,Yogyakarta,5,Credit Card,974700
2024-09-15,T-Shirt G,Fashion,264000,5,C1618,Yogyakarta,10,Bank Transfer,1188000
2024-09-15,Monitor D,Electronics,2478000,1,C2037,Solo,0,COD,2478000
2024-09-15,Chocolate L,Food,59000,1,C2242,Jakarta,10,Credit Card,53100
2024-09-15,Table O,Home,1374000,3,C0783,Surabaya,15,E-Wallet,3503700
2024-09-15,Tea K,Food,50000,3,C0825,Jakarta,10,E-Wallet,135000
2024-09-15,Snack J,Food,36000,1,C1864,Jakarta,10,Bank Transfer,32400
2024-09-15,Coffee I,Food,71000,4,C0802,Yogyakarta,15,E-Wallet,241400
2024-09-15,Coffee I,Food,74000,1,C1462,Surabaya,10,Bank Transfer,66600
2024-09-15,Coffee I,Food,75000,1,C1559,Malang,5,Credit Card,71250
2024-09-15,T-Shirt G,Fashion,235000,4,C0341,Yogyakarta,15,E-Wallet,799000
2024-09-15,Jacket F,Fashion,564000,4,C0578,Surabaya,10,Credit Card,2030400
2024-09-15,Chocolate L,Food,60000,3,C0038,Bandung,10,Bank Transfer,162000
2024-09-15,Monitor D,Electronics,2401000,5,C1422,Semarang,0,Credit Card,12005000
2024-09-15,Chocolate L,Food,58000,3,C0823,Solo,10,Bank Transfer,156600
2024-09-15,Smartphone B,Electronics,5055000,3,C0518,Bandung,10,Bank Transfer,13648500
2024-09-16,Table O,Home,1361000,1,C0833,Surabaya,15,E-Wallet,1156850
2024-09-16,Lamp M,Home,310000,2,C0913,Yogyakarta,5,E-Wallet,589000
2024-09-16,Smartphone B,Electronics,4663000,1,C0708,Jakarta,15,Credit Card,3963550
2024-09-16,Bag H,Fashion,442000,1,C2242,Surabaya,0,E-Wallet,442000
2024-09-16,Chocolate L,Food,61000,2,C1818,Jakarta,15,Credit Card,103700
2024-09-16,Headphone C,Electronics,761000,1,C2494,Yogyakarta,15,E-Wallet,646850
2024-09-16,Shoes E,Fashion,670000,4,C0852,Malang,10,COD,2412000
2024-09-16,Coffee I,Food,72000,1,C0259,Malang,20,Bank Transfer,57600
2024-09-16,Headphone C,Electronics,797000,2,C1740,Bandung,0,Bank Transfer,1594000
2024-09-16,Jacket F,Fashion,539000,1,C0515,Jakarta,20,Bank Transfer,431200
2024-09-16,Bag H,Fashion,440000,2,C1489,Bandung,0,COD,880000
2024-09-16,Pillow P,Home,182000,1,C1570,Surabaya,5,COD,172900
2024-09-16,Laptop A,Electronics,9083000,3,C1455,Surabaya,5,Credit Card,25886550
2024-09-16,Coffee I,Food,79000,1,C1432,Yogyakarta,0,E-Wallet,79000
2024-09-16,Jacket F,Fashion,512000,2,C1093,Jakarta,0,COD,1024000
2024-09-17,Lamp M,Home,289000,3,C0120,Yogyakarta,5,COD,823650
2024-09-17,Table O,Home,1401000,1,C1328,Solo,5,Credit Card,1330950
2024-09-17,Monitor D,Electronics,2544000,1,C2225,Surabaya,10,Bank Transfer,2289600
2024-09-17,Coffee I,Food,67000,1,C0151,Surabaya,15,E-Wallet,56950
2024-09-17,T-Shirt G,Fashion,237000,1,C2150,Yogyakarta,5,COD,225150
2024-09-17,Chocolate L,Food,58000,3,C0684,Solo,5,Bank Transfer,165300
2024-09-17,Tea K,Food,52000,2,C0435,Bandung,15,Credit Card,88400
2024-09-17,Tea K,Food,50000,1,C0865,Jakarta,5,Bank Transfer,47500
2024-09-17,Smartphone B,Electronics,5349000,3,C1091,Jakarta,15,Credit Card,13639950
2024-09-17,Shoes E,Fashion,613000,1,C0481,Yogyakarta,0,COD,613000
2024-09-17,Pillow P,Home,180000,1,C1814,Yogyakarta,0,COD,180000
2024-09-17,Shoes E,Fashion,664000,4,C1777,Yogyakarta,0,Credit Card,2656000
2024-09-17,Tea K,Food,49000,1,C1853,Malang,0,COD,49000
2024-09-17,Shoes E,Fashion,633000,1,C1293,Surabaya,0,Bank Transfer,633000
2024-09-17,Headphone C,Electronics,772000,1,C1642,Jakarta,10,E-Wallet,694800
2024-09-17,Pillow P,Home,180000,2,C0073,Jakarta,5,Credit Card,342000
2024-09-17,Pillow P,Home,178000,2,C0423,Jakarta,0,Credit Card,356000
2024-09-17,Smartphone B,Electronics,4626000,1,C1492,Malang,10,E-Wallet,4163400
2024-09-17,Monitor D,Electronics,2633000,1,C2444,Malang,15,COD,2238050
2024-09-17,Snack J,Food,37000,1,C1005,Surabaya,10,Bank Transfer,33300
2024-09-18,Tea K,Food,47000,1,C1275,Malang,0,E-Wallet,47000
2024-09-18,Pillow P,Home,184000,2,C2044,Solo,5,E-Wallet,349600
2024-09-18,Chocolate L,Food,58000,1,C1186,Yogyakarta,20,E-Wallet,46400
2024-09-18,Smartphone B,Electronics,4896000,1,C0794,Jakarta,0,Credit Card,4896000
2024-09-18,Smartphone B,Electronics,5191000,1,C0810,Jakarta,10,COD,4671900
2024-09-18,Chair N,Home,873000,1,C1524,Jakarta,5,COD,829350
2024-09-18,T-Shirt G,Fashion,251000,4,C1100,Surabaya,15,COD,853400
2024-09-18,Lamp M,Home,310000,2,C2383,Jakarta,5,Credit Card,589000
2024-09-18,Shoes E,Fashion,638000,2,C0522,Yogyakarta,0,Credit Card,1276000
2024-09-18,Shoes E,Fashion,651000,5,C1747,Solo,10,Credit Card,2929500
2024-09-18,Jacket F,Fashion,534000,1,C0301,Yogyakarta,5,E-Wallet,507300
2024-09-18,Jacket F,Fashion,529000,1,C2039,Jakarta,0,COD,529000
2024-09-18,Tea K,Food,52000,3,C0070,Surabaya,10,COD,140400
2024-09-18,Shoes E,Fashion,651000,1,C2391,Bandung,15,Credit Card,553350
2024-09-18,Pillow P,Home,198000,4,C0911,Malang,20,Bank Transfer,633600
2024-09-18,Shoes E,Fashion,659000,2,C2265,Solo,5,COD,1252100
2024-09-18,Coffee I,Food,78000,1,C1952,Bandung,20,Credit Card,62400
2024-09-19,Lamp M,Home,280000,1,C0566,Jakarta,10,E-Wallet,252000
2024-09-19,Coffee I,Food,76000,1,C0766,Malang,0,E-Wallet,76000
2024-09-19,Lamp M,Home,311000,1,C0949,Surabaya,10,E-Wallet,279900
2024-09-19,Snack J,Food,35000,1,C1251,Bandung,15,E-Wallet,29750
2024-09-19,Chair N,Home,980000,1,C1298,Surabaya,0,Credit Card,980000
2024-09-19,Tea K,Food,50000,1,C0973,Solo,0,Bank Transfer,50000
2024-09-19,Pillow P,Home,192000,1,C1010,Yogyakarta,0,Bank Transfer,192000
2024-09-19,T-Shirt G,Fashion,246000,4,C0269,Semarang,15,E-Wallet,836400
2024-09-19,T-Shirt G,Fashion,244000,1,C1671,Surabaya,5,COD,231800
2024-09-19,Chair N,Home,953000,2,C2368,Jakarta,10,COD,1715400
2024-09-19,Smartphone B,Electronics,4730000,2,C0872,Bandung,10,E-Wallet,8514000
2024-09-19,Pillow P,Home,184000,1,C2378,Jakarta,20,Bank Transfer,147200
2024-09-19,Chocolate L,Food,60000,1,C2471,Yogyakarta,10,E-Wallet,54000
2024-09-19,Jacket F,Fashion,583000,1,C0844,Semarang,15,E-Wallet,495550
2024-09-19,Chair N,Home,955000,1,C1703,Bandung,0,Credit Card,955000
2024-09-19,Tea K,Food,48000,1,C1502,Surabaya,15,E-Wallet,40800
2024-09-19,Monitor D,Electronics,2515000,3,C0853,Malang,5,Credit Card,7167750
2024-09-19,Shoes E,Fashion,653000,2,C0287,Yogyakarta,5,Credit Card,1240700
2024-09-19,Jacket F,Fashion,546000,2,C0375,Yogyakarta,5,COD,1037400
2024-09-19,Jacket F,Fashion,536000,2,C1377,Solo,10,E-Wallet,964800
2024-09-19,Headphone C,Electronics,739000,4,C0893,Yogyakarta,10,E-Wallet,2660400
2024-09-20,Headphone C,Electronics,736000,1,C2116,Solo,5,E-Wallet,699200
2024-09-20,Chocolate L,Food,61000,3,C1686,Jakarta,10,E-Wallet,164700
2024-09-20,Shoes E,Fashion,623000,1,C1135,Semarang,10,Bank Transfer,560700
2024-09-20,Monitor D,Electronics,2517000,1,C0125,Surabaya,0,COD,2517000
2024-09-20,Lamp M,Home,321000,1,C2438,Bandung,5,E-Wallet,304950
2024-09-20,Snack J,Food,35000,3,C0190,Surabaya,0,Bank Transfer,105000
2024-09-20,Coffee I,Food,76000,5,C0251,Surabaya,10,Credit Card,342000
2024-09-20,T-Shirt G,Fashion,258000,1,C0352,Bandung,10,E-Wallet,232200
2024-09-20,Pillow P,Home,175000,4,C1425,Bandung,15,COD,595000
2024-09-20,Bag H,Fashion,435000,1,C1352,Surabaya,5,COD,413250
2024-09-20,Coffee I,Food,76000,2,C0919,Bandung,0,COD,152000
2024-09-20,T-Shirt G,Fashion,254000,2,C0775,Bandung,10,E-Wallet,457200
2024-09-20,Chair N,Home,872000,5,C0339,Jakarta,5,Bank Transfer,4142000
2024-09-20,T-Shirt G,Fashion,252000,1,C2029,Jakarta,15,E-Wallet,214200
2024-09-20,Chair N,Home,916000,1,C1471,Malang,0,Bank Transfer,916000
2024-09-20,Lamp M,Home,310000,1,C1595,Malang,10,Credit Card,279000
2024-09-20,Pillow P,Home,184000,2,C1983,Malang,5,E-Wallet,349600
2024-09-20,Chair N,Home,909000,1,C0270,Semarang,0,Credit Card,909000
2024-09-20,Monitor D,Electronics,2495000,1,C1127,Jakarta,5,Bank Transfer,2370250
2024-09-20,Coffee I,Food,77000,3,C1689,Jakarta,5,Credit Card,219450
2024-09-21,Chocolate L,Food,62000,1,C1165,Jakarta,10,COD,55800
2024-09-21,Headphone C,Electronics,752000,1,C0419,Yogyakarta,0,COD,752000
2024-09-21,Smartphone B,Electronics,4819000,1,C2201,Malang,15,COD,4096150
2024-09-21,Snack J,Food,33000,2,C0676,Surabaya,0,Bank Transfer,66000
2024-09-21,Chair N,Home,898000,2,C0204,Jakarta,10,E-Wallet,1616400
2024-09-21,Jacket F,Fashion,539000,2,C2285,Bandung,5,Credit Card,1024100
2024-09-21,Chocolate L,Food,61000,3,C1558,Solo,0,Credit Card,183000
2024-09-21,Laptop A,Electronics,8862000,1,C1582,Semarang,20,Bank Transfer,7089600
2024-09-21,Snack J,Food,35000,1,C2115,Surabaya,5,Bank Transfer,33250
2024-09-21,Table O,Home,1538000,1,C0940,Bandung,5,E-Wallet,1461100
2024-09-21,Lamp M,Home,294000,2,C2473,Jakarta,0,E-Wallet,588000
2024-09-21,Pillow P,Home,186000,1,C0147,Jakarta,5,E-Wallet,176700
2024-09-21,Table O,Home,1425000,4,C1551,Bandung,0,COD,5700000
2024-09-21,Monitor D,Electronics,2556000,1,C0515,Bandung,10,Credit Card,2300400
2024-09-21,Laptop A,Electronics,8675000,2,C0053,Semarang,5,Credit Card,16482500
2024-09-21,Tea K,Food,49000,4,C0668,Surabaya,15,E-Wallet,166600
2024-09-21,Shoes E,Fashion,640000,1,C2460,Malang,15,E-Wallet,544000
2024-09-22,Coffee I,Food,75000,1,C1228,Solo,10,E-Wallet,67500
2024-09-22,T-Shirt G,Fashion,254000,1,C1410,Bandung,10,Bank Transfer,228600
2024-09-22,Jacket F,Fashion,495000,1,C1122,Yogyakarta,0,E-Wallet,495000
2024-09-22,Monitor D,Electronics,2618000,1,C0268,Surabaya,0,E-Wallet,2618000
2024-09-22,Snack J,Food,36000,2,C0438,Bandung,10,E-Wallet,64800
2024-09-22,Monitor D,Electronics,2454000,2,C1489,Semarang,5,COD,4662600
2024-09-22,Smartphone B,Electronics,4826000,1,C0618,Bandung,10,E-Wallet,4343400
2024-09-22,Monitor D,Electronics,2531000,4,C0750,Semarang,0,COD,10124000
2024-09-22,Monitor D,Electronics,2593000,1,C0409,Bandung,10,COD,2333700
2024-09-22,Headphone C,Electronics,728000,1,C1480,Malang,15,COD,618800
2024-09-22,Jacket F,Fashion,543000,1,C2178,Jakarta,0,Credit Card,543000
2024-09-22,Chocolate L,Food,61000,3,C1365,Surabaya,15,Bank Transfer,155550
2024-09-22,Headphone C,Electronics,711000,1,C1305,Yogyakarta,0,COD,711000
2024-09-22,Tea K,Food,52000,1,C1881,Solo,5,Bank Transfer,49400
2024-09-22,Shoes E,Fashion,701000,1,C1606,Malang,0,E-Wallet,701000
2024-09-22,Chair N,Home,906000,3,C1163,Yogyakarta,0,Credit Card,2718000
2024-09-22,Chocolate L,Food,59000,2,C0087,Jakarta,20,E-Wallet,94400
2024-09-22,Lamp M,Home,311000,1,C1731,Surabaya,0,Credit Card,311000
2024-09-23,Jacket F,Fashion,556000,4,C1263,Surabaya,15,Credit Card,1890400
2024-09-23,Snack J,Food,33000,1,C0381,Jakarta,0,E-Wallet,33000
2024-09-23,Laptop A,Electronics,8780000,1,C0788,Yogyakarta,0,E-Wallet,8780000
2024-09-23,Jacket F,Fashion,562000,2,C1958,Jakarta,0,E-Wallet,1124000
2024-09-23,Shoes E,Fashion,664000,1,C1870,Bandung,5,E-Wallet,630800
2024-09-23,Headphone C,Electronics,747000,1,C2489,Solo,0,Bank Transfer,747000
2024-09-23,Coffee I,Food,74000,1,C0074,Malang,15,Bank Transfer,62900
2024-09-23,T-Shirt G,Fashion,257000,1,C1437,Jakarta,0,E-Wallet,257000
2024-09-23,Smartphone B,Electronics,5184000,3,C2336,Jakarta,5,Credit Card,14774400
2024-09-23,Laptop A,Electronics,8727000,1,C0927,Yogyakarta,10,E-Wallet,7854300
2024-09-23,Laptop A,Electronics,9167000,3,C0939,Solo,5,Bank Transfer,26125950
2024-09-23,T-Shirt G,Fashion,245000,4,C1286,Bandung,15,Credit Card,833000
2024-09-23,Laptop A,Electronics,8959000,5,C2230,Bandung,0,Bank Transfer,44795000
2024-09-23,Table O,Home,1585000,3,C1655,Jakarta,15,COD,4041750
2024-09-23,Bag H,Fashion,455000,1,C1136,Semarang,5,Credit Card,432250
2024-09-23,Lamp M,Home,286000,2,C2137,Jakarta,15,COD,486200
2024-09-23,Monitor D,Electronics,2689000,2,C1937,Semarang,0,COD,5378000
2024-09-23,Headphone C,Electronics,763000,2,C1675,Solo,5,E-Wallet,1449700
2024-09-23,Pillow P,Home,182000,1,C0443,Semarang,15,Bank Transfer,154700
2024-09-23,Tea K,Food,51000,1,C0734,Jakarta,5,Bank Transfer,48450
2024-09-24,Smartphone B,Electronics,4924000,1,C0689,Semarang,15,E-Wallet,4185400
2024-09-24,Bag H,Fashion,437000,2,C1138,Jakarta,15,Bank Transfer,742900
2024-09-24,Shoes E,Fashion,664000,1,C0343,Bandung,0,Bank Transfer,664000
2024-09-24,T-Shirt G,Fashion,251000,2,C1650,Bandung,0,E-Wallet,502000
2024-09-24,T-Shirt G,Fashion,256000,3,C0065,Surabaya,10,Bank Transfer,691200
2024-09-24,Jacket F,Fashion,508000,2,C2242,Jakarta,5,COD,965200
2024-09-24,Headphone C,Electronics,736000,1,C1397,Surabaya,10,Credit Card,662400
2024-09-24,Lamp M,Home,306000,3,C0777,Surabaya,0,Bank Transfer,918000
2024-09-24,Monitor D,Electronics,2593000,5,C1432,Jakarta,15,Credit Card,11020250
2024-09-24,Snack J,Food,36000,3,C0746,Surabaya,0,COD,108000
2024-09-24,Jacket F,Fashion,587000,2,C2407,Surabaya,0,Bank Transfer,1174000
2024-09-24,Snack J,Food,35000,1,C0373,Bandung,20,Credit Card,28000
2024-09-24,Chair N,Home,893000,1,C1654,Surabaya,5,Bank Transfer,848350
2024-09-24,Headphone C,Electronics,773000,1,C1792,Semarang,10,E-Wallet,695700
2024-09-24,Coffee I,Food,78000,2,C1182,Jakarta,0,E-Wallet,156000
2024-09-25,Snack J,Food,35000,3,C2327,Jakarta,0,E-Wallet,105000
2024-09-25,Smartphone B,Electronics,5167000,1,C1982,Jakarta,5,E-Wallet,4908650
2024-09-25,Laptop A,Electronics,8064000,2,C1311,Surabaya,5,E-Wallet,15321600
2024-09-25,Headphone C,Electronics,732000,5,C1488,Malang,0,E-Wallet,3660000
2024-09-25,T-Shirt G,Fashion,256000,3,C2056,Semarang,0,Bank Transfer,768000
2024-09-25,Laptop A,Electronics,8915000,2,C0680,Yogyakarta,5,E-Wallet,16938500
2024-09-25,T-Shirt G,Fashion,258000,1,C0159,Solo,10,Bank Transfer,232200
2024-09-25,Jacket F,Fashion,548000,2,C2107,Yogyakarta,5,Credit Card,1041200
2024-09-26,Shoes E,Fashion,644000,5,C2234,Surabaya,5,E-Wallet,3059000
2024-09-26,Headphone C,Electronics,766000,1,C1827,Surabaya,15,E-Wallet,651100
2024-09-26,Snack J,Food,36000,3,C1826,Bandung,5,Bank Transfer,102600
2024-09-26,Chocolate L,Food,57000,2,C0316,Jakarta,15,Credit Card,96900
2024-09-26,Jacket F,Fashion,557000,1,C0939,Solo,0,Bank Transfer,557000
2024-09-26,Chocolate L,Food,61000,1,C0433,Bandung,0,E-Wallet,61000
2024-09-26,Laptop A,Electronics,8479000,2,C1181,Semarang,0,Bank Transfer,16958000
2024-09-26,Lamp M,Home,274000,3,C2316,Surabaya,0,Credit Card,822000
2024-09-26,Tea K,Food,48000,1,C1077,Yogyakarta,15,Bank Transfer,40800
2024-09-26,Laptop A,Electronics,8462000,2,C0650,Jakarta,5,COD,16077800
2024-09-26,Coffee I,Food,74000,1,C2391,Malang,10,E-Wallet,66600
2024-09-26,T-Shirt G,Fashion,231000,1,C0713,Semarang,20,E-Wallet,184800
2024-09-26,Pillow P,Home,178000,2,C1063,Solo,10,Credit Card,320400
2024-09-26,Pillow P,Home,190000,4,C0195,Surabaya,10,Credit Card,684000
2024-09-26,Smartphone B,Electronics,4958000,1,C0120,Yogyakarta,0,E-Wallet,4958000
2024-09-26,T-Shirt G,Fashion,252000,4,C2095,Jakarta,0,E-Wallet,1008000
2024-09-26,Laptop A,Electronics,8359000,1,C2449,Malang,0,E-Wallet,8359000
2024-09-27,Jacket F,Fashion,565000,1,C1011,Semarang,10,E-Wallet,508500
2024-09-27,Table O,Home,1505000,1,C2474,Malang,20,Credit Card,1204000
2024-09-27,Lamp M,Home,307000,2,C0186,Jakarta,5,E-Wallet,583300
2024-09-27,Tea K,Food,50000,1,C1088,Jakarta,10,COD,45000
2024-09-27,Monitor D,Electronics,2263000,1,C0907,Jakarta,15,Credit Card,1923550
2024-09-27,Jacket F,Fashion,557000,2,C1048,Malang,20,E-Wallet,891200
2024-09-27,Bag H,Fashion,462000,1,C2287,Malang,0,Bank Transfer,462000
2024-09-27,Monitor D,Electronics,2563000,1,C1258,Surabaya,0,E-Wallet,2563000
2024-09-27,Smartphone B,Electronics,4887000,1,C0387,Jakarta,0,E-Wallet,4887000
2024-09-27,Jacket F,Fashion,536000,2,C1767,Surabaya,10,Bank Transfer,964800
2024-09-27,T-Shirt G,Fashion,240000,2,C2016,Jakarta,5,E-Wallet,456000
2024-09-27,Snack J,Food,36000,2,C0405,Solo,15,Bank Transfer,61200
2024-09-27,Shoes E,Fashion,692000,1,C2029,Solo,5,E-Wallet,657400
2024-09-27,Snack J,Food,36000,2,C2219,Malang,20,Credit Card,57600
2024-09-28,Bag H,Fashion,483000,1,C1670,Jakarta,10,COD,434700
2024-09-28,Laptop A,Electronics,8520000,1,C1810,Jakarta,5,Credit Card,8094000
2024-09-28,Lamp M,Home,306000,3,C1843,Bandung,15,Bank Transfer,780300
2024-09-28,Pillow P,Home,175000,2,C0484,Jakarta,15,COD,297500
2024-09-28,Smartphone B,Electronics,5187000,2,C1206,Surabaya,0,COD,10374000
2024-09-28,Tea K,Food,49000,2,C1050,Malang,20,E-Wallet,78400
2024-09-28,Laptop A,Electronics,8778000,2,C2191,Jakarta,5,COD,16678200
2024-09-28,Table O,Home,1395000,3,C1421,Solo,0,COD,4185000
2024-09-28,Chair N,Home,892000,3,C2230,Bandung,10,Bank Transfer,2408400
2024-09-28,T-Shirt G,Fashion,251000,2,C1931,Jakarta,0,Credit Card,502000
2024-09-28,Laptop A,Electronics,8959000,2,C1622,Semarang,10,COD,16126200
2024-09-28,Pillow P,Home,177000,4,C1968,Semarang,10,E-Wallet,637200
2024-09-28,Chair N,Home,906000,3,C2066,Yogyakarta,10,E-Wallet,2446200
2024-09-28,T-Shirt G,Fashion,265000,2,C2224,Jakarta,10,E-Wallet,477000
2024-09-28,Bag H,Fashion,462000,1,C2082,Jakarta,10,Bank Transfer,415800
2024-09-28,Headphone C,Electronics,738000,1,C1542,Bandung,20,E-Wallet,590400
2024-09-29,Monitor D,Electronics,2493000,2,C0245,Jakarta,10,E-Wallet,4487400
2024-09-29,Table O,Home,1403000,3,C0362,Surabaya,10,COD,3788100
2024-09-29,T-Shirt G,Fashion,251000,1,C0809,Bandung,10,E-Wallet,225900
2024-09-29,Table O,Home,1536000,1,C0984,Jakarta,20,Bank Transfer,1228800
2024-09-29,Smartphone B,Electronics,4682000,1,C1983,Yogyakarta,0,Credit Card,4682000
2024-09-29,Tea K,Food,49000,3,C0041,Bandung,5,COD,139650
2024-09-29,Smartphone B,Electronics,4892000,1,C1544,Jakarta,0,Credit Card,4892000
2024-09-29,Headphone C,Electronics,756000,1,C0504,Jakarta,20,E-Wallet,604800
2024-09-29,Tea K,Food,52000,5,C1406,Jakarta,5,Bank Transfer,247000
2024-09-29,Bag H,Fashion,452000,1,C0260,Surabaya,15,COD,384200
2024-09-29,Headphone C,Electronics,733000,1,C0090,Semarang,15,Bank Transfer,623050
2024-09-29,Laptop A,Electronics,8326000,1,C2057,Yogyakarta,5,Credit Card,7909700
2024-09-29,Headphone C,Electronics,719000,2,C2069,Solo,10,COD,1294200
2024-09-30,Chair N,Home,893000,2,C1523,Bandung,10,COD,1607400
2024-09-30,Tea K,Food,49000,1,C1463,Semarang,0,Credit Card,49000
2024-09-30,Bag H,Fashion,446000,2,C0161,Jakarta,15,Bank Transfer,758200
2024-09-30,Coffee I,Food,81000,1,C1132,Malang,0,E-Wallet,81000
2024-09-30,Headphone C,Electronics,813000,3,C0116,Surabaya,15,Bank Transfer,2073150
2024-09-30,T-Shirt G,Fashion,253000,1,C0834,Jakarta,5,Credit Card,240350
2024-09-30,Chocolate L,Food,60000,1,C1390,Jakarta,0,Credit Card,60000
2024-09-30,Smartphone B,Electronics,5126000,1,C1351,Yogyakarta,10,Credit Card,4613400
2024-09-30,Coffee I,Food,72000,1,C1327,Malang,0,Credit Card,72000
2024-09-30,Chocolate L,Food,62000,2,C1864,Jakarta,5,E-Wallet,117800
2024-09-30,Monitor D,Electronics,2542000,2,C1872,Surabaya,0,Credit Card,5084000
2024-09-30,Coffee I,Food,76000,1,C0794,Semarang,0,Bank Transfer,76000
2024-09-30,Chocolate L,Food,60000,3,C0383,Jakarta,0,E-Wallet,180000
2024-09-30,Table O,Home,1487000,1,C1835,Semarang,15,E-Wallet,1263950
2024-09-30,Coffee I,Food,76000,1,C2409,Jakarta,15,E-Wallet,64600
2024-09-30,Chocolate L,Food,62000,1,C2146,Jakarta,15,Credit Card,52700
2024-09-30,Tea K,Food,50000,2,C1793,Bandung,15,Bank Transfer,85000
2024-09-30,Chocolate L,Food,56000,2,C0067,Malang,5,Credit Card,106400
2024-09-30,Monitor D,Electronics,2544000,2,C2212,Bandung,0,E-Wallet,5088000
2024-09-30,Coffee I,Food,75000,4,C2133,Jakarta,15,Credit Card,255000
2024-09-30,Coffee I,Food,77000,3,C0546,Yogyakarta,5,Bank Transfer,219450
2024-09-30,Jacket F,Fashion,524000,1,C0695,Yogyakarta,0,E-Wallet,524000
2024-09-30,Snack J,Food,34000,2,C0133,Malang,0,E-Wallet,68000
2024-09-30,Smartphone B,Electronics,5111000,1,C2281,Yogyakarta,10,Bank Transfer,4599900
2024-09-30,T-Shirt G,Fashion,249000,1,C0106,Malang,15,E-Wallet,211650
2024-09-30,Headphone C,Electronics,717000,2,C2429,Bandung,0,Credit Card,1434000
2024-09-30,Coffee I,Food,74000,5,C2155,Bandung,0,E-Wallet,370000
2024-09-30,Tea K,Food,51000,1,C2480,Jakarta,0,Credit Card,51000
2024-10-01,Snack J,Food,37000,1,C1121,Surabaya,5,Credit Card,35150
2024-10-01,Headphone C,Electronics,748000,1,C2292,Surabaya,0,Credit Card,748000
2024-10-01,T-Shirt G,Fashion,242000,1,C0903,Yogyakarta,15,Bank Transfer,205700
2024-10-01,T-Shirt G,Fashion,259000,1,C0583,Jakarta,5,E-Wallet,246050
2024-10-01,Table O,Home,1401000,1,C0076,Bandung,10,E-Wallet,1260900
2024-10-01,Lamp M,Home,302000,2,C0247,Surabaya,15,COD,513400
2024-10-01,Jacket F,Fashion,591000,3,C1691,Malang,5,E-Wallet,1684350
2024-10-01,Pillow P,Home,189000,2,C2295,Surabaya,10,E-Wallet,340200
2024-10-01,T-Shirt G,Fashion,250000,3,C2228,Bandung,0,Credit Card,750000
2024-10-01,Pillow P,Home,176000,1,C2161,Bandung,10,Credit Card,158400
2024-10-01,Lamp M,Home,294000,4,C1314,Semarang,20,Credit Card,940800
2024-10-01,T-Shirt G,Fashion,246000,1,C2316,Solo,10,E-Wallet,221400
2024-10-01,Coffee I,Food,80000,1,C0009,Yogyakarta,10,Bank Transfer,72000
2024-10-01,Bag H,Fashion,451000,3,C0235,Semarang,10,E-Wallet,1217700
2024-10-01,Monitor D,Electronics,2418000,1,C1626,Yogyakarta,0,Credit Card,2418000
2024-10-01,Coffee I,Food,74000,3,C1890,Yogyakarta,10,Credit Card,199800
2024-10-01,Tea K,Food,53000,2,C0764,Solo,15,COD,90100
2024-10-02,Monitor D,Electronics,2472000,1,C2078,Jakarta,20,COD,1977600
2024-10-02,Lamp M,Home,301000,1,C0719,Jakarta,0,Credit Card,301000
2024-10-02,Chocolate L,Food,59000,1,C0032,Solo,5,E-Wallet,56050
2024-10-02,Monitor D,Electronics,2499000,1,C1038,Semarang,5,COD,2374050
2024-10-02,Tea K,Food,50000,2,C2239,Surabaya,0,Credit Card,100000
2024-10-02,T-Shirt G,Fashion,258000,1,C2433,Yogyakarta,15,E-Wallet,219300
2024-10-02,Chocolate L,Food,59000,3,C0518,Bandung,5,COD,168150
2024-10-02,Headphone C,Electronics,731000,1,C0114,Jakarta,0,COD,731000
2024-10-02,Tea K,Food,50000,3,C1252,Jakarta,10,E-Wallet,135000
2024-10-02,Coffee I,Food,72000,1,C0248,Semarang,10,Bank Transfer,64800
2024-10-02,Laptop A,Electronics,7909000,3,C0079,Surabaya,15,Bank Transfer,20167950
2024-10-02,Smartphone B,Electronics,4686000,1,C0631,Surabaya,15,Credit Card,3983100
2024-10-02,Chair N,Home,930000,3,C1957,Semarang,10,Credit Card,2511000
2024-10-02,T-Shirt G,Fashion,260000,2,C2317,Jakarta,5,E-Wallet,494000
2024-10-02,Bag H,Fashion,478000,3,C0264,Yogyakarta,5,Bank Transfer,1362300
2024-10-02,Jacket F,Fashion,577000,3,C1911,Jakarta,5,Bank Transfer,1644450
2024-10-02,Bag H,Fashion,453000,2,C2381,Yogyakarta,15,E-Wallet,770100
2024-10-03,Chocolate L,Food,64000,4,C2111,Bandung,5,COD,243200
2024-10-03,Smartphone B,Electronics,4868000,2,C0298,Jakarta,0,E-Wallet,9736000
2024-10-03,Smartphone B,Electronics,5147000,1,C1007,Bandung,5,Credit Card,4889650
2024-10-03,Snack J,Food,36000,2,C2324,Malang,10,E-Wallet,64800
2024-10-03,Laptop A,Electronics,8506000,1,C0112,Semarang,5,E-Wallet,8080700
2024-10-03,Tea K,Food,47000,1,C0766,Jakarta,5,E-Wallet,44650
2024-10-03,Lamp M,Home,297000,4,C1515,Yogyakarta,0,E-Wallet,1188000
2024-10-03,Pillow P,Home,172000,1,C1074,Semarang,10,Credit Card,154800
2024-10-03,Headphone C,Electronics,705000,1,C0924,Yogyakarta,10,Bank Transfer,634500
2024-10-03,Tea K,Food,50000,1,C2071,Surabaya,20,Credit Card,40000
2024-10-03,Pillow P,Home,184000,1,C2010,Jakarta,10,Bank Transfer,165600
2024-10-03,Chair N,Home,889000,2,C0681,Malang,10,E-Wallet,1600200
2024-10-03,Pillow P,Home,178000,4,C0362,Malang,10,Credit Card,640800
2024-10-03,Headphone C,Electronics,753000,4,C2300,Malang,0,Credit Card,3012000
2024-10-03,Bag H,Fashion,451000,2,C2463,Jakarta,10,Credit Card,811800
2024-10-03,Smartphone B,Electronics,5039000,1,C1209,Surabaya,0,E-Wallet,5039000
2024-10-03,Shoes E,Fashion,679000,2,C0556,Semarang,10,COD,1222200
2024-10-03,Chair N,Home,977000,1,C2017,Yogyakarta,15,COD,830450
2024-10-03,T-Shirt G,Fashion,255000,1,C2239,Solo,0,E-Wallet,255000
2024-10-03,Headphone C,Electronics,708000,1,C1386,Jakarta,5,Credit Card,672600
2024-10-03,Shoes E,Fashion,629000,5,C1531,Solo,5,E-Wallet,2987750
2024-10-04,Bag H,Fashion,469000,2,C1124,Surabaya,10,Bank Transfer,844200
2024-10-04,Bag H,Fashion,471000,3,C1651,Yogyakarta,5,COD,1342350
2024-10-04,Coffee I,Food,78000,3,C0811,Bandung,10,Bank Transfer,210600
2024-10-04,Bag H,Fashion,468000,2,C2111,Surabaya,10,COD,842400
2024-10-04,Coffee I,Food,74000,3,C0185,Surabaya,5,COD,210900
2024-10-04,T-Shirt G,Fashion,255000,1,C0727,Semarang,0,COD,255000
2024-10-04,Coffee I,Food,77000,1,C2234,Malang,15,Credit Card,65450
2024-10-04,Laptop A,Electronics,8657000,2,C1719,Semarang,10,E-Wallet,15582600
2024-10-04,Bag H,Fashion,459000,2,C2446,Yogyakarta,15,E-Wallet,780300
2024-10-04,T-Shirt G,Fashion,251000,1,C0424,Yogyakarta,15,Bank Transfer,213350
2024-10-04,Bag H,Fashion,434000,2,C2229,Yogyakarta,0,E-Wallet,868000
2024-10-04,T-Shirt G,Fashion,233000,2,C0653,Semarang,10,Bank Transfer,419400
2024-10-04,Shoes E,Fashion,643000,2,C2083,Jakarta,0,COD,1286000
2024-10-04,Coffee I,Food,73000,3,C0883,Jakarta,15,E-Wallet,186150
2024-10-04,Coffee I,Food,76000,2,C1116,Malang,15,Credit Card,129200
2024-10-04,Chair N,Home,880000,2,C2449,Jakarta,0,Bank Transfer,1760000
2024-10-04,Shoes E,Fashion,662000,1,C0595,Surabaya,5,Credit Card,628900
2024-10-05,Table O,Home,1541000,4,C0228,Bandung,5,COD,5855800
2024-10-05,Tea K,Food,51000,1,C0459,Jakarta,0,E-Wallet,51000
2024-10-05,Smartphone B,Electronics,5091000,2,C0816,Jakarta,0,E-Wallet,10182000
2024-10-05,Coffee I,Food,77000,1,C0604,Surabaya,0,Credit Card,77000
2024-10-05,Smartphone B,Electronics,4885000,2,C1062,Malang,10,Bank Transfer,8793000
2024-10-05,Smartphone B,Electronics,4854000,1,C1125,Solo,0,COD,4854000
2024-10-05,Coffee I,Food,78000,2,C2409,Solo,10,COD,140400
2024-10-05,Headphone C,Electronics,705000,1,C1604,Jakarta,5,Credit Card,669750
2024-10-05,Snack J,Food,34000,2,C0145,Solo,0,Bank Transfer,68000
2024-10-05,Chocolate L,Food,59000,4,C1805,Bandung,10,Bank Transfer,212400
2024-10-05,Monitor D,Electronics,2542000,3,C1542,Yogyakarta,10,E-Wallet,6863400
2024-10-05,Shoes E,Fashion,700000,1,C1756,Surabaya,15,E-Wallet,595000
2024-10-05,Snack J,Food,34000,3,C0493,Yogyakarta,10,Credit Card,91800
2024-10-05,Tea K,Food,51000,1,C2117,Jakarta,15,Bank Transfer,43350
2024-10-05,Table O,Home,1465000,2,C2174,Jakarta,0,E-Wallet,2930000
2024-10-05,Chocolate L,Food,61000,1,C0232,Solo,20,E-Wallet,48800
2024-10-05,Shoes E,Fashion,637000,3,C1309,Bandung,10,E-Wallet,1719900
2024-10-05,Table O,Home,1509000,5,C1391,Malang,10,E-Wallet,6790500
2024-10-05,Lamp M,Home,304000,1,C1389,Surabaya,10,Bank Transfer,273600
2024-10-05,Tea K,Food,53000,1,C1682,Surabaya,15,Credit Card,45050
2024-10-05,Bag H,Fashion,444000,1,C0578,Solo,0,E-Wallet,444000
2024-10-05,Chocolate L,Food,63000,1,C0484,Jakarta,15,E-Wallet,53550
2024-10-05,Headphone C,Electronics,768000,2,C2218,Surabaya,5,Credit Card,1459200
2024-10-05,Lamp M,Home,295000,4,C2158,Bandung,5,Bank Transfer,1121000
2024-10-05,Coffee I,Food,73000,2,C0564,Jakarta,5,Bank Transfer,138700
2024-10-06,Laptop A,Electronics,8784000,3,C0151,Surabaya,0,Bank Transfer,26352000
2024-10-06,Monitor D,Electronics,2430000,1,C2030,Jakarta,5,E-Wallet,2308500
2024-10-06,Coffee I,Food,75000,1,C0691,Semarang,0,Credit Card,75000
2024-10-06,Jacket F,Fashion,528000,2,C0006,Jakarta,10,E-Wallet,950400
2024-10-06,Bag H,Fashion,476000,1,C0769,Malang,5,E-Wallet,452200
2024-10-06,Table O,Home,1481000,1,C0079,Bandung,0,E-Wallet,1481000
2024-10-06,Jacket F,Fashion,543000,2,C0995,Jakarta,20,Bank Transfer,868800
2024-10-06,Tea K,Food,52000,1,C1224,Malang,15,E-Wallet,44200
2024-10-06,Pillow P,Home,173000,1,C0548,Surabaya,5,Credit Card,164350
2024-10-06,Chair N,Home,867000,2,C2083,Bandung,5,Credit Card,1647300
2024-10-06,Bag H,Fashion,425000,1,C1480,Jakarta,5,E-Wallet,403750
2024-10-06,Lamp M,Home,302000,1,C0396,Semarang,15,Credit Card,256700
2024-10-07,Coffee I,Food,80000,1,C2439,Surabaya,5,COD,76000
2024-10-07,Coffee I,Food,71000,2,C0775,Yogyakarta,0,E-Wallet,142000
2024-10-07,Lamp M,Home,295000,2,C1042,Bandung,15,E-Wallet,501500
2024-10-07,Pillow P,Home,188000,1,C1271,Jakarta,15,Bank Transfer,159800
2024-10-07,Snack J,Food,34000,2,C0513,Surabaya,10,COD,61200
2024-10-07,Jacket F,Fashion,548000,3,C1168,Yogyakarta,0,Credit Card,1644000
2024-10-07,Bag H,Fashion,420000,1,C0242,Semarang,15,E-Wallet,357000
2024-10-07,Chair N,Home,943000,2,C2041,Semarang,5,COD,1791700
2024-10-07,Coffee I,Food,72000,3,C1887,Jakarta,0,Bank Transfer,216000
2024-10-07,Table O,Home,1579000,1,C0538,Jakarta,15,E-Wallet,1342150
2024-10-07,Jacket F,Fashion,532000,2,C1064,Bandung,10,Credit Card,957600
2024-10-07,Pillow P,Home,170000,2,C1020,Jakarta,5,Credit Card,323000
2024-10-07,Monitor D,Electronics,2477000,1,C0584,Surabaya,0,E-Wallet,2477000
2024-10-07,Coffee I,Food,77000,1,C0539,Bandung,15,E-Wallet,65450
2024-10-07,Headphone C,Electronics,733000,1,C1705,Jakarta,0,E-Wallet,733000
2024-10-08,Jacket F,Fashion,554000,2,C1136,Semarang,0,Bank Transfer,1108000
2024-10-08,Lamp M,Home,299000,3,C2168,Surabaya,0,E-Wallet,897000
2024-10-08,Tea K,Food,48000,1,C0305,Yogyakarta,5,E-Wallet,45600
2024-10-08,Shoes E,Fashion,629000,1,C1918,Surabaya,15,E-Wallet,534650
2024-10-08,Lamp M,Home,306000,1,C1122,Yogyakarta,10,Bank Transfer,275400
2024-10-08,Monitor D,Electronics,2412000,5,C1168,Malang,10,Credit Card,10854000
2024-10-08,Tea K,Food,48000,2,C1696,Jakarta,5,E-Wallet,91200
2024-10-08,Pillow P,Home,183000,2,C1376,Yogyakarta,0,E-Wallet,366000
2024-10-08,Smartphone B,Electronics,5181000,1,C0955,Yogyakarta,5,E-Wallet,4921950
2024-10-08,Bag H,Fashion,445000,1,C0278,Bandung,5,E-Wallet,422750
2024-10-08,Jacket F,Fashion,561000,3,C1787,Surabaya,15,E-Wallet,1430550
2024-10-08,Headphone C,Electronics,739000,2,C0019,Malang,20,COD,1182400
2024-10-08,Chocolate L,Food,56000,1,C0842,Surabaya,0,Credit Card,56000
2024-10-08,Headphone C,Electronics,790000,3,C1211,Semarang,0,E-Wallet,2370000
2024-10-09,Shoes E,Fashion,655000,4,C2488,Malang,0,E-Wallet,2620000
2024-10-09,Jacket F,Fashion,524000,4,C1601,Surabaya,15,E-Wallet,1781600
2024-10-09,Snack J,Food,35000,2,C0183,Bandung,5,E-Wallet,66500
2024-10-09,Headphone C,Electronics,715000,1,C2096,Jakarta,15,Bank Transfer,607750
2024-10-09,T-Shirt G,Fashion,254000,1,C1006,Jakarta,15,E-Wallet,215900
2024-10-09,Monitor D,Electronics,2636000,1,C0123,Jakarta,10,Bank Transfer,2372400
2024-10-09,Pillow P,Home,184000,1,C0731,Malang,5,Credit Card,174800
2024-10-09,Monitor D,Electronics,2245000,2,C0939,Yogyakarta,10,Credit Card,4041000
2024-10-09,Chocolate L,Food,58000,2,C0266,Jakarta,0,E-Wallet,116000
2024-10-10,Table O,Home,1552000,4,C0154,Surabaya,15,COD,5276800
2024-10-10,Monitor D,Electronics,2508000,2,C1881,Malang,10,E-Wallet,4514400
2024-10-10,Lamp M,Home,289000,2,C0301,Malang,15,Credit Card,491300
2024-10-10,Laptop A,Electronics,8105000,3,C2084,Bandung,0,E-Wallet,24315000
2024-10-10,Table O,Home,1486000,2,C0413,Malang,10,Credit Card,2674800
2024-10-10,Jacket F,Fashion,536000,2,C2058,Malang,15,E-Wallet,911200
2024-10-10,Tea K,Food,48000,3,C0290,Jakarta,0,Credit Card,144000
2024-10-10,Monitor D,Electronics,2465000,1,C2354,Jakarta,5,COD,2341750
2024-10-10,Tea K,Food,51000,1,C1914,Surabaya,0,COD,51000
2024-10-10,Shoes E,Fashion,618000,3,C1325,Jakarta,0,Bank Transfer,1854000
2024-10-10,Coffee I,Food,75000,1,C0343,Jakarta,5,E-Wallet,71250
2024-10-10,Coffee I,Food,76000,1,C1340,Malang,0,Bank Transfer,76000
2024-10-10,Chair N,Home,861000,1,C1693,Yogyakarta,0,COD,861000
2024-10-10,Snack J,Food,36000,1,C0924,Bandung,0,E-Wallet,36000
2024-10-10,Tea K,Food,49000,4,C1603,Jakarta,0,E-Wallet,196000
2024-10-10,Monitor D,Electronics,2432000,2,C0146,Jakarta,5,E-Wallet,4620800
2024-10-10,Chair N,Home,929000,1,C0658,Bandung,5,E-Wallet,882550
2024-10-10,Snack J,Food,37000,3,C2260,Surabaya,10,E-Wallet,99900
2024-10-10,Snack J,Food,33000,1,C0620,Yogyakarta,10,COD,29700
2024-10-10,Headphone C,Electronics,795000,3,C1393,Surabaya,15,E-Wallet,2027250
2024-10-10,T-Shirt G,Fashion,246000,4,C2444,Bandung,5,Bank Transfer,934800
2024-10-11,Headphone C,Electronics,714000,2,C1001,Bandung,0,E-Wallet,1428000
2024-10-11,Bag H,Fashion,476000,1,C1849,Solo,10,COD,428400
2024-10-11,Tea K,Food,49000,4,C1402,Semarang,0,Credit Card,196000
2024-10-11,Pillow P,Home,178000,2,C1818,Jakarta,10,E-Wallet,320400
2024-10-11,Laptop A,Electronics,8818000,3,C1838,Yogyakarta,10,E-Wallet,23808600
2024-10-11,Lamp M,Home,308000,3,C1101,Solo,15,E-Wallet,785400
2024-10-11,Monitor D,Electronics,2474000,1,C1540,Yogyakarta,20,COD,1979200
2024-10-11,Headphone C,Electronics,766000,1,C0373,Jakarta,0,E-Wallet,766000
2024-10-11,Bag H,Fashion,461000,1,C1149,Jakarta,10,E-Wallet,414900
2024-10-11,T-Shirt G,Fashion,238000,1,C1836,Jakarta,10,Bank Transfer,214200
2024-10-11,Lamp M,Home,301000,1,C1928,Bandung,10,COD,270900
2024-10-11,Coffee I,Food,74000,1,C0610,Surabaya,15,Bank Transfer,62900
2024-10-11,Chocolate L,Food,61000,1,C2210,Surabaya,5,Credit Card,57950
2024-10-11,Shoes E,Fashion,628000,1,C2171,Bandung,5,Bank Transfer,596600
2024-10-11,Table O,Home,1517000,1,C0418,Bandung,0,Bank Transfer,1517000
2024-10-11,Table O,Home,1506000,1,C0250,Yogyakarta,5,Bank Transfer,1430700
2024-10-12,Jacket F,Fashion,596000,1,C1080,Surabaya,10,Credit Card,536400
2024-10-12,Smartphone B,Electronics,4786000,1,C1095,Semarang,0,E-Wallet,4786000
2024-10-12,Chocolate L,Food,60000,2,C0225,Surabaya,10,Credit Card,108000
2024-10-12,Bag H,Fashion,460000,2,C0711,Semarang,0,E-Wallet,920000
2024-10-12,Pillow P,Home,180000,3,C1302,Malang,0,Bank Transfer,540000
2024-10-12,Monitor D,Electronics,2503000,1,C0703,Malang,5,E-Wallet,2377850
2024-10-12,Chocolate L,Food,56000,2,C0591,Solo,5,E-Wallet,106400
2024-10-12,Pillow P,Home,184000,2,C0663,Bandung,0,Bank Transfer,368000
2024-10-12,Pillow P,Home,190000,1,C1102,Jakarta,0,Credit Card,190000
2024-10-12,Snack J,Food,35000,1,C1483,Yogyakarta,5,Bank Transfer,33250
2024-10-12,Table O,Home,1484000,3,C1978,Surabaya,0,COD,4452000
2024-10-12,Monitor D,Electronics,2457000,3,C1913,Surabaya,15,E-Wallet,6265350
2024-10-12,Jacket F,Fashion,568000,3,C1119,Solo,15,Credit Card,1448400
2024-10-12,Snack J,Food,37000,1,C1783,Jakarta,0,COD,37000
2024-10-12,Table O,Home,1449000,5,C0696,Semarang,10,Credit Card,6520500
2024-10-12,Lamp M,Home,312000,3,C1121,Jakarta,15,E-Wallet,795600
2024-10-12,Monitor D,Electronics,2599000,1,C0308,Surabaya,0,Bank Transfer,2599000
2024-10-12,Smartphone B,Electronics,4781000,1,C0774,Semarang,0,Bank Transfer,4781000
2024-10-12,Shoes E,Fashion,669000,2,C0833,Bandung,15,Credit Card,1137300
2024-10-13,Headphone C,Electronics,761000,2,C2382,Solo,0,Bank Transfer,1522000
2024-10-13,T-Shirt G,Fashion,239000,1,C1975,Jakarta,5,Credit Card,227050
2024-10-13,Smartphone B,Electronics,5261000,3,C0411,Malang,15,Bank Transfer,13415550
2024-10-13,Headphone C,Electronics,758000,4,C2151,Surabaya,10,Credit Card,2728800
2024-10-13,Lamp M,Home,306000,3,C1320,Yogyakarta,10,Bank Transfer,826200
2024-10-13,Laptop A,Electronics,8295000,1,C1467,Malang,0,E-Wallet,8295000
2024-10-13,Bag H,Fashion,464000,2,C0271,Surabaya,5,Credit Card,881600
2024-10-13,Monitor D,Electronics,2333000,1,C0767,Jakarta,10,E-Wallet,2099700
2024-10-13,Headphone C,Electronics,770000,2,C1593,Surabaya,20,E-Wallet,1232000
2024-10-13,Chair N,Home,881000,1,C1072,Malang,10,E-Wallet,792900
2024-10-13,Monitor D,Electronics,2588000,1,C1342,Jakarta,10,Bank Transfer,2329200
2024-10-13,Headphone C,Electronics,744000,1,C2448,Jakarta,5,COD,706800
2024-10-13,T-Shirt G,Fashion,243000,2,C1861,Bandung,0,E-Wallet,486000
2024-10-14,T-Shirt G,Fashion,244000,4,C0024,Jakarta,0,Credit Card,976000
2024-10-14,Pillow P,Home,178000,1,C0738,Malang,10,E-Wallet,160200
2024-10-14,Pillow P,Home,189000,2,C2380,Yogyakarta,20,Bank Transfer,302400
2024-10-14,Jacket F,Fashion,553000,2,C1881,Surabaya,15,COD,940100
2024-10-14,Pillow P,Home,178000,1,C1989,Jakarta,0,Credit Card,178000
2024-10-14,Lamp M,Home,271000,2,C1063,Jakarta,15,E-Wallet,460700
2024-10-14,Tea K,Food,48000,1,C2317,Jakarta,10,Bank Transfer,43200
2024-10-14,Monitor D,Electronics,2520000,1,C0566,Surabaya,10,Bank Transfer,2268000
2024-10-14,Jacket F,Fashion,558000,1,C0942,Solo,0,COD,558000
2024-10-14,Smartphone B,Electronics,4837000,4,C1599,Bandung,0,Bank Transfer,19348000
2024-10-14,Smartphone B,Electronics,5023000,1,C2281,Semarang,0,E-Wallet,5023000
2024-10-14,Chair N,Home,889000,3,C0178,Jakarta,10,Bank Transfer,2400300
2024-10-14,Headphone C,Electronics,735000,3,C1342,Surabaya,20,E-Wallet,1764000
2024-10-14,Tea K,Food,49000,2,C1549,Malang,0,Credit Card,98000
2024-10-14,Bag H,Fashion,438000,3,C0436,Jakarta,10,COD,1182600
2024-10-14,Laptop A,Electronics,8926000,1,C0130,Jakarta,0,Credit Card,8926000
2024-10-14,T-Shirt G,Fashion,234000,1,C2313,Jakarta,5,E-Wallet,222300
2024-10-14,Smartphone B,Electronics,4877000,3,C0599,Yogyakarta,15,COD,12436350
2024-10-14,Jacket F,Fashion,556000,2,C0079,Bandung,0,E-Wallet,1112000
2024-10-15,T-Shirt G,Fashion,255000,1,C0725,Bandung,15,Credit Card,216750
2024-10-15,Jacket F,Fashion,562000,1,C2499,Jakarta,0,Bank Transfer,562000
2024-10-15,Pillow P,Home,183000,1,C0747,Yogyakarta,0,E-Wallet,183000
2024-10-15,Table O,Home,1447000,1,C1229,Solo,5,Bank Transfer,1374650
2024-10-15,Bag H,Fashion,442000,1,C2434,Yogyakarta,0,Credit Card,442000
2024-10-15,Jacket F,Fashion,526000,2,C0425,Yogyakarta,5,E-Wallet,999400
2024-10-15,Pillow P,Home,175000,1,C1014,Surabaya,20,E-Wallet,140000
2024-10-15,Monitor D,Electronics,2492000,1,C1841,Semarang,10,Credit Card,2242800
2024-10-15,Pillow P,Home,193000,3,C0150,Surabaya,10,Credit Card,521100
2024-10-15,Chocolate L,Food,59000,4,C2491,Bandung,10,Credit Card,212400
2024-10-15,Coffee I,Food,71000,4,C1754,Semarang,15,E-Wallet,241400
2024-10-15,Chocolate L,Food,62000,3,C0790,Jakarta,10,Bank Transfer,167400
2024-10-15,Headphone C,Electronics,761000,1,C1954,Surabaya,0,E-Wallet,761000
2024-10-15,Shoes E,Fashion,706000,3,C0566,Semarang,0,E-Wallet,2118000
2024-10-15,T-Shirt G,Fashion,243000,1,C0596,Jakarta,10,E-Wallet,218700
2024-10-15,Shoes E,Fashion,651000,2,C1117,Malang,5,E-Wallet,1236900
2024-10-16,Snack J,Food,36000,3,C1789,Malang,5,E-Wallet,102600
2024-10-16,Monitor D,Electronics,2566000,3,C0608,Jakarta,0,E-Wallet,7698000
2024-10-16,Tea K,Food,48000,4,C1906,Semarang,0,E-Wallet,192000
2024-10-16,Coffee I,Food,74000,2,C0743,Malang,15,Credit Card,125800
2024-10-16,Chair N,Home,839000,1,C0567,Bandung,5,E-Wallet,797050
2024-10-16,Snack J,Food,32000,3,C1301,Surabaya,15,Credit Card,81600
2024-10-16,Laptop A,Electronics,8256000,1,C1886,Bandung,5,E-Wallet,7843200
2024-10-16,Headphone C,Electronics,715000,1,C1187,Bandung,0,E-Wallet,715000
2024-10-16,T-Shirt G,Fashion,264000,1,C0516,Semarang,0,COD,264000
2024-10-16,Snack J,Food,36000,5,C0398,Bandung,0,Credit Card,180000
2024-10-16,Snack J,Food,36000,2,C1576,Surabaya,10,Bank Transfer,64800
2024-10-16,Tea K,Food,51000,1,C1589,Solo,15,E-Wallet,43350
2024-10-16,Pillow P,Home,171000,1,C1535,Jakarta,10,E-Wallet,153900
2024-10-16,Pillow P,Home,178000,1,C0590,Malang,5,COD,169100
2024-10-16,Table O,Home,1493000,1,C2426,Yogyakarta,20,Bank Transfer,1194400
2024-10-16,Headphone C,Electronics,773000,3,C0973,Surabaya,0,COD,2319000
2024-10-17,Chocolate L,Food,60000,4,C2374,Solo,5,Credit Card,228000
2024-10-17,Laptop A,Electronics,8317000,2,C1842,Surabaya,10,E-Wallet,14970600
2024-10-17,Shoes E,Fashion,674000,1,C1203,Surabaya,5,Bank Transfer,640300
2024-10-17,T-Shirt G,Fashion,241000,1,C1374,Jakarta,5,Credit Card,228950
2024-10-17,Shoes E,Fashion,610000,1,C1955,Semarang,0,E-Wallet,610000
2024-10-17,Jacket F,Fashion,588000,1,C1565,Solo,15,COD,499800
2024-10-17,Table O,Home,1528000,1,C0777,Jakarta,10,Bank Transfer,1375200
2024-10-17,Headphone C,Electronics,708000,1,C2208,Jakarta,15,COD,601800
2024-10-17,Monitor D,Electronics,2474000,1,C0580,Bandung,20,E-Wallet,1979200
2024-10-17,Monitor D,Electronics,2457000,4,C1116,Malang,0,E-Wallet,9828000
2024-10-17,Chocolate L,Food,56000,4,C1147,Malang,15,Bank Transfer,190400
2024-10-17,Smartphone B,Electronics,4868000,1,C2412,Jakarta,0,E-Wallet,4868000
2024-10-17,Laptop A,Electronics,8167000,1,C2026,Surabaya,10,Bank Transfer,7350300
2024-10-17,Jacket F,Fashion,547000,4,C1685,Surabaya,0,E-Wallet,2188000
2024-10-17,Bag H,Fashion,450000,1,C2436,Surabaya,0,E-Wallet,450000
2024-10-18,Headphone C,Electronics,838000,2,C1464,Semarang,15,E-Wallet,1424600
2024-10-18,Tea K,Food,52000,5,C1784,Surabaya,10,Bank Transfer,234000
2024-10-18,T-Shirt G,Fashion,258000,5,C1575,Yogyakarta,5,Credit Card,1225500
2024-10-18,Headphone C,Electronics,750000,4,C2411,Jakarta,0,Bank Transfer,3000000
2024-10-18,Tea K,Food,46000,1,C0194,Jakarta,0,Bank Transfer,46000
2024-10-18,Lamp M,Home,314000,1,C1306,Jakarta,5,Credit Card,298300
2024-10-18,Snack J,Food,35000,3,C1555,Bandung,0,Credit Card,105000
2024-10-18,Lamp M,Home,281000,1,C2233,Solo,5,Bank Transfer,266950
2024-10-18,Jacket F,Fashion,527000,2,C2462,Solo,0,E-Wallet,1054000
2024-10-19,Monitor D,Electronics,2568000,3,C1996,Surabaya,0,E-Wallet,7704000
2024-10-19,Shoes E,Fashion,607000,4,C1784,Malang,0,E-Wallet,2428000
2024-10-19,Jacket F,Fashion,545000,1,C0891,Surabaya,0,E-Wallet,545000
2024-10-19,Monitor D,Electronics,2408000,2,C0306,Bandung,15,E-Wallet,4093600
2024-10-19,Headphone C,Electronics,728000,1,C2420,Yogyakarta,10,COD,655200
2024-10-19,Chocolate L,Food,60000,2,C1008,Surabaya,0,Credit Card,120000
2024-10-19,Bag H,Fashion,474000,4,C1163,Jakarta,0,Bank Transfer,1896000
2024-10-19,Bag H,Fashion,470000,2,C1724,Jakarta,0,COD,940000
2024-10-19,Laptop A,Electronics,8406000,1,C0480,Jakarta,0,E-Wallet,8406000
2024-10-19,Laptop A,Electronics,8731000,4,C0365,Jakarta,5,E-Wallet,33177800
2024-10-19,Jacket F,Fashion,517000,2,C2131,Jakarta,0,Credit Card,1034000
2024-10-19,Pillow P,Home,181000,1,C1536,Surabaya,10,Bank Transfer,162900
2024-10-19,Bag H,Fashion,456000,4,C2500,Malang,0,E-Wallet,1824000
2024-10-19,Tea K,Food,48000,1,C0652,Bandung,5,E-Wallet,45600
2024-10-19,Coffee I,Food,77000,1,C0627,Malang,0,E-Wallet,77000
2024-10-19,Headphone C,Electronics,750000,4,C0676,Bandung,10,Credit Card,2700000
2024-10-19,Smartphone B,Electronics,4908000,3,C1315,Jakarta,0,Credit Card,14724000
2024-10-19,Bag H,Fashion,461000,2,C1898,Malang,10,Credit Card,829800
2024-10-19,Jacket F,Fashion,586000,3,C0328,Jakarta,5,Bank Transfer,1670100
2024-10-19,Headphone C,Electronics,757000,1,C2001,Malang,15,Credit Card,643450
2024-10-19,Coffee I,Food,79000,1,C1365,Malang,0,Credit Card,79000
2024-10-19,Jacket F,Fashion,556000,1,C0814,Surabaya,20,COD,444800
2024-10-19,Smartphone B,Electronics,5183000,2,C1620,Surabaya,0,Bank Transfer,10366000
2024-10-20,T-Shirt G,Fashion,247000,1,C2268,Jakarta,20,E-Wallet,197600
2024-10-20,Laptop A,Electronics,8905000,1,C2419,Bandung,5,COD,8459750
2024-10-20,Shoes E,Fashion,613000,5,C0726,Malang,5,E-Wallet,2911750
2024-10-20,Shoes E,Fashion,673000,1,C0354,Jakarta,5,Credit Card,639350
2024-10-20,Headphone C,Electronics,762000,2,C0396,Jakarta,5,Bank Transfer,1447800
2024-10-20,Bag H,Fashion,463000,3,C1972,Surabaya,20,Bank Transfer,1111200
2024-10-20,Shoes E,Fashion,650000,2,C2118,Jakarta,0,Bank Transfer,1300000
2024-10-20,T-Shirt G,Fashion,258000,1,C1134,Surabaya,20,E-Wallet,206400
2024-10-20,Table O,Home,1492000,1,C0687,Jakarta,5,E-Wallet,1417400
2024-10-20,Chocolate L,Food,60000,1,C0281,Jakarta,15,COD,51000
2024-10-20,Pillow P,Home,185000,2,C2415,Jakarta,0,E-Wallet,370000
2024-10-20,Chocolate L,Food,64000,1,C2019,Jakarta,15,E-Wallet,54400
2024-10-20,Smartphone B,Electronics,5061000,1,C1287,Malang,15,Bank Transfer,4301850
2024-10-20,Smartphone B,Electronics,5282000,2,C0061,Bandung,5,COD,10035800
2024-10-20,Pillow P,Home,189000,1,C2500,Semarang,10,COD,170100
2024-10-20,Table O,Home,1524000,1,C1350,Jakarta,10,Bank Transfer,1371600
2024-10-21,Shoes E,Fashion,649000,1,C2119,Jakarta,0,Bank Transfer,649000
2024-10-21,Lamp M,Home,310000,1,C0434,Malang,0,Credit Card,310000
2024-10-21,Chocolate L,Food,62000,1,C2367,Surabaya,15,Bank Transfer,52700
2024-10-21,Bag H,Fashion,444000,4,C1359,Yogyakarta,0,Bank Transfer,1776000
2024-10-21,Smartphone B,Electronics,5311000,2,C1692,Jakarta,10,Bank Transfer,9559800
2024-10-21,Smartphone B,Electronics,4899000,1,C0060,Semarang,0,COD,4899000
2024-10-21,Chocolate L,Food,57000,1,C0804,Semarang,5,E-Wallet,54150
2024-10-21,Bag H,Fashion,448000,5,C2277,Malang,10,COD,2016000
2024-10-21,Snack J,Food,35000,2,C2080,Surabaya,10,Credit Card,63000
2024-10-21,Jacket F,Fashion,577000,2,C1523,Bandung,0,E-Wallet,1154000
2024-10-21,Monitor D,Electronics,2582000,1,C0962,Bandung,10,E-Wallet,2323800
2024-10-21,Tea K,Food,49000,1,C0018,Yogyakarta,0,E-Wallet,49000
2024-10-21,Coffee I,Food,74000,1,C2057,Semarang,0,E-Wallet,74000
2024-10-22,Tea K,Food,53000,1,C1090,Semarang,0,Credit Card,53000
2024-10-22,Headphone C,Electronics,760000,2,C1429,Jakarta,5,E-Wallet,1444000
2024-10-22,Pillow P,Home,167000,2,C1908,Solo,0,Bank Transfer,334000
2024-10-22,Chocolate L,Food,68000,1,C2312,Semarang,10,Bank Transfer,61200
2024-10-22,Monitor D,Electronics,2475000,1,C0543,Jakarta,15,Credit Card,2103750
2024-10-22,Snack J,Food,36000,3,C1335,Surabaya,5,Credit Card,102600
2024-10-22,Smartphone B,Electronics,4969000,2,C0698,Jakarta,5,Bank Transfer,9441100
2024-10-22,Headphone C,Electronics,733000,1,C0164,Jakarta,15,E-Wallet,623050
2024-10-22,Shoes E,Fashion,669000,2,C2263,Bandung,10,Credit Card,1204200
2024-10-22,Laptop A,Electronics,8153000,4,C2147,Surabaya,10,Bank Transfer,29350800
2024-10-22,Laptop A,Electronics,8376000,1,C0171,Semarang,15,E-Wallet,7119600
2024-10-22,Table O,Home,1592000,1,C0075,Jakarta,10,E-Wallet,1432800
2024-10-22,Pillow P,Home,180000,5,C0425,Semarang,0,Credit Card,900000
2024-10-22,Monitor D,Electronics,2538000,5,C1391,Semarang,0,E-Wallet,12690000
2024-10-22,T-Shirt G,Fashion,247000,2,C0969,Bandung,10,E-Wallet,444600
2024-10-22,Tea K,Food,50000,1,C1981,Surabaya,10,Bank Transfer,45000
2024-10-22,Pillow P,Home,182000,4,C0514,Malang,0,E-Wallet,728000
2024-10-22,Laptop A,Electronics,9097000,1,C0623,Solo,0,Credit Card,9097000
2024-10-22,T-Shirt G,Fashion,246000,1,C2105,Surabaya,10,Credit Card,221400
2024-10-22,Smartphone B,Electronics,4862000,3,C0974,Solo,10,Bank Transfer,13127400
2024-10-23,Lamp M,Home,322000,1,C0056,Jakarta,10,E-Wallet,289800
2024-10-23,Jacket F,Fashion,552000,2,C2395,Solo,5,Bank Transfer,1048800
2024-10-23,Lamp M,Home,287000,1,C1459,Jakarta,5,E-Wallet,272650
2024-10-23,Headphone C,Electronics,744000,4,C1899,Semarang,5,Credit Card,2827200
2024-10-23,Table O,Home,1525000,1,C1060,Surabaya,0,E-Wallet,1525000
2024-10-23,T-Shirt G,Fashion,250000,5,C1868,Jakarta,0,Bank Transfer,1250000
2024-10-23,Chocolate L,Food,61000,1,C1948,Surabaya,20,E-Wallet,48800
2024-10-23,Jacket F,Fashion,584000,1,C1633,Bandung,20,Credit Card,467200
2024-10-23,T-Shirt G,Fashion,251000,3,C1994,Surabaya,5,Credit Card,715350
2024-10-23,Chair N,Home,825000,1,C0294,Yogyakarta,0,E-Wallet,825000
2024-10-23,Snack J,Food,32000,5,C1766,Jakarta,0,Bank Transfer,160000
2024-10-23,Coffee I,Food,75000,1,C1299,Semarang,15,Credit Card,63750
2024-10-23,Snack J,Food,37000,3,C2418,Yogyakarta,5,Bank Transfer,105450
2024-10-23,Chair N,Home,943000,1,C0206,Semarang,0,COD,943000
2024-10-23,T-Shirt G,Fashion,240000,4,C2320,Yogyakarta,0,Credit Card,960000
2024-10-23,Chair N,Home,887000,1,C1102,Bandung,10,E-Wallet,798300
2024-10-23,Smartphone B,Electronics,4875000,1,C0077,Surabaya,10,COD,4387500
2024-10-23,Table O,Home,1587000,3,C1556,Malang,5,Credit Card,4522950
2024-10-23,Table O,Home,1442000,3,C2342,Surabaya,0,Credit Card,4326000
2024-10-24,Bag H,Fashion,446000,1,C0702,Surabaya,5,Bank Transfer,423700
2024-10-24,Coffee I,Food,72000,3,C0261,Jakarta,5,Bank Transfer,205200
2024-10-24,Pillow P,Home,178000,1,C0013,Jakarta,0,Bank Transfer,178000
2024-10-24,Snack J,Food,34000,2,C1873,Jakarta,5,E-Wallet,64600
2024-10-24,Shoes E,Fashion,677000,1,C1643,Yogyakarta,5,Bank Transfer,643150
2024-10-24,Laptop A,Electronics,8728000,2,C2194,Bandung,10,Bank Transfer,15710400
2024-10-24,Coffee I,Food,74000,3,C0939,Solo,15,Credit Card,188700
2024-10-24,Snack J,Food,35000,1,C0820,Jakarta,10,E-Wallet,31500
2024-10-24,Monitor D,Electronics,2486000,1,C1138,Semarang,0,Credit Card,2486000
2024-10-24,Monitor D,Electronics,2386000,3,C0698,Malang,15,COD,6084300
2024-10-24,Smartphone B,Electronics,5192000,5,C1068,Surabaya,15,E-Wallet,22066000
2024-10-24,T-Shirt G,Fashion,263000,1,C1572,Jakarta,5,Credit Card,249850
2024-10-24,Chair N,Home,822000,1,C1606,Surabaya,0,Credit Card,822000
2024-10-24,Chocolate L,Food,62000,2,C0972,Yogyakarta,10,Bank Transfer,111600
2024-10-24,T-Shirt G,Fashion,240000,5,C1698,Malang,10,COD,1080000
2024-10-24,Chocolate L,Food,63000,4,C0371,Yogyakarta,15,E-Wallet,214200
2024-10-25,Laptop A,Electronics,8568000,1,C2158,Bandung,0,E-Wallet,8568000
2024-10-25,Smartphone B,Electronics,4914000,1,C1504,Surabaya,0,E-Wallet,4914000
2024-10-25,Pillow P,Home,183000,1,C0699,Bandung,5,COD,173850
2024-10-25,Smartphone B,Electronics,4793000,1,C1837,Jakarta,0,Credit Card,4793000
2024-10-25,Pillow P,Home,179000,1,C2200,Bandung,10,E-Wallet,161100
2024-10-25,Lamp M,Home,299000,3,C0488,Jakarta,10,Credit Card,807300
2024-10-25,Monitor D,Electronics,2400000,3,C1505,Yogyakarta,10,E-Wallet,6480000
2024-10-25,Shoes E,Fashion,725000,1,C0466,Bandung,5,E-Wallet,688750
2024-10-25,Pillow P,Home,168000,1,C1957,Semarang,10,Bank Transfer,151200
2024-10-25,Monitor D,Electronics,2595000,3,C1929,Jakarta,0,COD,7785000
2024-10-25,T-Shirt G,Fashion,255000,1,C1012,Bandung,15,Credit Card,216750
2024-10-25,Chair N,Home,885000,1,C2478,Solo,10,Bank Transfer,796500
2024-10-25,Snack J,Food,36000,2,C1539,Jakarta,0,Bank Transfer,72000
2024-10-25,Tea K,Food,52000,5,C1756,Yogyakarta,5,COD,247000
2024-10-25,Pillow P,Home,189000,2,C1861,Jakarta,5,COD,359100
2024-10-25,Coffee I,Food,78000,2,C1056,Yogyakarta,10,Bank Transfer,140400
2024-10-25,Chocolate L,Food,58000,2,C0441,Semarang,10,Credit Card,104400
2024-10-25,Monitor D,Electronics,2413000,1,C1907,Surabaya,10,E-Wallet,2171700
2024-10-25,Chair N,Home,913000,1,C2198,Solo,10,E-Wallet,821700
2024-10-25,Lamp M,Home,301000,1,C2009,Jakarta,10,Credit Card,270900
2024-10-25,Jacket F,Fashion,576000,3,C2143,Jakarta,0,E-Wallet,1728000
2024-10-26,Chocolate L,Food,63000,2,C1641,Semarang,15,Bank Transfer,107100
2024-10-26,Jacket F,Fashion,519000,2,C0595,Yogyakarta,10,E-Wallet,934200
2024-10-26,Chocolate L,Food,64000,2,C0697,Malang,0,Bank Transfer,128000
2024-10-26,Monitor D,Electronics,2552000,1,C0096,Semarang,10,E-Wallet,2296800
2024-10-26,Smartphone B,Electronics,4980000,2,C0539,Yogyakarta,10,E-Wallet,8964000
2024-10-26,Lamp M,Home,311000,1,C0061,Jakarta,5,E-Wallet,295450
2024-10-26,Smartphone B,Electronics,5116000,3,C0946,Malang,5,E-Wallet,14580600
2024-10-26,Tea K,Food,48000,2,C1995,Bandung,15,E-Wallet,81600
2024-10-26,Headphone C,Electronics,743000,3,C0574,Yogyakarta,10,Bank Transfer,2006100
2024-10-26,Table O,Home,1584000,1,C2270,Jakarta,20,Credit Card,1267200
2024-10-26,Chair N,Home,934000,1,C1032,Semarang,0,E-Wallet,934000
2024-10-26,Smartphone B,Electronics,5062000,1,C0304,Malang,10,COD,4555800
2024-10-26,Coffee I,Food,70000,3,C0011,Yogyakarta,0,E-Wallet,210000
2024-10-26,Chocolate L,Food,61000,2,C0052,Bandung,10,COD,109800
2024-10-26,Shoes E,Fashion,681000,1,C0327,Semarang,5,Credit Card,646950
2024-10-26,Lamp M,Home,308000,3,C0393,Surabaya,10,E-Wallet,831600
2024-10-26,Tea K,Food,50000,2,C1164,Jakarta,10,E-Wallet,90000
2024-10-26,Table O,Home,1484000,1,C1677,Solo,5,COD,1409800
2024-10-26,Snack J,Food,35000,1,C1707,Bandung,0,Credit Card,35000
2024-10-26,Chair N,Home,926000,3,C1817,Jakarta,15,E-Wallet,2361300
2024-10-26,Shoes E,Fashion,637000,1,C1941,Malang,15,Credit Card,541450
2024-10-26,Smartphone B,Electronics,4916000,1,C1386,Surabaya,10,Credit Card,4424400
2024-10-26,Smartphone B,Electronics,5055000,1,C1257,Semarang,10,Bank Transfer,4549500
2024-10-26,Shoes E,Fashion,681000,2,C1266,Surabaya,15,E-Wallet,1157700
2024-10-26,Jacket F,Fashion,560000,1,C1457,Jakarta,5,Credit Card,532000
2024-10-27,Snack J,Food,33000,2,C1778,Bandung,5,COD,62700
2024-10-27,Smartphone B,Electronics,4694000,3,C0989,Surabaya,5,Credit Card,13377900
2024-10-27,Tea K,Food,45000,1,C0172,Yogyakarta,0,E-Wallet,45000
2024-10-27,Shoes E,Fashion,617000,1,C1701,Yogyakarta,0,Credit Card,617000
2024-10-27,Table O,Home,1373000,3,C1538,Solo,0,Credit Card,4119000
2024-10-27,Laptop A,Electronics,8997000,3,C1522,Malang,0,Credit Card,26991000
2024-10-27,Chair N,Home,899000,1,C0606,Semarang,0,Credit Card,899000
2024-10-27,Lamp M,Home,313000,3,C1875,Jakarta,0,E-Wallet,939000
2024-10-27,Tea K,Food,52000,1,C2228,Semarang,10,Bank Transfer,46800
2024-10-27,Lamp M,Home,321000,4,C1848,Jakarta,0,E-Wallet,1284000
2024-10-27,Chocolate L,Food,61000,4,C1000,Malang,0,E-Wallet,244000
2024-10-27,Laptop A,Electronics,8206000,1,C2433,Surabaya,10,Bank Transfer,7385400
2024-10-27,Table O,Home,1334000,1,C2472,Bandung,0,Bank Transfer,1334000
2024-10-27,Laptop A,Electronics,8257000,2,C1724,Bandung,0,Bank Transfer,16514000
2024-10-27,Snack J,Food,35000,4,C1100,Bandung,10,COD,126000
2024-10-27,Smartphone B,Electronics,4834000,2,C2243,Bandung,15,Credit Card,8217800
2024-10-28,Headphone C,Electronics,737000,1,C0638,Surabaya,10,Bank Transfer,663300
2024-10-28,Monitor D,Electronics,2528000,1,C0397,Jakarta,15,E-Wallet,2148800
2024-10-28,Headphone C,Electronics,729000,1,C0364,Surabaya,0,Credit Card,729000
2024-10-28,Bag H,Fashion,461000,2,C1919,Semarang,15,Bank Transfer,783700
2024-10-28,Chocolate L,Food,54000,1,C1589,Bandung,5,E-Wallet,51300
2024-10-28,Pillow P,Home,195000,4,C2491,Yogyakarta,10,Bank Transfer,702000
2024-10-28,Chocolate L,Food,57000,1,C0569,Yogyakarta,10,COD,51300
2024-10-28,Chair N,Home,947000,1,C0201,Malang,10,Bank Transfer,852300
2024-10-28,Laptop A,Electronics,8457000,4,C2487,Malang,0,E-Wallet,33828000
2024-10-28,Chair N,Home,854000,2,C1742,Jakarta,5,E-Wallet,1622600
2024-10-29,Tea K,Food,52000,4,C1582,Surabaya,0,COD,208000
2024-10-29,Coffee I,Food,72000,2,C0650,Jakarta,15,Credit Card,122400
2024-10-29,Table O,Home,1569000,2,C0289,Surabaya,0,E-Wallet,3138000
2024-10-29,Jacket F,Fashion,589000,1,C1363,Surabaya,5,Bank Transfer,559550
2024-10-29,Monitor D,Electronics,2426000,1,C0919,Bandung,0,E-Wallet,2426000
2024-10-29,Chair N,Home,869000,1,C0071,Malang,5,Credit Card,825550
2024-10-29,Tea K,Food,50000,2,C1703,Jakarta,20,COD,80000
2024-10-29,Chocolate L,Food,57000,3,C1048,Semarang,0,Credit Card,171000
2024-10-29,Coffee I,Food,70000,1,C1257,Solo,15,Bank Transfer,59500
2024-10-29,Jacket F,Fashion,541000,1,C1732,Jakarta,5,Credit Card,513950
2024-10-29,Monitor D,Electronics,2497000,4,C0779,Surabaya,0,E-Wallet,9988000
2024-10-29,Coffee I,Food,82000,4,C1818,Semarang,10,Credit Card,295200
2024-10-29,Shoes E,Fashion,666000,5,C0650,Surabaya,0,Bank Transfer,3330000
2024-10-29,Chocolate L,Food,64000,2,C1245,Solo,0,E-Wallet,128000
2024-10-29,Coffee I,Food,73000,1,C0740,Jakarta,10,E-Wallet,65700
2024-10-29,Headphone C,Electronics,743000,1,C1650,Jakarta,0,Credit Card,743000
2024-10-29,Laptop A,Electronics,8459000,1,C1088,Bandung,5,E-Wallet,8036050
2024-10-29,Coffee I,Food,74000,2,C0350,Bandung,10,Credit Card,133200
2024-10-29,Chair N,Home,894000,4,C2227,Yogyakarta,10,Credit Card,3218400
2024-10-29,Coffee I,Food,76000,1,C0662,Solo,0,COD,76000
2024-10-29,Coffee I,Food,75000,2,C0465,Jakarta,0,COD,150000
2024-10-29,Headphone C,Electronics,712000,1,C1024,Yogyakarta,0,E-Wallet,712000
2024-10-30,Bag H,Fashion,450000,1,C1299,Jakarta,5,E-Wallet,427500
2024-10-30,Coffee I,Food,71000,2,C1652,Bandung,0,COD,142000
2024-10-30,Jacket F,Fashion,538000,1,C2007,Semarang,15,E-Wallet,457300
2024-10-30,Headphone C,Electronics,765000,1,C0888,Yogyakarta,15,COD,650250
2024-10-30,Chocolate L,Food,62000,2,C0986,Jakarta,10,Bank Transfer,111600
2024-10-30,Jacket F,Fashion,527000,1,C1659,Jakarta,0,E-Wallet,527000
2024-10-30,Chair N,Home,861000,2,C2050,Bandung,10,E-Wallet,1549800
2024-10-30,Lamp M,Home,276000,2,C2392,Yogyakarta,10,Bank Transfer,496800
2024-10-30,Monitor D,Electronics,2567000,5,C2343,Malang,0,Credit Card,12835000
2024-10-30,Chair N,Home,847000,3,C1765,Semarang,10,Bank Transfer,2286900
2024-10-30,Tea K,Food,54000,3,C0032,Semarang,10,COD,145800
2024-10-30,Laptop A,Electronics,8428000,2,C0356,Jakarta,5,COD,16013200
2024-10-30,Chair N,Home,913000,3,C2467,Solo,5,E-Wallet,2602050
2024-10-30,Monitor D,Electronics,2342000,2,C1251,Solo,20,E-Wallet,3747200
2024-10-31,Laptop A,Electronics,8981000,4,C2005,Jakarta,5,Credit Card,34127800
2024-10-31,Pillow P,Home,176000,1,C0723,Bandung,20,E-Wallet,140800
2024-10-31,Chocolate L,Food,57000,1,C2065,Surabaya,5,COD,54150
2024-10-31,Bag H,Fashion,476000,3,C1142,Malang,10,COD,1285200
2024-10-31,Table O,Home,1595000,1,C1617,Malang,10,Bank Transfer,1435500
2024-10-31,Tea K,Food,50000,1,C1728,Jakarta,5,COD,47500
2024-10-31,Pillow P,Home,175000,2,C2213,Jakarta,10,COD,315000
2024-10-31,T-Shirt G,Fashion,255000,1,C1572,Yogyakarta,10,Bank Transfer,229500
2024-10-31,Shoes E,Fashion,651000,1,C1639,Semarang,0,E-Wallet,651000
2024-10-31,Monitor D,Electronics,2477000,1,C1621,Semarang,15,Bank Transfer,2105450
2024-11-01,Bag H,Fashion,461000,1,C0584,Yogyakarta,10,Bank Transfer,414900
2024-11-01,Monitor D,Electronics,2361000,1,C2200,Solo,15,E-Wallet,2006850
2024-11-01,Laptop A,Electronics,8668000,4,C0366,Malang,15,Bank Transfer,29471200
2024-11-01,Table O,Home,1515000,1,C2156,Yogyakarta,15,E-Wallet,1287750
2024-11-01,Coffee I,Food,79000,1,C1819,Jakarta,10,Credit Card,71100
2024-11-01,Monitor D,Electronics,2433000,2,C2357,Malang,15,Credit Card,4136100
2024-11-01,Shoes E,Fashion,676000,4,C1647,Jakarta,15,COD,2298400
2024-11-01,Coffee I,Food,78000,4,C0538,Solo,0,E-Wallet,312000
2024-11-01,Headphone C,Electronics,735000,1,C1066,Jakarta,10,COD,661500
2024-11-01,Jacket F,Fashion,530000,2,C1885,Yogyakarta,15,E-Wallet,901000
2024-11-01,Tea K,Food,48000,2,C1841,Malang,5,E-Wallet,91200
2024-11-01,Tea K,Food,51000,2,C1930,Bandung,10,Credit Card,91800
2024-11-01,Laptop A,Electronics,8132000,1,C1839,Solo,10,Credit Card,7318800
2024-11-01,Laptop A,Electronics,8442000,1,C0730,Jakarta,15,COD,7175700
2024-11-01,Chair N,Home,890000,1,C0756,Yogyakarta,10,Credit Card,801000
2024-11-01,T-Shirt G,Fashion,232000,1,C0690,Yogyakarta,0,E-Wallet,232000
2024-11-01,Tea K,Food,51000,2,C2410,Surabaya,10,COD,91800
2024-11-01,Smartphone B,Electronics,4929000,2,C0782,Surabaya,5,Bank Transfer,9365100
2024-11-01,Pillow P,Home,191000,1,C1221,Jakarta,15,E-Wallet,162350
2024-11-02,Smartphone B,Electronics,5235000,1,C2059,Malang,10,E-Wallet,4711500
2024-11-02,Coffee I,Food,75000,1,C1067,Malang,5,COD,71250
2024-11-02,Pillow P,Home,177000,1,C1605,Semarang,5,Credit Card,168150
2024-11-02,Smartphone B,Electronics,5016000,2,C2016,Semarang,20,COD,8025600
2024-11-02,Coffee I,Food,74000,1,C1680,Jakarta,5,Credit Card,70300
2024-11-02,Tea K,Food,51000,1,C1877,Malang,0,E-Wallet,51000
2024-11-02,Chair N,Home,844000,1,C1591,Jakarta,0,COD,844000
2024-11-02,Smartphone B,Electronics,5143000,4,C0830,Semarang,0,Credit Card,20572000
2024-11-02,Shoes E,Fashion,654000,5,C0182,Surabaya,10,Credit Card,2943000
2024-11-02,Chocolate L,Food,60000,1,C0418,Surabaya,10,E-Wallet,54000
2024-11-02,Chocolate L,Food,59000,4,C2465,Jakarta,5,Bank Transfer,224200
2024-11-02,Lamp M,Home,327000,1,C0011,Surabaya,10,Bank Transfer,294300
2024-11-02,Chocolate L,Food,60000,4,C1172,Jakarta,0,Bank Transfer,240000
2024-11-03,Bag H,Fashion,432000,1,C1292,Surabaya,10,Credit Card,388800
2024-11-03,Bag H,Fashion,452000,1,C0394,Semarang,5,E-Wallet,429400
2024-11-03,Shoes E,Fashion,621000,2,C2460,Jakarta,0,E-Wallet,1242000
2024-11-03,Coffee I,Food,73000,1,C0379,Semarang,10,COD,65700
2024-11-03,Table O,Home,1403000,1,C0943,Jakarta,5,Bank Transfer,1332850
2024-11-03,Chair N,Home,956000,2,C1152,Jakarta,0,Bank Transfer,1912000
2024-11-03,Chair N,Home,989000,1,C2417,Yogyakarta,5,COD,939550
2024-11-03,Lamp M,Home,292000,2,C2043,Yogyakarta,15,E-Wallet,496400
2024-11-03,Jacket F,Fashion,562000,1,C1116,Jakarta,20,Bank Transfer,449600
2024-11-03,Lamp M,Home,320000,2,C0544,Yogyakarta,0,Credit Card,640000
2024-11-03,Lamp M,Home,298000,2,C1038,Yogyakarta,10,E-Wallet,536400
2024-11-03,Tea K,Food,50000,5,C1998,Surabaya,15,Credit Card,212500
2024-11-03,Smartphone B,Electronics,5355000,1,C1114,Semarang,0,Bank Transfer,5355000
2024-11-03,Snack J,Food,34000,2,C0865,Malang,10,Credit Card,61200
2024-11-03,Laptop A,Electronics,8621000,1,C1803,Malang,0,Bank Transfer,8621000
2024-11-03,Monitor D,Electronics,2483000,2,C0946,Bandung,10,Bank Transfer,4469400
2024-11-03,T-Shirt G,Fashion,247000,2,C1360,Jakarta,15,Credit Card,419900
2024-11-03,Bag H,Fashion,449000,4,C2256,Jakarta,0,Credit Card,1796000
2024-11-03,Chocolate L,Food,62000,2,C1428,Semarang,5,E-Wallet,117800
2024-11-03,Monitor D,Electronics,2480000,4,C1238,Jakarta,15,COD,8432000
2024-11-03,Bag H,Fashion,464000,4,C1188,Yogyakarta,15,Bank Transfer,1577600
2024-11-04,Shoes E,Fashion,679000,5,C1426,Surabaya,15,Bank Transfer,2885750
2024-11-04,Monitor D,Electronics,2460000,6,C2051,Jakarta,10,COD,13284000
2024-11-04,Table O,Home,1477000,4,C1461,Malang,20,Bank Transfer,4726400
2024-11-04,Smartphone B,Electronics,5131000,1,C0060,Jakarta,0,E-Wallet,5131000
2024-11-04,Bag H,Fashion,463000,2,C0043,Jakarta,0,Bank Transfer,926000
2024-11-04,Snack J,Food,35000,1,C1097,Jakarta,10,Credit Card,31500
2024-11-04,Tea K,Food,50000,2,C1113,Bandung,0,E-Wallet,100000
2024-11-04,Headphone C,Electronics,791000,4,C2425,Malang,0,E-Wallet,3164000
2024-11-04,Coffee I,Food,75000,2,C1618,Surabaya,0,E-Wallet,150000
2024-11-04,Tea K,Food,50000,1,C0961,Surabaya,0,Bank Transfer,50000
2024-11-04,Pillow P,Home,172000,1,C0666,Jakarta,15,E-Wallet,146200
2024-11-04,Lamp M,Home,314000,1,C0482,Jakarta,5,Bank Transfer,298300
2024-11-04,Snack J,Food,32000,1,C0694,Surabaya,0,Credit Card,32000
2024-11-05,Shoes E,Fashion,650000,5,C0250,Bandung,0,Credit Card,3250000
2024-11-05,Pillow P,Home,181000,1,C1048,Jakarta,0,Bank Transfer,181000
2024-11-05,Monitor D,Electronics,2478000,4,C2083,Bandung,5,Bank Transfer,9416400
2024-11-05,Monitor D,Electronics,2532000,1,C1884,Semarang,15,Bank Transfer,2152200
2024-11-05,Bag H,Fashion,464000,1,C0242,Jakarta,10,Credit Card,417600
2024-11-05,Monitor D,Electronics,2300000,2,C1354,Yogyakarta,20,E-Wallet,3680000
2024-11-05,Headphone C,Electronics,777000,2,C1784,Yogyakarta,15,Credit Card,1320900
2024-11-05,Jacket F,Fashion,544000,2,C0133,Jakarta,0,Bank Transfer,1088000
2024-11-05,Laptop A,Electronics,8638000,1,C2145,Jakarta,10,Credit Card,7774200
2024-11-05,Table O,Home,1516000,1,C1641,Malang,10,E-Wallet,1364400
2024-11-05,Pillow P,Home,182000,2,C0552,Jakarta,15,COD,309400
2024-11-05,Snack J,Food,35000,2,C2457,Surabaya,0,Bank Transfer,70000
2024-11-05,Tea K,Food,49000,2,C2145,Surabaya,15,Bank Transfer,83300
2024-11-05,T-Shirt G,Fashion,244000,1,C0565,Jakarta,0,E-Wallet,244000
2024-11-05,Coffee I,Food,74000,2,C0851,Malang,10,COD,133200
2024-11-05,Tea K,Food,53000,1,C1046,Jakarta,10,E-Wallet,47700
2024-11-05,Monitor D,Electronics,2461000,2,C1769,Yogyakarta,15,E-Wallet,4183700
2024-11-05,Shoes E,Fashion,641000,1,C0543,Semarang,0,E-Wallet,641000
2024-11-05,Jacket F,Fashion,593000,5,C1494,Jakarta,0,E-Wallet,2965000
2024-11-05,Jacket F,Fashion,520000,2,C1926,Malang,10,Bank Transfer,936000
2024-11-05,Coffee I,Food,74000,2,C0581,Semarang,10,COD,133200
2024-11-06,Table O,Home,1545000,2,C2353,Solo,0,E-Wallet,3090000
2024-11-06,Coffee I,Food,73000,1,C0166,Jakarta,5,Credit Card,69350
2024-11-06,Monitor D,Electronics,2630000,1,C1629,Jakarta,15,E-Wallet,2235500
2024-11-06,Bag H,Fashion,464000,4,C0146,Bandung,0,Credit Card,1856000
2024-11-06,Bag H,Fashion,421000,1,C0058,Yogyakarta,15,Bank Transfer,357850
2024-11-06,Jacket F,Fashion,537000,1,C1777,Surabaya,10,E-Wallet,483300
2024-11-06,Lamp M,Home,291000,4,C2500,Jakarta,0,Credit Card,1164000
2024-11-06,Monitor D,Electronics,2336000,5,C1250,Bandung,15,E-Wallet,9928000
2024-11-06,Tea K,Food,52000,2,C1681,Surabaya,0,Bank Transfer,104000
2024-11-06,Tea K,Food,51000,5,C1184,Semarang,10,Bank Transfer,229500
2024-11-06,Chair N,Home,914000,1,C2297,Semarang,15,E-Wallet,776900
2024-11-06,Tea K,Food,48000,2,C0577,Semarang,0,E-Wallet,96000
2024-11-06,Lamp M,Home,315000,5,C0889,Yogyakarta,0,Credit Card,1575000
2024-11-06,Bag H,Fashion,487000,1,C1164,Yogyakarta,10,Bank Transfer,438300
2024-11-06,T-Shirt G,Fashion,251000,2,C1171,Yogyakarta,0,E-Wallet,502000
2024-11-07,Chocolate L,Food,63000,1,C1123,Jakarta,5,Bank Transfer,59850
2024-11-07,Snack J,Food,34000,5,C1040,Malang,0,Credit Card,170000
2024-11-07,T-Shirt G,Fashion,253000,2,C1043,Jakarta,5,E-Wallet,480700
2024-11-07,Headphone C,Electronics,739000,5,C1824,Yogyakarta,0,E-Wallet,3695000
2024-11-07,Tea K,Food,50000,1,C1727,Solo,5,Credit Card,47500
2024-11-07,Bag H,Fashion,457000,1,C0743,Jakarta,0,COD,457000
2024-11-07,Bag H,Fashion,452000,2,C0067,Surabaya,10,Bank Transfer,813600
2024-11-07,Chocolate L,Food,62000,6,C1555,Yogyakarta,0,E-Wallet,372000
2024-11-07,Tea K,Food,54000,5,C2100,Jakarta,0,COD,270000
2024-11-08,T-Shirt G,Fashion,266000,1,C1171,Surabaya,10,Bank Transfer,239400
2024-11-08,Smartphone B,Electronics,4953000,4,C0695,Semarang,15,COD,16840200
2024-11-08,Monitor D,Electronics,2526000,1,C1310,Bandung,5,Bank Transfer,2399700
2024-11-08,Bag H,Fashion,432000,2,C0106,Yogyakarta,0,Credit Card,864000
2024-11-08,Tea K,Food,45000,4,C0087,Semarang,0,E-Wallet,180000
2024-11-08,Snack J,Food,34000,4,C0752,Semarang,15,Bank Transfer,115600
2024-11-08,Bag H,Fashion,464000,6,C1527,Surabaya,5,E-Wallet,2644800
2024-11-08,Coffee I,Food,79000,1,C0740,Yogyakarta,15,Credit Card,67150
2024-11-08,Shoes E,Fashion,625000,1,C0715,Surabaya,0,E-Wallet,625000
2024-11-08,Chocolate L,Food,66000,1,C1302,Solo,0,Credit Card,66000
2024-11-08,Tea K,Food,49000,5,C1797,Bandung,0,Bank Transfer,245000
2024-11-08,Bag H,Fashion,464000,1,C0400,Semarang,15,Credit Card,394400
2024-11-08,Jacket F,Fashion,570000,4,C0868,Surabaya,10,E-Wallet,2052000
2024-11-08,Shoes E,Fashion,666000,1,C0845,Bandung,5,E-Wallet,632700
2024-11-08,Tea K,Food,48000,1,C0396,Jakarta,0,Credit Card,48000
2024-11-08,T-Shirt G,Fashion,226000,6,C1279,Jakarta,15,Bank Transfer,1152600
2024-11-08,Bag H,Fashion,445000,2,C0523,Surabaya,10,Bank Transfer,801000
2024-11-08,Shoes E,Fashion,654000,2,C0416,Bandung,10,Bank Transfer,1177200
2024-11-08,Snack J,Food,34000,1,C1020,Jakarta,0,Bank Transfer,34000
2024-11-09,T-Shirt G,Fashion,254000,2,C1300,Semarang,0,Credit Card,508000
2024-11-09,Chocolate L,Food,59000,4,C1834,Jakarta,5,Credit Card,224200
2024-11-09,Monitor D,Electronics,2641000,1,C0639,Yogyakarta,5,E-Wallet,2508950
2024-11-09,Pillow P,Home,174000,2,C1373,Jakarta,5,COD,330600
2024-11-09,Laptop A,Electronics,8816000,1,C0334,Surabaya,0,Credit Card,8816000
2024-11-09,Laptop A,Electronics,8603000,4,C1982,Semarang,5,Credit Card,32691400
2024-11-09,Smartphone B,Electronics,4903000,1,C0088,Jakarta,10,E-Wallet,4412700
2024-11-09,Bag H,Fashion,431000,2,C0626,Yogyakarta,10,Bank Transfer,775800
2024-11-09,Lamp M,Home,315000,1,C1845,Semarang,15,E-Wallet,267750
2024-11-09,Lamp M,Home,308000,1,C2071,Bandung,10,Credit Card,277200
2024-11-09,Shoes E,Fashion,655000,6,C1107,Yogyakarta,5,E-Wallet,3733500
2024-11-10,Lamp M,Home,307000,2,C2161,Jakarta,0,Credit Card,614000
2024-11-10,Tea K,Food,54000,1,C1355,Semarang,0,E-Wallet,54000
2024-11-10,Laptop A,Electronics,8506000,1,C0198,Surabaya,10,E-Wallet,7655400
2024-11-10,Lamp M,Home,302000,1,C2273,Jakarta,0,Credit Card,302000
2024-11-10,T-Shirt G,Fashion,233000,2,C1539,Jakarta,5,Credit Card,442700
2024-11-10,Shoes E,Fashion,683000,1,C1558,Yogyakarta,10,E-Wallet,614700
2024-11-10,Chocolate L,Food,61000,1,C0809,Bandung,0,E-Wallet,61000
2024-11-10,Pillow P,Home,185000,2,C1438,Surabaya,5,E-Wallet,351500
2024-11-10,Monitor D,Electronics,2435000,2,C2069,Surabaya,0,E-Wallet,4870000
2024-11-10,Chocolate L,Food,60000,2,C0370,Jakarta,5,Bank Transfer,114000
2024-11-10,Smartphone B,Electronics,4995000,2,C0303,Jakarta,5,COD,9490500
2024-11-10,Chocolate L,Food,59000,4,C1143,Surabaya,10,E-Wallet,212400
2024-11-10,Headphone C,Electronics,789000,5,C2305,Surabaya,5,COD,3747750
2024-11-10,Snack J,Food,35000,2,C1406,Surabaya,0,E-Wallet,70000
2024-11-11,Smartphone B,Electronics,4919000,2,C1563,Bandung,5,Bank Transfer,9346100
2024-11-11,Lamp M,Home,298000,1,C0925,Jakarta,10,E-Wallet,268200
2024-11-11,Chocolate L,Food,60000,1,C2070,Jakarta,15,Credit Card,51000
2024-11-11,Smartphone B,Electronics,4914000,1,C0878,Semarang,5,E-Wallet,4668300
2024-11-11,Laptop A,Electronics,8661000,1,C2118,Jakarta,0,Credit Card,8661000
2024-11-11,Coffee I,Food,68000,4,C2361,Jakarta,10,Bank Transfer,244800
2024-11-11,Chocolate L,Food,61000,2,C1918,Surabaya,0,E-Wallet,122000
2024-11-11,Bag H,Fashion,489000,2,C1085,Surabaya,15,Credit Card,831300
2024-11-11,Shoes E,Fashion,646000,1,C0830,Semarang,10,COD,581400
2024-11-11,Table O,Home,1521000,1,C0831,Jakarta,0,Credit Card,1521000
2024-11-11,Smartphone B,Electronics,4882000,4,C0136,Jakarta,10,Bank Transfer,17575200
2024-11-11,T-Shirt G,Fashion,265000,6,C0735,Semarang,0,E-Wallet,1590000
2024-11-11,Laptop A,Electronics,8864000,2,C0448,Yogyakarta,20,Credit Card,14182400
2024-11-11,Tea K,Food,51000,1,C1364,Semarang,15,Credit Card,43350
2024-11-11,Bag H,Fashion,461000,2,C1377,Bandung,0,Bank Transfer,922000
2024-11-11,Lamp M,Home,318000,1,C0578,Yogyakarta,5,Bank Transfer,302100
2024-11-12,Table O,Home,1631000,1,C0303,Solo,5,Credit Card,1549450
2024-11-12,T-Shirt G,Fashion,256000,2,C0889,Jakarta,10,E-Wallet,460800
2024-11-12,Bag H,Fashion,462000,1,C0564,Semarang,10,Bank Transfer,415800
2024-11-12,Coffee I,Food,75000,1,C0919,Surabaya,0,Credit Card,75000
2024-11-12,Laptop A,Electronics,8205000,5,C0801,Jakarta,15,E-Wallet,34871250
2024-11-12,T-Shirt G,Fashion,223000,4,C1451,Yogyakarta,15,Credit Card,758200
2024-11-12,Snack J,Food,36000,1,C2420,Solo,0,Bank Transfer,36000
2024-11-12,Monitor D,Electronics,2588000,4,C1695,Jakarta,5,Bank Transfer,9834400
2024-11-12,Headphone C,Electronics,734000,1,C0089,Jakarta,15,Credit Card,623900
2024-11-12,Monitor D,Electronics,2280000,1,C1862,Solo,5,Credit Card,2166000
2024-11-12,Table O,Home,1374000,1,C1642,Jakarta,0,Bank Transfer,1374000
2024-11-12,Tea K,Food,50000,1,C1682,Surabaya,5,E-Wallet,47500
2024-11-12,Monitor D,Electronics,2448000,2,C0223,Surabaya,0,E-Wallet,4896000
2024-11-12,Bag H,Fashion,422000,2,C1891,Surabaya,10,E-Wallet,759600
2024-11-12,Jacket F,Fashion,573000,4,C0068,Jakarta,5,COD,2177400
2024-11-12,Laptop A,Electronics,8119000,1,C2448,Solo,5,Bank Transfer,7713050
2024-11-12,Jacket F,Fashion,556000,1,C1714,Yogyakarta,20,Credit Card,444800
2024-11-12,Chair N,Home,831000,4,C1775,Jakarta,5,Bank Transfer,3157800
2024-11-12,Headphone C,Electronics,735000,2,C0428,Solo,10,Bank Transfer,1323000
2024-11-12,Smartphone B,Electronics,4887000,1,C2463,Jakarta,10,Bank Transfer,4398300
2024-11-12,Headphone C,Electronics,840000,1,C2324,Semarang,5,E-Wallet,798000
2024-11-12,T-Shirt G,Fashion,259000,2,C0102,Yogyakarta,10,Bank Transfer,466200
2024-11-12,Table O,Home,1509000,1,C1074,Yogyakarta,10,E-Wallet,1358100
2024-11-13,Table O,Home,1552000,1,C1082,Yogyakarta,5,E-Wallet,1474400
2024-11-13,Monitor D,Electronics,2433000,2,C0012,Malang,10,Credit Card,4379400
2024-11-13,Smartphone B,Electronics,5263000,1,C0208,Semarang,0,COD,5263000
2024-11-13,Laptop A,Electronics,8124000,1,C2246,Malang,20,E-Wallet,6499200
2024-11-13,Snack J,Food,36000,1,C0333,Bandung,0,E-Wallet,36000
2024-11-13,T-Shirt G,Fashion,254000,1,C1762,Semarang,5,Bank Transfer,241300
2024-11-13,Table O,Home,1586000,1,C1719,Semarang,15,E-Wallet,1348100
2024-11-13,Tea K,Food,49000,1,C1952,Malang,10,E-Wallet,44100
2024-11-13,Chocolate L,Food,61000,1,C1909,Yogyakarta,15,E-Wallet,51850
2024-11-13,Chocolate L,Food,59000,1,C1947,Solo,0,E-Wallet,59000
2024-11-13,T-Shirt G,Fashion,252000,2,C1967,Jakarta,10,Bank Transfer,453600
2024-11-13,Shoes E,Fashion,658000,1,C2155,Surabaya,15,E-Wallet,559300
2024-11-13,Jacket F,Fashion,546000,2,C2450,Yogyakarta,0,Credit Card,1092000
2024-11-13,Smartphone B,Electronics,4634000,2,C0199,Jakarta,0,Bank Transfer,9268000
2024-11-13,Shoes E,Fashion,660000,1,C2211,Jakarta,10,COD,594000
2024-11-14,Monitor D,Electronics,2386000,1,C0303,Semarang,20,Bank Transfer,1908800
2024-11-14,T-Shirt G,Fashion,237000,4,C2325,Jakarta,5,E-Wallet,900600
2024-11-14,Shoes E,Fashion,649000,2,C0119,Surabaya,0,E-Wallet,1298000
2024-11-14,Jacket F,Fashion,539000,1,C0877,Bandung,15,Bank Transfer,458150
2024-11-14,Laptop A,Electronics,8339000,1,C1848,Jakarta,15,Bank Transfer,7088150
2024-11-14,Jacket F,Fashion,565000,1,C1509,Jakarta,5,E-Wallet,536750
2024-11-14,Monitor D,Electronics,2430000,5,C1445,Malang,15,Bank Transfer,10327500
2024-11-14,Smartphone B,Electronics,4817000,2,C0489,Malang,0,Credit Card,9634000
2024-11-14,Snack J,Food,38000,4,C1755,Surabaya,0,E-Wallet,152000
2024-11-14,Tea K,Food,50000,4,C1184,Yogyakarta,10,E-Wallet,180000
2024-11-14,Bag H,Fashion,456000,1,C2045,Bandung,10,Bank Transfer,410400
2024-11-14,Chair N,Home,908000,5,C2317,Semarang,0,E-Wallet,4540000
2024-11-14,Smartphone B,Electronics,4712000,2,C0066,Malang,15,Credit Card,8010400
2024-11-14,T-Shirt G,Fashion,245000,4,C0323,Bandung,0,Bank Transfer,980000
2024-11-14,Pillow P,Home,171000,1,C1652,Jakarta,10,E-Wallet,153900
2024-11-14,Pillow P,Home,177000,1,C2350,Yogyakarta,10,COD,159300
2024-11-14,Chocolate L,Food,56000,4,C1938,Semarang,0,Credit Card,224000
2024-11-14,Snack J,Food,37000,2,C1181,Surabaya,10,E-Wallet,66600
2024-11-14,Chocolate L,Food,65000,1,C1582,Solo,10,E-Wallet,58500
2024-11-15,T-Shirt G,Fashion,276000,4,C0517,Surabaya,5,Credit Card,1048800
2024-11-15,Monitor D,Electronics,2541000,5,C0748,Jakarta,0,E-Wallet,12705000
2024-11-15,Smartphone B,Electronics,4700000,2,C0941,Surabaya,0,Bank Transfer,9400000
2024-11-15,Headphone C,Electronics,774000,1,C0603,Solo,15,E-Wallet,657900
2024-11-15,Headphone C,Electronics,757000,1,C2422,Solo,0,Credit Card,757000
2024-11-15,T-Shirt G,Fashion,258000,1,C2109,Solo,5,COD,245100
2024-11-15,Monitor D,Electronics,2422000,1,C0259,Bandung,5,E-Wallet,2300900
2024-11-15,Headphone C,Electronics,731000,2,C0755,Jakarta,15,Credit Card,1242700
2024-11-15,Smartphone B,Electronics,5383000,2,C2235,Jakarta,0,COD,10766000
2024-11-15,Tea K,Food,54000,5,C1050,Semarang,20,Credit Card,216000
2024-11-15,Tea K,Food,49000,4,C1784,Surabaya,15,Bank Transfer,166600
2024-11-15,Tea K,Food,52000,1,C0996,Semarang,10,COD,46800
2024-11-15,Chocolate L,Food,60000,1,C0124,Surabaya,10,COD,54000
2024-11-15,Smartphone B,Electronics,5451000,2,C1943,Bandung,0,Bank Transfer,10902000
2024-11-15,T-Shirt G,Fashion,259000,2,C0354,Jakarta,10,Credit Card,466200
2024-11-16,Headphone C,Electronics,775000,1,C0451,Surabaya,0,Bank Transfer,775000
2024-11-16,Table O,Home,1477000,4,C2359,Bandung,0,Credit Card,5908000
2024-11-16,Lamp M,Home,306000,2,C0478,Surabaya,10,E-Wallet,550800
2024-11-16,Jacket F,Fashion,550000,2,C2109,Jakarta,0,Bank Transfer,1100000
2024-11-16,Pillow P,Home,192000,2,C2421,Malang,0,E-Wallet,384000
2024-11-16,Snack J,Food,37000,2,C2190,Jakarta,0,Credit Card,74000
2024-11-16,Table O,Home,1508000,1,C2245,Semarang,20,E-Wallet,1206400
2024-11-16,Smartphone B,Electronics,4531000,6,C0084,Surabaya,15,Credit Card,23108100
2024-11-16,Monitor D,Electronics,2620000,1,C1211,Malang,0,E-Wallet,2620000
2024-11-16,Smartphone B,Electronics,4941000,2,C1235,Malang,0,Credit Card,9882000
2024-11-16,T-Shirt G,Fashion,247000,2,C2044,Jakarta,0,E-Wallet,494000
2024-11-16,Tea K,Food,50000,1,C2252,Solo,15,Bank Transfer,42500
2024-11-16,Lamp M,Home,300000,2,C0727,Jakarta,0,Credit Card,600000
2024-11-16,Smartphone B,Electronics,4842000,2,C2355,Semarang,0,Bank Transfer,9684000
2024-11-16,Smartphone B,Electronics,4567000,2,C0338,Jakarta,0,Bank Transfer,9134000
2024-11-17,Smartphone B,Electronics,5268000,1,C1946,Surabaya,5,Bank Transfer,5004600
2024-11-17,Headphone C,Electronics,782000,1,C0502,Semarang,10,E-Wallet,703800
2024-11-17,Bag H,Fashion,476000,1,C1120,Jakarta,15,E-Wallet,404600
2024-11-17,Laptop A,Electronics,8228000,5,C1246,Bandung,0,E-Wallet,41140000
2024-11-17,Shoes E,Fashion,650000,4,C0942,Surabaya,10,Bank Transfer,2340000
2024-11-17,Pillow P,Home,182000,4,C1153,Bandung,0,E-Wallet,728000
2024-11-17,Shoes E,Fashion,664000,4,C1534,Semarang,10,COD,2390400
2024-11-17,Jacket F,Fashion,553000,2,C0917,Jakarta,10,E-Wallet,995400
2024-11-17,T-Shirt G,Fashion,243000,2,C1178,Semarang,5,E-Wallet,461700
2024-11-17,Lamp M,Home,301000,4,C2174,Surabaya,15,Credit Card,1023400
2024-11-17,Shoes E,Fashion,651000,1,C2066,Jakarta,5,Bank Transfer,618450
2024-11-17,Headphone C,Electronics,732000,2,C2341,Surabaya,0,COD,1464000
2024-11-17,Bag H,Fashion,433000,2,C1786,Yogyakarta,20,E-Wallet,692800
2024-11-18,Table O,Home,1554000,1,C0955,Malang,0,Bank Transfer,1554000
2024-11-18,Coffee I,Food,71000,2,C1125,Surabaya,0,Credit Card,142000
2024-11-18,Snack J,Food,33000,4,C1225,Jakarta,0,E-Wallet,132000
2024-11-18,Shoes E,Fashion,634000,4,C0125,Surabaya,10,E-Wallet,2282400
2024-11-18,Laptop A,Electronics,8362000,2,C1391,Solo,10,E-Wallet,15051600
2024-11-18,T-Shirt G,Fashion,243000,1,C0453,Bandung,0,Bank Transfer,243000
2024-11-18,Coffee I,Food,76000,1,C0703,Jakarta,5,Credit Card,72200
2024-11-18,Shoes E,Fashion,630000,1,C2076,Yogyakarta,15,Bank Transfer,535500
2024-11-18,Shoes E,Fashion,643000,2,C1278,Yogyakarta,0,Credit Card,1286000
2024-11-18,Chair N,Home,925000,1,C2216,Jakarta,15,E-Wallet,786250
2024-11-18,Chocolate L,Food,62000,1,C2017,Yogyakarta,10,Bank Transfer,55800
2024-11-18,Laptop A,Electronics,8722000,4,C1760,Semarang,0,Credit Card,34888000
2024-11-18,Tea K,Food,51000,1,C0233,Yogyakarta,5,COD,48450
2024-11-19,Pillow P,Home,181000,2,C1213,Jakarta,10,Credit Card,325800
2024-11-19,Bag H,Fashion,455000,1,C1189,Yogyakarta,0,E-Wallet,455000
2024-11-19,Laptop A,Electronics,8886000,1,C1096,Malang,10,Bank Transfer,7997400
2024-11-19,Laptop A,Electronics,8463000,2,C1793,Semarang,0,E-Wallet,16926000
2024-11-19,Bag H,Fashion,429000,1,C1625,Bandung,15,Bank Transfer,364650
2024-11-19,Shoes E,Fashion,669000,2,C1048,Surabaya,0,E-Wallet,1338000
2024-11-19,Chair N,Home,880000,2,C0716,Malang,5,E-Wallet,1672000
2024-11-19,Smartphone B,Electronics,5007000,2,C2482,Semarang,15,E-Wallet,8511900
2024-11-19,Chocolate L,Food,65000,2,C0297,Jakarta,10,E-Wallet,117000
2024-11-19,Pillow P,Home,185000,1,C0185,Solo,15,Bank Transfer,157250
2024-11-19,Pillow P,Home,183000,1,C2105,Surabaya,15,COD,155550
2024-11-19,Bag H,Fashion,452000,4,C0951,Yogyakarta,0,E-Wallet,1808000
2024-11-19,Laptop A,Electronics,8209000,1,C2103,Jakarta,10,Bank Transfer,7388100
2024-11-19,Lamp M,Home,290000,2,C0435,Surabaya,10,E-Wallet,522000
2024-11-19,Shoes E,Fashion,616000,1,C1886,Semarang,10,Bank Transfer,554400
2024-11-19,Table O,Home,1576000,1,C0848,Bandung,5,E-Wallet,1497200
2024-11-19,Chocolate L,Food,62000,4,C0408,Surabaya,15,Credit Card,210800
2024-11-19,T-Shirt G,Fashion,263000,2,C1149,Yogyakarta,10,COD,473400
2024-11-19,Shoes E,Fashion,643000,2,C1554,Solo,0,Bank Transfer,1286000
2024-11-19,Headphone C,Electronics,729000,1,C1517,Jakarta,0,Credit Card,729000
2024-11-19,Shoes E,Fashion,591000,1,C0928,Jakarta,0,Credit Card,591000
2024-11-20,Bag H,Fashion,477000,1,C2326,Jakarta,5,E-Wallet,453150
2024-11-20,Headphone C,Electronics,788000,1,C0290,Semarang,20,Bank Transfer,630400
2024-11-20,Headphone C,Electronics,707000,1,C0898,Jakarta,0,Bank Transfer,707000
2024-11-20,Table O,Home,1517000,1,C1588,Jakarta,0,E-Wallet,1517000
2024-11-20,Bag H,Fashion,457000,2,C0117,Jakarta,5,E-Wallet,868300
2024-11-20,Chair N,Home,860000,5,C1908,Semarang,0,Bank Transfer,4300000
2024-11-20,Tea K,Food,48000,4,C1821,Jakarta,10,E-Wallet,172800
2024-11-20,Jacket F,Fashion,565000,1,C0701,Bandung,15,Credit Card,480250
2024-11-20,Smartphone B,Electronics,5290000,2,C1912,Jakarta,10,E-Wallet,9522000
2024-11-20,Monitor D,Electronics,2416000,5,C1021,Semarang,0,E-Wallet,12080000
2024-11-20,Laptop A,Electronics,8220000,6,C2041,Solo,10,Credit Card,44388000
2024-11-20,Pillow P,Home,179000,2,C0742,Semarang,20,E-Wallet,286400
2024-11-20,T-Shirt G,Fashion,270000,1,C2105,Malang,15,COD,229500
2024-11-20,Headphone C,Electronics,770000,1,C1228,Malang,0,E-Wallet,770000
2024-11-20,Chocolate L,Food,60000,4,C0975,Bandung,0,E-Wallet,240000
2024-11-20,Shoes E,Fashion,604000,1,C0799,Jakarta,10,Bank Transfer,543600
2024-11-20,Jacket F,Fashion,580000,2,C2395,Surabaya,0,Bank Transfer,1160000
2024-11-20,Smartphone B,Electronics,5036000,4,C0711,Surabaya,0,Credit Card,20144000
2024-11-20,T-Shirt G,Fashion,247000,1,C0229,Yogyakarta,0,Credit Card,247000
2024-11-20,Smartphone B,Electronics,5268000,5,C1982,Bandung,0,Bank Transfer,26340000
2024-11-20,Pillow P,Home,178000,2,C0406,Yogyakarta,15,E-Wallet,302600
2024-11-21,Jacket F,Fashion,550000,1,C2149,Semarang,10,E-Wallet,495000
2024-11-21,Chair N,Home,959000,4,C2322,Solo,15,E-Wallet,3260600
2024-11-21,Shoes E,Fashion,676000,2,C1814,Malang,5,Bank Transfer,1284400
2024-11-21,Smartphone B,Electronics,5085000,2,C2186,Jakarta,0,Bank Transfer,10170000
2024-11-21,Chair N,Home,880000,1,C0001,Yogyakarta,0,COD,880000
2024-11-21,Jacket F,Fashion,555000,2,C1913,Yogyakarta,20,Credit Card,888000
2024-11-21,Coffee I,Food,77000,2,C1522,Malang,0,E-Wallet,154000
2024-11-21,Laptop A,Electronics,8618000,1,C1778,Surabaya,5,Bank Transfer,8187100
2024-11-21,Laptop A,Electronics,8674000,1,C0349,Jakarta,0,Credit Card,8674000
2024-11-21,Coffee I,Food,81000,1,C1465,Bandung,0,Credit Card,81000
2024-11-21,T-Shirt G,Fashion,249000,2,C0151,Malang,5,Bank Transfer,473100
2024-11-21,Snack J,Food,37000,4,C1077,Solo,0,COD,148000
2024-11-21,T-Shirt G,Fashion,248000,4,C0888,Malang,10,COD,892800
2024-11-22,Table O,Home,1412000,1,C2386,Yogyakarta,5,Bank Transfer,1341400
2024-11-22,T-Shirt G,Fashion,269000,2,C2268,Yogyakarta,10,Credit Card,484200
2024-11-22,Snack J,Food,34000,1,C0162,Solo,5,Credit Card,32300
2024-11-22,Coffee I,Food,71000,2,C0297,Yogyakarta,5,Credit Card,134900
2024-11-22,T-Shirt G,Fashion,256000,4,C2432,Jakarta,20,Credit Card,819200
2024-11-22,Shoes E,Fashion,636000,1,C0004,Jakarta,5,E-Wallet,604200
2024-11-22,Bag H,Fashion,449000,2,C0760,Solo,15,COD,763300
2024-11-22,Laptop A,Electronics,8057000,1,C1228,Malang,0,COD,8057000
2024-11-22,Chocolate L,Food,58000,6,C2123,Bandung,10,COD,313200
2024-11-22,Lamp M,Home,300000,2,C1597,Malang,10,E-Wallet,540000
2024-11-22,Table O,Home,1574000,1,C1915,Jakarta,0,Credit Card,1574000
2024-11-22,Coffee I,Food,75000,6,C0336,Surabaya,0,Credit Card,450000
2024-11-22,Headphone C,Electronics,747000,1,C0525,Jakarta,0,E-Wallet,747000
2024-11-22,Jacket F,Fashion,575000,1,C2165,Jakarta,5,Bank Transfer,546250
2024-11-23,Monitor D,Electronics,2532000,1,C0190,Malang,0,Credit Card,2532000
2024-11-23,Monitor D,Electronics,2536000,1,C0904,Yogyakarta,0,E-Wallet,2536000
2024-11-23,Shoes E,Fashion,626000,2,C1130,Solo,5,Credit Card,1189400
2024-11-23,Monitor D,Electronics,2453000,1,C0165,Jakarta,20,COD,1962400
2024-11-23,Tea K,Food,52000,1,C2172,Surabaya,0,Bank Transfer,52000
2024-11-23,Tea K,Food,51000,2,C0997,Solo,0,Credit Card,102000
2024-11-23,T-Shirt G,Fashion,238000,2,C1773,Jakarta,5,Credit Card,452200
2024-11-23,T-Shirt G,Fashion,253000,1,C0355,Jakarta,5,Bank Transfer,240350
2024-11-23,Tea K,Food,50000,1,C0606,Jakarta,10,E-Wallet,45000
2024-11-23,T-Shirt G,Fashion,244000,1,C2250,Surabaya,0,Credit Card,244000
2024-11-23,Headphone C,Electronics,748000,2,C1219,Malang,5,Bank Transfer,1421200
2024-11-23,Chocolate L,Food,57000,2,C0454,Jakarta,0,Bank Transfer,114000
2024-11-23,Coffee I,Food,80000,1,C0382,Malang,10,Bank Transfer,72000
2024-11-24,Shoes E,Fashion,632000,1,C1497,Surabaya,0,E-Wallet,632000
2024-11-24,Chocolate L,Food,62000,1,C1727,Jakarta,0,E-Wallet,62000
2024-11-24,Smartphone B,Electronics,4866000,2,C0147,Bandung,15,Credit Card,8272200
2024-11-24,Smartphone B,Electronics,4950000,1,C0586,Bandung,10,E-Wallet,4455000
2024-11-24,Headphone C,Electronics,731000,2,C0042,Surabaya,10,COD,1315800
2024-11-24,Bag H,Fashion,450000,2,C0799,Jakarta,15,Bank Transfer,765000
2024-11-24,Chair N,Home,862000,1,C0238,Surabaya,0,Bank Transfer,862000
2024-11-24,T-Shirt G,Fashion,248000,5,C2118,Bandung,15,E-Wallet,1054000
2024-11-24,Headphone C,Electronics,753000,1,C2154,Jakarta,10,E-Wallet,677700
2024-11-24,Laptop A,Electronics,8243000,1,C0962,Jakarta,10,E-Wallet,7418700
2024-11-24,Table O,Home,1491000,2,C1465,Solo,10,E-Wallet,2683800
2024-11-24,T-Shirt G,Fashion,250000,4,C2348,Surabaya,10,Credit Card,900000
2024-11-24,Bag H,Fashion,434000,1,C0748,Surabaya,10,Credit Card,390600
2024-11-24,Coffee I,Food,75000,1,C1311,Jakarta,0,COD,75000
2024-11-24,Tea K,Food,53000,2,C0709,Jakarta,10,Credit Card,95400
2024-11-24,Lamp M,Home,304000,1,C1185,Bandung,0,E-Wallet,304000
2024-11-24,Laptop A,Electronics,8538000,2,C2203,Semarang,0,Bank Transfer,17076000
2024-11-24,Chocolate L,Food,60000,1,C2006,Jakarta,10,E-Wallet,54000
2024-11-24,Headphone C,Electronics,694000,4,C1861,Yogyakarta,5,Bank Transfer,2637200
2024-11-24,Jacket F,Fashion,573000,2,C1467,Malang,15,E-Wallet,974100
2024-11-24,Laptop A,Electronics,8114000,1,C0202,Semarang,15,Bank Transfer,6896900
2024-11-25,Headphone C,Electronics,764000,2,C0742,Yogyakarta,0,E-Wallet,1528000
2024-11-25,Chocolate L,Food,61000,1,C1224,Yogyakarta,0,E-Wallet,61000
2024-11-25,Coffee I,Food,80000,6,C1873,Malang,5,E-Wallet,456000
2024-11-25,Tea K,Food,52000,2,C0751,Yogyakarta,15,Bank Transfer,88400
2024-11-25,Pillow P,Home,170000,2,C2132,Jakarta,0,COD,340000
2024-11-25,Headphone C,Electronics,742000,2,C0548,Yogyakarta,20,Credit Card,1187200
2024-11-25,Pillow P,Home,179000,1,C0337,Surabaya,5,Credit Card,170050
2024-11-25,Bag H,Fashion,480000,2,C1080,Semarang,10,COD,864000
2024-11-25,Tea K,Food,51000,1,C1590,Semarang,0,E-Wallet,51000
2024-11-25,Bag H,Fashion,479000,4,C0465,Bandung,5,Credit Card,1820200
2024-11-25,Chair N,Home,940000,2,C1265,Surabaya,20,Bank Transfer,1504000
2024-11-25,Jacket F,Fashion,554000,5,C0474,Solo,10,Bank Transfer,2493000
2024-11-25,Monitor D,Electronics,2603000,2,C0212,Surabaya,5,COD,4945700
2024-11-25,Tea K,Food,51000,6,C1821,Solo,0,E-Wallet,306000
2024-11-26,Monitor D,Electronics,2471000,1,C2465,Jakarta,0,Bank Transfer,2471000
2024-11-26,Shoes E,Fashion,624000,1,C2069,Bandung,10,E-Wallet,561600
2024-11-26,Chocolate L,Food,56000,1,C1871,Jakarta,0,Credit Card,56000
2024-11-26,Snack J,Food,35000,1,C0434,Surabaya,5,Credit Card,33250
2024-11-26,Smartphone B,Electronics,4750000,4,C1533,Yogyakarta,15,E-Wallet,16150000
2024-11-26,Coffee I,Food,73000,1,C1584,Jakarta,15,Bank Transfer,62050
2024-11-26,Headphone C,Electronics,785000,2,C0446,Surabaya,15,Bank Transfer,1334500
2024-11-26,Coffee I,Food,75000,2,C0618,Bandung,15,Credit Card,127500
2024-11-26,Headphone C,Electronics,763000,1,C0288,Yogyakarta,5,Credit Card,724850
2024-11-26,Laptop A,Electronics,8973000,4,C0694,Solo,10,Credit Card,32302800
2024-11-26,Bag H,Fashion,476000,2,C1761,Surabaya,0,E-Wallet,952000
2024-11-26,Smartphone B,Electronics,4971000,4,C1493,Jakarta,0,Credit Card,19884000
2024-11-26,Table O,Home,1501000,5,C1249,Jakarta,0,Credit Card,7505000
2024-11-26,Shoes E,Fashion,605000,1,C1405,Semarang,15,Bank Transfer,514250
2024-11-26,T-Shirt G,Fashion,242000,1,C0040,Surabaya,10,Credit Card,217800
2024-11-26,Snack J,Food,36000,1,C1077,Jakarta,5,Credit Card,34200
2024-11-26,Monitor D,Electronics,2554000,1,C1361,Surabaya,0,Bank Transfer,2554000
2024-11-26,Monitor D,Electronics,2595000,5,C0539,Surabaya,5,Credit Card,12326250
2024-11-26,Shoes E,Fashion,594000,1,C1397,Jakarta,0,COD,594000
2024-11-26,Shoes E,Fashion,630000,2,C2216,Solo,0,COD,1260000
2024-11-26,Monitor D,Electronics,2371000,1,C1311,Malang,15,Bank Transfer,2015350
2024-11-27,Shoes E,Fashion,652000,2,C2474,Semarang,0,E-Wallet,1304000
2024-11-27,Monitor D,Electronics,2419000,2,C0394,Malang,20,E-Wallet,3870400
2024-11-27,Laptop A,Electronics,8253000,5,C1913,Jakarta,20,Bank Transfer,33012000
2024-11-27,T-Shirt G,Fashion,238000,1,C0155,Jakarta,5,E-Wallet,226100
2024-11-27,Tea K,Food,51000,2,C1525,Surabaya,10,COD,91800
2024-11-27,Tea K,Food,50000,5,C1736,Jakarta,15,E-Wallet,212500
2024-11-27,Headphone C,Electronics,717000,5,C1223,Jakarta,10,Credit Card,3226500
2024-11-27,Chocolate L,Food,58000,1,C1658,Semarang,5,E-Wallet,55100
2024-11-28,Coffee I,Food,75000,2,C0939,Jakarta,0,COD,150000
2024-11-28,Laptop A,Electronics,8332000,1,C0463,Surabaya,10,COD,7498800
2024-11-28,Shoes E,Fashion,643000,1,C0605,Jakarta,0,COD,643000
2024-11-28,Chair N,Home,891000,2,C2194,Jakarta,10,Bank Transfer,1603800
2024-11-28,Monitor D,Electronics,2322000,2,C1885,Jakarta,15,E-Wallet,3947400
2024-11-28,Snack J,Food,36000,2,C0110,Semarang,20,E-Wallet,57600
2024-11-28,Coffee I,Food,72000,1,C1799,Jakarta,5,E-Wallet,68400
2024-11-28,Tea K,Food,49000,2,C1966,Jakarta,20,Bank Transfer,78400
2024-11-28,Smartphone B,Electronics,5460000,2,C1766,Jakarta,10,Bank Transfer,9828000
2024-11-28,Monitor D,Electronics,2399000,4,C0777,Semarang,0,E-Wallet,9596000
2024-11-28,Lamp M,Home,291000,1,C1952,Semarang,0,Credit Card,291000
2024-11-28,Chocolate L,Food,62000,1,C2398,Bandung,10,E-Wallet,55800
2024-11-28,Coffee I,Food,71000,1,C0309,Jakarta,5,COD,67450
2024-11-28,T-Shirt G,Fashion,239000,1,C1853,Malang,5,Credit Card,227050
2024-11-28,Snack J,Food,35000,1,C0992,Solo,5,COD,33250
2024-11-28,Laptop A,Electronics,7977000,2,C1477,Jakarta,20,COD,12763200
2024-11-28,Lamp M,Home,295000,4,C0482,Jakarta,10,E-Wallet,1062000
2024-11-29,T-Shirt G,Fashion,251000,2,C1966,Bandung,0,Credit Card,502000
2024-11-29,Pillow P,Home,184000,1,C0686,Semarang,5,E-Wallet,174800
2024-11-29,Jacket F,Fashion,547000,4,C0115,Bandung,10,Bank Transfer,1969200
2024-11-29,Chocolate L,Food,59000,5,C0737,Semarang,10,COD,265500
2024-11-29,Tea K,Food,48000,2,C1205,Semarang,10,E-Wallet,86400
2024-11-29,Laptop A,Electronics,8489000,1,C2371,Malang,0,Bank Transfer,8489000
2024-11-29,Chair N,Home,887000,1,C0123,Jakarta,10,Bank Transfer,798300
2024-11-29,Smartphone B,Electronics,5255000,1,C1567,Yogyakarta,5,Credit Card,4992250
2024-11-29,Bag H,Fashion,462000,1,C0411,Jakarta,15,Credit Card,392700
2024-11-29,Shoes E,Fashion,639000,4,C2313,Semarang,0,Bank Transfer,2556000
2024-11-29,Tea K,Food,47000,1,C1457,Jakarta,0,Credit Card,47000
2024-11-29,Lamp M,Home,286000,1,C2451,Yogyakarta,0,E-Wallet,286000
2024-11-29,Lamp M,Home,304000,2,C1456,Semarang,15,Credit Card,516800
2024-11-29,Jacket F,Fashion,563000,1,C1469,Yogyakarta,15,E-Wallet,478550
2024-11-29,Chocolate L,Food,61000,4,C1084,Malang,0,COD,244000
2024-11-29,Chocolate L,Food,60000,2,C1686,Yogyakarta,5,E-Wallet,114000
2024-11-29,Pillow P,Home,191000,6,C0267,Solo,0,E-Wallet,1146000
2024-11-30,Shoes E,Fashion,694000,2,C0467,Bandung,15,E-Wallet,1179800
2024-11-30,Snack J,Food,35000,1,C0594,Jakarta,15,E-Wallet,29750
2024-11-30,Laptop A,Electronics,8423000,2,C1762,Semarang,10,Credit Card,15161400
2024-11-30,Pillow P,Home,178000,2,C2218,Surabaya,0,Bank Transfer,356000
2024-11-30,Monitor D,Electronics,2528000,1,C1579,Malang,15,E-Wallet,2148800
2024-11-30,Shoes E,Fashion,653000,1,C1819,Solo,0,Bank Transfer,653000
2024-11-30,Bag H,Fashion,452000,2,C2001,Yogyakarta,0,Credit Card,904000
2024-11-30,Monitor D,Electronics,2511000,4,C1686,Jakarta,10,Credit Card,9039600
2024-11-30,T-Shirt G,Fashion,254000,5,C0419,Semarang,10,Bank Transfer,1143000
2024-11-30,Monitor D,Electronics,2410000,1,C0298,Jakarta,5,E-Wallet,2289500
2024-11-30,Laptop A,Electronics,8638000,1,C2016,Surabaya,5,E-Wallet,8206100
2024-11-30,Chair N,Home,850000,1,C1814,Yogyakarta,5,E-Wallet,807500
2024-11-30,T-Shirt G,Fashion,249000,2,C0911,Semarang,5,Bank Transfer,473100
2024-11-30,Monitor D,Electronics,2499000,1,C0833,Jakarta,10,E-Wallet,2249100
2024-11-30,Tea K,Food,51000,1,C1755,Semarang,10,E-Wallet,45900
2024-11-30,Monitor D,Electronics,2470000,5,C0256,Solo,10,Credit Card,11115000
2024-11-30,Chocolate L,Food,59000,1,C0273,Yogyakarta,5,E-Wallet,56050
2024-11-30,Lamp M,Home,295000,1,C1164,Semarang,0,Credit Card,295000
2024-12-01,Monitor D,Electronics,2342000,1,C2403,Surabaya,5,Credit Card,2224900
2024-12-01,Lamp M,Home,289000,2,C0119,Jakarta,15,E-Wallet,491300
2024-12-01,Pillow P,Home,170000,1,C1982,Surabaya,5,E-Wallet,161500
2024-12-01,Bag H,Fashion,435000,4,C0950,Jakarta,0,E-Wallet,1740000
2024-12-01,Monitor D,Electronics,2411000,2,C2375,Bandung,10,Bank Transfer,4339800
2024-12-01,Monitor D,Electronics,2534000,1,C1222,Yogyakarta,10,Credit Card,2280600
2024-12-01,Smartphone B,Electronics,4694000,4,C1662,Surabaya,10,COD,16898400
2024-12-01,Coffee I,Food,78000,2,C1366,Bandung,0,Credit Card,156000
2024-12-01,Bag H,Fashion,461000,2,C0509,Jakarta,5,Bank Transfer,875900
2024-12-01,Jacket F,Fashion,545000,1,C2250,Jakarta,10,Credit Card,490500
2024-12-01,T-Shirt G,Fashion,253000,1,C0985,Bandung,0,E-Wallet,253000
2024-12-01,Smartphone B,Electronics,5030000,2,C0169,Malang,5,E-Wallet,9557000
2024-12-01,Bag H,Fashion,439000,2,C1947,Jakarta,5,Bank Transfer,834100
2024-12-01,Pillow P,Home,174000,1,C1738,Semarang,0,Bank Transfer,174000
2024-12-01,Bag H,Fashion,452000,4,C1488,Bandung,5,Bank Transfer,1717600
2024-12-01,Laptop A,Electronics,8428000,2,C1450,Yogyakarta,0,Credit Card,16856000
2024-12-01,Monitor D,Electronics,2693000,1,C1823,Jakarta,5,Credit Card,2558350
2024-12-01,Laptop A,Electronics,8975000,1,C0081,Yogyakarta,0,E-Wallet,8975000
2024-12-01,Jacket F,Fashion,589000,2,C0064,Jakarta,10,Credit Card,1060200
2024-12-01,Pillow P,Home,187000,4,C2207,Surabaya,5,Credit Card,710600
2024-12-01,Table O,Home,1470000,1,C0905,Jakarta,15,E-Wallet,1249500
2024-12-02,Smartphone B,Electronics,5099000,1,C1208,Jakarta,0,COD,5099000
2024-12-02,Table O,Home,1559000,2,C1656,Jakarta,10,Credit Card,2806200
2024-12-02,Pillow P,Home,178000,1,C1198,Bandung,10,Credit Card,160200
2024-12-02,Coffee I,Food,72000,1,C0438,Jakarta,10,E-Wallet,64800
2024-12-02,Monitor D,Electronics,2701000,5,C0059,Jakarta,5,Bank Transfer,12829750
2024-12-02,Lamp M,Home,310000,1,C2388,Bandung,0,E-Wallet,310000
2024-12-02,Tea K,Food,50000,2,C1687,Semarang,10,Bank Transfer,90000
2024-12-02,Pillow P,Home,178000,2,C0503,Semarang,5,Credit Card,338200
2024-12-02,Shoes E,Fashion,601000,6,C1826,Bandung,10,Bank Transfer,3245400
2024-12-02,Pillow P,Home,165000,2,C1700,Malang,10,E-Wallet,297000
2024-12-02,T-Shirt G,Fashion,253000,1,C0175,Bandung,5,Bank Transfer,240350
2024-12-02,Snack J,Food,36000,5,C1273,Surabaya,0,Credit Card,180000
2024-12-02,Bag H,Fashion,427000,6,C0454,Surabaya,0,E-Wallet,2562000
2024-12-03,Laptop A,Electronics,8700000,1,C0519,Bandung,10,Credit Card,7830000
2024-12-03,Shoes E,Fashion,644000,1,C0406,Semarang,15,COD,547400
2024-12-03,Table O,Home,1577000,1,C0577,Surabaya,15,Bank Transfer,1340450
2024-12-03,T-Shirt G,Fashion,246000,2,C1248,Surabaya,0,Bank Transfer,492000
2024-12-03,Pillow P,Home,173000,1,C1148,Jakarta,10,Bank Transfer,155700
2024-12-03,Tea K,Food,52000,1,C1924,Solo,5,E-Wallet,49400
2024-12-03,Smartphone B,Electronics,4971000,1,C1944,Jakarta,5,Bank Transfer,4722450
2024-12-03,Chocolate L,Food,57000,1,C1590,Jakarta,0,Bank Transfer,57000
2024-12-03,Jacket F,Fashion,559000,2,C1871,Surabaya,0,E-Wallet,1118000
2024-12-03,Lamp M,Home,326000,1,C0800,Malang,15,E-Wallet,277100
2024-12-03,Laptop A,Electronics,8577000,2,C0040,Bandung,0,E-Wallet,17154000
2024-12-03,Shoes E,Fashion,618000,2,C2277,Bandung,0,Credit Card,1236000
2024-12-03,Lamp M,Home,299000,1,C1393,Malang,0,E-Wallet,299000
2024-12-03,Table O,Home,1590000,6,C0385,Solo,10,COD,8586000
2024-12-03,Jacket F,Fashion,571000,2,C1499,Surabaya,15,Credit Card,970700
2024-12-03,Smartphone B,Electronics,5249000,4,C0075,Yogyakarta,15,E-Wallet,17846600
2024-12-03,Laptop A,Electronics,8924000,1,C2191,Bandung,0,Credit Card,8924000
2024-12-03,Snack J,Food,35000,1,C1405,Jakarta,10,E-Wallet,31500
2024-12-03,Coffee I,Food,72000,1,C1852,Bandung,0,COD,72000
2024-12-03,Monitor D,Electronics,2602000,4,C0627,Jakarta,5,COD,9887600
2024-12-03,Smartphone B,Electronics,5225000,2,C2197,Yogyakarta,10,Bank Transfer,9405000
2024-12-03,Chocolate L,Food,61000,5,C0058,Surabaya,5,Bank Transfer,289750
2024-12-03,T-Shirt G,Fashion,242000,1,C1198,Bandung,0,Credit Card,242000
2024-12-04,Jacket F,Fashion,555000,4,C1622,Yogyakarta,10,COD,1998000
2024-12-04,T-Shirt G,Fashion,262000,6,C2076,Semarang,10,Bank Transfer,1414800
2024-12-04,Pillow P,Home,189000,5,C0518,Malang,10,Credit Card,850500
2024-12-04,Laptop A,Electronics,8633000,2,C1136,Bandung,15,Credit Card,14676100
2024-12-04,Tea K,Food,48000,1,C1697,Jakarta,10,E-Wallet,43200
2024-12-04,Chair N,Home,874000,2,C1609,Malang,10,Bank Transfer,1573200
2024-12-04,Pillow P,Home,180000,2,C1452,Jakarta,0,Bank Transfer,360000
2024-12-04,Coffee I,Food,77000,2,C1682,Jakarta,10,E-Wallet,138600
2024-12-04,Tea K,Food,52000,2,C0546,Semarang,5,Bank Transfer,98800
2024-12-04,Smartphone B,Electronics,5456000,4,C0892,Semarang,5,E-Wallet,20732800
2024-12-04,Lamp M,Home,328000,1,C0563,Jakarta,0,E-Wallet,328000
2024-12-04,Shoes E,Fashion,656000,1,C0088,Jakarta,0,E-Wallet,656000
2024-12-04,Table O,Home,1421000,2,C1468,Bandung,0,Bank Transfer,2842000
2024-12-04,Shoes E,Fashion,652000,2,C0353,Malang,10,E-Wallet,1173600
2024-12-04,Pillow P,Home,183000,1,C1636,Yogyakarta,10,E-Wallet,164700
2024-12-05,Smartphone B,Electronics,4761000,6,C1117,Surabaya,5,Bank Transfer,27137700
2024-12-05,Lamp M,Home,306000,1,C2133,Surabaya,0,E-Wallet,306000
2024-12-05,Headphone C,Electronics,717000,4,C1453,Semarang,0,E-Wallet,2868000
2024-12-05,Chair N,Home,926000,1,C0620,Yogyakarta,15,COD,787100
2024-12-05,Smartphone B,Electronics,5075000,2,C1544,Yogyakarta,20,Credit Card,8120000
2024-12-05,Pillow P,Home,175000,4,C1337,Jakarta,0,E-Wallet,700000
2024-12-05,Monitor D,Electronics,2487000,4,C0962,Bandung,10,Bank Transfer,8953200
2024-12-05,Chocolate L,Food,61000,1,C0081,Yogyakarta,5,Bank Transfer,57950
2024-12-05,Lamp M,Home,293000,2,C0373,Yogyakarta,20,Credit Card,468800
2024-12-05,Chair N,Home,876000,1,C1848,Yogyakarta,5,Credit Card,832200
2024-12-05,Jacket F,Fashion,580000,2,C2038,Jakarta,15,Credit Card,986000
2024-12-05,Chair N,Home,868000,5,C0334,Yogyakarta,5,Credit Card,4123000
2024-12-05,Smartphone B,Electronics,5148000,1,C0163,Yogyakarta,5,E-Wallet,4890600
2024-12-05,Table O,Home,1482000,2,C1688,Jakarta,0,Bank Transfer,2964000
2024-12-05,Laptop A,Electronics,8234000,1,C1203,Yogyakarta,15,E-Wallet,6998900
2024-12-06,Snack J,Food,32000,1,C0071,Jakarta,0,Bank Transfer,32000
2024-12-06,Smartphone B,Electronics,5317000,2,C0158,Bandung,15,Credit Card,9038900
2024-12-06,Chair N,Home,879000,2,C0681,Solo,5,Bank Transfer,1670100
2024-12-06,Monitor D,Electronics,2460000,2,C1168,Jakarta,0,Bank Transfer,4920000
2024-12-06,Lamp M,Home,306000,1,C2114,Bandung,0,COD,306000
2024-12-06,Snack J,Food,32000,1,C1488,Surabaya,15,Credit Card,27200
2024-12-06,T-Shirt G,Fashion,241000,5,C0660,Bandung,0,Credit Card,1205000
2024-12-06,Coffee I,Food,77000,1,C0989,Jakarta,10,E-Wallet,69300
2024-12-06,Snack J,Food,36000,2,C0628,Jakarta,5,Bank Transfer,68400
2024-12-06,Bag H,Fashion,472000,2,C1864,Surabaya,10,E-Wallet,849600
2024-12-06,Coffee I,Food,72000,4,C0609,Jakarta,0,Bank Transfer,288000
2024-12-06,Headphone C,Electronics,744000,1,C1317,Surabaya,0,Bank Transfer,744000
2024-12-06,Laptop A,Electronics,8472000,2,C1684,Yogyakarta,5,COD,16096800
2024-12-06,Table O,Home,1466000,2,C0938,Surabaya,10,Bank Transfer,2638800
2024-12-06,Monitor D,Electronics,2500000,2,C2155,Yogyakarta,0,Credit Card,5000000
2024-12-06,Bag H,Fashion,453000,2,C0263,Bandung,0,E-Wallet,906000
2024-12-06,Bag H,Fashion,463000,5,C0551,Surabaya,20,Credit Card,1852000
2024-12-06,Pillow P,Home,178000,2,C2078,Solo,10,Credit Card,320400
2024-12-06,Jacket F,Fashion,553000,1,C1869,Jakarta,20,Bank Transfer,442400
2024-12-06,Chocolate L,Food,63000,5,C1541,Surabaya,15,Bank Transfer,267750
2024-12-06,Headphone C,Electronics,735000,1,C1537,Yogyakarta,10,Bank Transfer,661500
2024-12-06,Smartphone B,Electronics,5435000,1,C1716,Jakarta,0,Credit Card,5435000
2024-12-06,Tea K,Food,51000,1,C1395,Semarang,0,E-Wallet,51000
2024-12-06,Shoes E,Fashion,683000,1,C2472,Jakarta,15,Credit Card,580550
2024-12-06,Monitor D,Electronics,2679000,4,C1694,Jakarta,0,Credit Card,10716000
2024-12-07,Smartphone B,Electronics,5005000,4,C1338,Yogyakarta,5,E-Wallet,19019000
2024-12-07,Tea K,Food,50000,2,C0053,Surabaya,0,COD,100000
2024-12-07,Laptop A,Electronics,8367000,2,C1686,Jakarta,10,Bank Transfer,15060600
2024-12-07,T-Shirt G,Fashion,256000,2,C2097,Bandung,5,E-Wallet,486400
2024-12-07,Smartphone B,Electronics,5020000,1,C1369,Surabaya,5,E-Wallet,4769000
2024-12-07,Bag H,Fashion,460000,1,C2451,Malang,0,E-Wallet,460000
2024-12-07,Pillow P,Home,187000,5,C0175,Semarang,5,E-Wallet,888250
2024-12-07,Bag H,Fashion,469000,2,C1372,Jakarta,5,E-Wallet,891100
2024-12-07,Shoes E,Fashion,661000,5,C0975,Bandung,0,Credit Card,3305000
2024-12-07,Bag H,Fashion,476000,4,C2410,Yogyakarta,10,Credit Card,1713600
2024-12-07,Jacket F,Fashion,546000,4,C1200,Bandung,10,Credit Card,1965600
2024-12-07,Chair N,Home,880000,1,C1997,Semarang,20,E-Wallet,704000
2024-12-07,Table O,Home,1564000,6,C1209,Jakarta,10,E-Wallet,8445600
2024-12-07,Lamp M,Home,286000,1,C1039,Solo,0,E-Wallet,286000
2024-12-07,Monitor D,Electronics,2607000,5,C0292,Jakarta,0,COD,13035000
2024-12-07,Headphone C,Electronics,783000,2,C1801,Surabaya,0,E-Wallet,1566000
2024-12-07,Smartphone B,Electronics,4735000,1,C0074,Surabaya,5,Bank Transfer,4498250
2024-12-07,Jacket F,Fashion,574000,1,C0171,Bandung,10,COD,516600
2024-12-07,Table O,Home,1524000,1,C0009,Bandung,0,Bank Transfer,1524000
2024-12-07,Coffee I,Food,75000,2,C2483,Bandung,0,Credit Card,150000
2024-12-07,Monitor D,Electronics,2608000,1,C2411,Jakarta,0,COD,2608000
2024-12-08,Monitor D,Electronics,2560000,1,C2114,Jakarta,5,Credit Card,2432000
2024-12-08,Monitor D,Electronics,2401000,5,C1396,Bandung,0,COD,12005000
2024-12-08,Shoes E,Fashion,693000,5,C1466,Surabaya,0,Bank Transfer,3465000
2024-12-08,Table O,Home,1503000,5,C1670,Semarang,10,E-Wallet,6763500
2024-12-08,Lamp M,Home,294000,1,C1073,Jakarta,15,COD,249900
2024-12-08,Monitor D,Electronics,2352000,2,C0341,Malang,10,Credit Card,4233600
2024-12-08,Jacket F,Fashion,591000,1,C1353,Solo,5,E-Wallet,561450
2024-12-08,Jacket F,Fashion,561000,1,C2454,Yogyakarta,10,E-Wallet,504900
2024-12-08,Chocolate L,Food,57000,1,C1773,Bandung,20,Credit Card,45600
2024-12-08,Jacket F,Fashion,530000,2,C1259,Bandung,20,E-Wallet,848000
2024-12-08,Pillow P,Home,179000,1,C0075,Bandung,0,Credit Card,179000
2024-12-08,Table O,Home,1553000,1,C1391,Jakarta,5,E-Wallet,1475350
2024-12-08,Coffee I,Food,78000,2,C0165,Bandung,0,Credit Card,156000
2024-12-08,T-Shirt G,Fashion,263000,5,C1467,Yogyakarta,5,COD,1249250
2024-12-08,T-Shirt G,Fashion,229000,4,C0878,Yogyakarta,10,Credit Card,824400
2024-12-08,Chocolate L,Food,58000,4,C0148,Jakarta,20,E-Wallet,185600
2024-12-08,T-Shirt G,Fashion,249000,1,C2402,Yogyakarta,10,Bank Transfer,224100
2024-12-08,Coffee I,Food,77000,2,C1692,Jakarta,0,Bank Transfer,154000
2024-12-08,Shoes E,Fashion,668000,2,C1215,Jakarta,10,Credit Card,1202400
2024-12-08,Snack J,Food,34000,1,C1859,Bandung,10,Bank Transfer,30600
2024-12-08,Shoes E,Fashion,666000,2,C1872,Bandung,0,COD,1332000
2024-12-09,Bag H,Fashion,444000,2,C1971,Bandung,15,Bank Transfer,754800
2024-12-09,Table O,Home,1497000,4,C2139,Jakarta,5,E-Wallet,5688600
2024-12-09,Coffee I,Food,71000,2,C1367,Jakarta,5,Bank Transfer,134900
2024-12-09,Jacket F,Fashion,553000,2,C2288,Jakarta,10,E-Wallet,995400
2024-12-09,Shoes E,Fashion,685000,1,C0389,Bandung,0,Bank Transfer,685000
2024-12-09,Tea K,Food,50000,2,C1110,Semarang,0,E-Wallet,100000
2024-12-09,Bag H,Fashion,435000,1,C1735,Jakarta,0,Credit Card,435000
2024-12-09,Shoes E,Fashion,661000,1,C1388,Semarang,0,Credit Card,661000
2024-12-09,T-Shirt G,Fashion,257000,1,C2314,Jakarta,10,Bank Transfer,231300
2024-12-09,Shoes E,Fashion,671000,1,C1503,Bandung,0,E-Wallet,671000
2024-12-09,Jacket F,Fashion,548000,4,C1018,Jakarta,10,E-Wallet,1972800
2024-12-10,Chocolate L,Food,61000,1,C0909,Jakarta,10,E-Wallet,54900
2024-12-10,Table O,Home,1533000,2,C0628,Semarang,0,Bank Transfer,3066000
2024-12-10,Headphone C,Electronics,785000,4,C1619,Semarang,0,Bank Transfer,3140000
2024-12-10,T-Shirt G,Fashion,233000,1,C1919,Semarang,0,E-Wallet,233000
2024-12-10,Table O,Home,1427000,2,C0388,Bandung,5,COD,2711300
2024-12-10,Jacket F,Fashion,543000,2,C2387,Jakarta,0,E-Wallet,1086000
2024-12-10,Jacket F,Fashion,519000,1,C0697,Surabaya,15,Credit Card,441150
2024-12-10,Bag H,Fashion,437000,6,C0753,Jakarta,10,COD,2359800
2024-12-10,Headphone C,Electronics,815000,2,C1214,Bandung,15,E-Wallet,1385500
2024-12-10,Smartphone B,Electronics,5017000,2,C0043,Semarang,0,E-Wallet,10034000
2024-12-10,Laptop A,Electronics,8840000,1,C0409,Jakarta,10,Credit Card,7956000
2024-12-10,Bag H,Fashion,473000,2,C1509,Semarang,0,E-Wallet,946000
2024-12-10,T-Shirt G,Fashion,253000,1,C1838,Surabaya,10,Credit Card,227700
2024-12-10,Table O,Home,1489000,4,C2470,Jakarta,5,E-Wallet,5658200
2024-12-10,Laptop A,Electronics,8153000,2,C2106,Semarang,15,Bank Transfer,13860100
2024-12-10,Shoes E,Fashion,681000,4,C0789,Surabaya,10,Bank Transfer,2451600
2024-12-11,Monitor D,Electronics,2505000,1,C1848,Jakarta,0,Credit Card,2505000
2024-12-11,T-Shirt G,Fashion,269000,2,C1646,Semarang,0,E-Wallet,538000
2024-12-11,Lamp M,Home,305000,2,C1293,Jakarta,10,Bank Transfer,549000
2024-12-11,Jacket F,Fashion,539000,1,C2430,Jakarta,15,E-Wallet,458150
2024-12-11,Chocolate L,Food,56000,2,C0523,Bandung,0,COD,112000
2024-12-11,Snack J,Food,37000,1,C1054,Bandung,0,E-Wallet,37000
2024-12-11,Smartphone B,Electronics,5088000,4,C0065,Jakarta,10,Bank Transfer,18316800
2024-12-11,Tea K,Food,54000,2,C1867,Malang,0,Credit Card,108000
2024-12-11,T-Shirt G,Fashion,251000,2,C0950,Bandung,10,E-Wallet,451800
2024-12-11,Chair N,Home,952000,5,C0289,Surabaya,10,Credit Card,4284000
2024-12-11,Bag H,Fashion,463000,5,C1424,Semarang,0,E-Wallet,2315000
2024-12-11,Snack J,Food,33000,1,C1456,Solo,5,E-Wallet,31350
2024-12-11,Pillow P,Home,178000,1,C0126,Malang,10,Bank Transfer,160200
2024-12-11,Chair N,Home,902000,1,C1754,Semarang,20,E-Wallet,721600
2024-12-11,Coffee I,Food,68000,1,C1444,Solo,5,E-Wallet,64600
2024-12-11,Coffee I,Food,75000,5,C0655,Jakarta,5,COD,356250
2024-12-11,Snack J,Food,37000,2,C0564,Jakarta,0,Bank Transfer,74000
2024-12-11,Headphone C,Electronics,716000,2,C0795,Yogyakarta,10,E-Wallet,1288800
2024-12-12,Table O,Home,1351000,2,C0784,Yogyakarta,10,Credit Card,2431800
2024-12-12,Monitor D,Electronics,2658000,2,C0839,Semarang,0,COD,5316000
2024-12-12,Coffee I,Food,83000,1,C0619,Semarang,10,Bank Transfer,74700
2024-12-12,Lamp M,Home,306000,1,C1902,Solo,0,E-Wallet,306000
2024-12-12,Laptop A,Electronics,8350000,4,C2314,Jakarta,0,COD,33400000
2024-12-12,Headphone C,Electronics,788000,2,C0714,Jakarta,5,E-Wallet,1497200
2024-12-12,Bag H,Fashion,446000,5,C1906,Surabaya,5,COD,2118500
2024-12-12,Tea K,Food,47000,2,C1009,Jakarta,15,Credit Card,79900
2024-12-12,T-Shirt G,Fashion,244000,4,C1150,Yogyakarta,0,E-Wallet,976000
2024-12-12,Headphone C,Electronics,795000,1,C2270,Bandung,0,E-Wallet,795000
2024-12-12,Bag H,Fashion,476000,2,C1256,Semarang,10,E-Wallet,856800
2024-12-13,Pillow P,Home,184000,4,C1836,Surabaya,0,Credit Card,736000
2024-12-13,Bag H,Fashion,386000,1,C1227,Jakarta,5,E-Wallet,366700
2024-12-13,Lamp M,Home,289000,2,C1532,Surabaya,0,Credit Card,578000
2024-12-13,Shoes E,Fashion,652000,1,C1494,Bandung,0,E-Wallet,652000
2024-12-13,Table O,Home,1517000,1,C2118,Malang,10,Credit Card,1365300
2024-12-13,Smartphone B,Electronics,5268000,1,C2147,Malang,0,E-Wallet,5268000
2024-12-13,Laptop A,Electronics,8001000,6,C1825,Bandung,10,E-Wallet,43205400
2024-12-13,Table O,Home,1562000,2,C2498,Jakarta,10,E-Wallet,2811600
2024-12-13,Headphone C,Electronics,795000,4,C1883,Surabaya,0,Credit Card,3180000
2024-12-13,T-Shirt G,Fashion,255000,1,C0376,Solo,10,E-Wallet,229500
2024-12-13,Monitor D,Electronics,2467000,5,C2110,Semarang,10,E-Wallet,11101500
2024-12-13,T-Shirt G,Fashion,255000,2,C0336,Surabaya,10,Bank Transfer,459000
2024-12-13,Table O,Home,1472000,4,C0722,Bandung,15,E-Wallet,5004800
2024-12-13,Chair N,Home,830000,1,C1053,Bandung,5,COD,788500
2024-12-13,T-Shirt G,Fashion,252000,1,C2160,Jakarta,0,Credit Card,252000
2024-12-13,Headphone C,Electronics,771000,4,C1974,Malang,10,Bank Transfer,2775600
2024-12-13,Smartphone B,Electronics,5006000,5,C0908,Semarang,0,Bank Transfer,25030000
2024-12-13,Headphone C,Electronics,816000,2,C0919,Yogyakarta,5,COD,1550400
2024-12-13,Tea K,Food,52000,5,C0742,Bandung,15,E-Wallet,221000
2024-12-13,Monitor D,Electronics,2465000,2,C0469,Bandung,0,E-Wallet,4930000
2024-12-13,Bag H,Fashion,458000,2,C0468,Bandung,0,E-Wallet,916000
2024-12-13,Monitor D,Electronics,2528000,1,C1697,Jakarta,10,Bank Transfer,2275200
2024-12-13,Shoes E,Fashion,644000,2,C1902,Bandung,5,E-Wallet,1223600
2024-12-13,Smartphone B,Electronics,4804000,1,C1157,Jakarta,0,Credit Card,4804000
2024-12-13,T-Shirt G,Fashion,238000,2,C0373,Surabaya,15,E-Wallet,404600
2024-12-14,Tea K,Food,49000,4,C2004,Malang,0,E-Wallet,196000
2024-12-14,Laptop A,Electronics,8695000,4,C0227,Surabaya,0,Credit Card,34780000
2024-12-14,Chocolate L,Food,59000,4,C2418,Jakarta,15,Bank Transfer,200600
2024-12-14,Pillow P,Home,180000,1,C1596,Malang,15,Credit Card,153000
2024-12-14,Monitor D,Electronics,2608000,5,C0969,Surabaya,10,E-Wallet,11736000
2024-12-14,T-Shirt G,Fashion,255000,1,C0920,Jakarta,5,Bank Transfer,242250
2024-12-14,Laptop A,Electronics,9073000,1,C1716,Bandung,0,E-Wallet,9073000
2024-12-14,Pillow P,Home,187000,4,C1364,Semarang,0,E-Wallet,748000
2024-12-14,Snack J,Food,35000,4,C1667,Malang,5,E-Wallet,133000
2024-12-14,Tea K,Food,47000,1,C1687,Semarang,5,Bank Transfer,44650
2024-12-15,Jacket F,Fashion,521000,4,C0723,Bandung,15,Bank Transfer,1771400
2024-12-15,Coffee I,Food,73000,6,C0171,Jakarta,0,E-Wallet,438000
2024-12-15,Bag H,Fashion,441000,4,C2488,Bandung,5,Bank Transfer,1675800
2024-12-15,Monitor D,Electronics,2562000,1,C1820,Jakarta,0,E-Wallet,2562000
2024-12-15,Smartphone B,Electronics,4826000,1,C2353,Malang,20,Credit Card,3860800
2024-12-15,Shoes E,Fashion,642000,2,C2178,Semarang,5,E-Wallet,1219800
2024-12-15,Snack J,Food,34000,5,C2455,Semarang,10,E-Wallet,153000
2024-12-15,T-Shirt G,Fashion,254000,2,C0971,Bandung,10,E-Wallet,457200
2024-12-15,Chocolate L,Food,55000,2,C2113,Bandung,15,COD,93500
2024-12-15,Jacket F,Fashion,531000,1,C0241,Surabaya,20,Credit Card,424800
2024-12-15,Headphone C,Electronics,697000,2,C0032,Jakarta,0,Credit Card,1394000
2024-12-16,Headphone C,Electronics,757000,1,C2224,Malang,0,COD,757000
2024-12-16,Snack J,Food,35000,4,C2085,Yogyakarta,0,E-Wallet,140000
2024-12-16,Coffee I,Food,76000,2,C0793,Jakarta,5,Credit Card,144400
2024-12-16,Lamp M,Home,293000,4,C1908,Bandung,15,E-Wallet,996200
2024-12-16,Chocolate L,Food,62000,2,C0844,Solo,0,Bank Transfer,124000
2024-12-16,Table O,Home,1593000,2,C0185,Bandung,20,E-Wallet,2548800
2024-12-16,Monitor D,Electronics,2557000,1,C0668,Jakarta,15,E-Wallet,2173450
2024-12-16,Chair N,Home,910000,1,C0039,Solo,20,Credit Card,728000
2024-12-16,Snack J,Food,36000,4,C1800,Jakarta,15,Bank Transfer,122400
2024-12-16,Lamp M,Home,278000,1,C1791,Malang,20,Bank Transfer,222400
2024-12-16,Laptop A,Electronics,8187000,1,C0201,Jakarta,5,COD,7777650
2024-12-16,Snack J,Food,36000,1,C1022,Semarang,0,Bank Transfer,36000
2024-12-16,Snack J,Food,34000,4,C0133,Yogyakarta,0,Bank Transfer,136000
2024-12-16,Lamp M,Home,291000,1,C1848,Malang,10,Credit Card,261900
2024-12-16,Laptop A,Electronics,8484000,5,C1688,Yogyakarta,10,Credit Card,38178000
2024-12-16,Jacket F,Fashion,576000,2,C0405,Bandung,20,Bank Transfer,921600
2024-12-16,Shoes E,Fashion,634000,6,C2232,Bandung,20,E-Wallet,3043200
2024-12-16,Chocolate L,Food,58000,1,C2061,Solo,5,E-Wallet,55100
2024-12-17,Pillow P,Home,175000,2,C0844,Surabaya,0,Credit Card,350000
2024-12-17,Monitor D,Electronics,2575000,1,C0716,Yogyakarta,0,Bank Transfer,2575000
2024-12-17,Snack J,Food,35000,1,C2016,Surabaya,15,Credit Card,29750
2024-12-17,Chair N,Home,897000,1,C2122,Semarang,0,COD,897000
2024-12-17,Smartphone B,Electronics,5049000,5,C2273,Semarang,10,COD,22720500
2024-12-17,T-Shirt G,Fashion,259000,2,C0645,Jakarta,0,E-Wallet,518000
2024-12-17,Laptop A,Electronics,8482000,1,C1132,Solo,10,Bank Transfer,7633800
2024-12-17,Shoes E,Fashion,693000,1,C0636,Jakarta,0,E-Wallet,693000
2024-12-17,Laptop A,Electronics,8872000,1,C0405,Semarang,10,Credit Card,7984800
2024-12-17,Laptop A,Electronics,8836000,1,C0517,Jakarta,0,Credit Card,8836000
2024-12-17,T-Shirt G,Fashion,267000,2,C2329,Jakarta,10,Credit Card,480600
2024-12-17,Chocolate L,Food,62000,4,C1359,Bandung,5,E-Wallet,235600
2024-12-17,Smartphone B,Electronics,5018000,4,C1873,Surabaya,10,Credit Card,18064800
2024-12-17,Chair N,Home,939000,1,C0268,Malang,0,E-Wallet,939000
2024-12-17,T-Shirt G,Fashion,282000,1,C0544,Jakarta,20,Bank Transfer,225600
2024-12-17,Jacket F,Fashion,536000,2,C2088,Jakarta,0,Bank Transfer,1072000
2024-12-18,T-Shirt G,Fashion,246000,5,C1108,Malang,0,Credit Card,1230000
2024-12-18,Pillow P,Home,183000,4,C1770,Jakarta,0,Credit Card,732000
2024-12-18,Shoes E,Fashion,634000,1,C0623,Surabaya,10,COD,570600
2024-12-18,T-Shirt G,Fashion,253000,1,C2161,Malang,5,Bank Transfer,240350
2024-12-18,Headphone C,Electronics,758000,4,C2346,Yogyakarta,0,Bank Transfer,3032000
2024-12-18,Laptop A,Electronics,8363000,5,C1603,Semarang,0,Credit Card,41815000
2024-12-18,Monitor D,Electronics,2548000,1,C1829,Semarang,15,Bank Transfer,2165800
2024-12-18,T-Shirt G,Fashion,245000,2,C1935,Surabaya,0,Bank Transfer,490000
2024-12-18,Chocolate L,Food,63000,6,C0061,Jakarta,0,E-Wallet,378000
2024-12-18,Shoes E,Fashion,645000,1,C1442,Bandung,10,E-Wallet,580500
2024-12-18,Coffee I,Food,73000,1,C0675,Bandung,10,E-Wallet,65700
2024-12-18,Headphone C,Electronics,751000,1,C1091,Semarang,0,COD,751000
2024-12-18,Smartphone B,Electronics,5232000,2,C2204,Semarang,5,COD,9940800
2024-12-18,Shoes E,Fashion,658000,2,C0169,Yogyakarta,15,E-Wallet,1118600
2024-12-18,Snack J,Food,34000,1,C2158,Jakarta,5,Credit Card,32300
2024-12-18,Chair N,Home,918000,1,C1345,Semarang,10,Credit Card,826200
2024-12-18,Jacket F,Fashion,547000,1,C0618,Malang,0,E-Wallet,547000
2024-12-18,Bag H,Fashion,421000,1,C1985,Jakarta,0,Credit Card,421000
2024-12-18,Jacket F,Fashion,545000,1,C0471,Jakarta,10,Credit Card,490500
2024-12-18,Coffee I,Food,75000,1,C1809,Surabaya,0,E-Wallet,75000
2024-12-19,Table O,Home,1622000,1,C0538,Jakarta,10,E-Wallet,1459800
2024-12-19,Bag H,Fashion,485000,1,C1772,Bandung,10,E-Wallet,436500
2024-12-19,Jacket F,Fashion,556000,4,C0546,Yogyakarta,10,E-Wallet,2001600
2024-12-19,Shoes E,Fashion,660000,1,C1060,Yogyakarta,0,E-Wallet,660000
2024-12-19,Monitor D,Electronics,2386000,6,C0612,Malang,15,E-Wallet,12168600
2024-12-19,Smartphone B,Electronics,5192000,2,C2169,Jakarta,15,E-Wallet,8826400
2024-12-19,Laptop A,Electronics,8666000,1,C1070,Jakarta,5,COD,8232700
2024-12-19,Shoes E,Fashion,639000,2,C0298,Solo,15,E-Wallet,1086300
2024-12-19,Bag H,Fashion,444000,4,C0202,Yogyakarta,10,COD,1598400
2024-12-19,Monitor D,Electronics,2553000,1,C0385,Semarang,15,Credit Card,2170050
2024-12-19,Bag H,Fashion,426000,4,C2162,Solo,10,E-Wallet,1533600
2024-12-19,Table O,Home,1399000,2,C1475,Malang,15,Credit Card,2378300
2024-12-19,Snack J,Food,35000,1,C0460,Yogyakarta,5,Bank Transfer,33250
2024-12-19,Pillow P,Home,180000,4,C0061,Surabaya,15,E-Wallet,612000
2024-12-19,Lamp M,Home,297000,5,C1156,Semarang,0,E-Wallet,1485000
2024-12-19,Bag H,Fashion,423000,4,C2242,Jakarta,5,COD,1607400
2024-12-20,Table O,Home,1594000,2,C1316,Surabaya,20,Credit Card,2550400
2024-12-20,Lamp M,Home,293000,2,C2457,Jakarta,10,Credit Card,527400
2024-12-20,Chocolate L,Food,62000,4,C0532,Surabaya,0,E-Wallet,248000
2024-12-20,Headphone C,Electronics,781000,4,C1933,Jakarta,5,Credit Card,2967800
2024-12-20,Lamp M,Home,286000,2,C1903,Malang,10,COD,514800
2024-12-20,Headphone C,Electronics,689000,1,C1473,Jakarta,0,Credit Card,689000
2024-12-20,Shoes E,Fashion,660000,1,C2204,Bandung,0,Credit Card,660000
2024-12-20,Chair N,Home,881000,2,C0808,Jakarta,20,Bank Transfer,1409600
2024-12-20,Shoes E,Fashion,682000,1,C2190,Semarang,0,Bank Transfer,682000
2024-12-20,Table O,Home,1476000,1,C2422,Malang,0,Credit Card,1476000
2024-12-20,Snack J,Food,35000,2,C0617,Bandung,5,Credit Card,66500
2024-12-20,Monitor D,Electronics,2413000,4,C0274,Jakarta,0,COD,9652000
2024-12-20,Monitor D,Electronics,2454000,2,C0312,Solo,10,Bank Transfer,4417200
2024-12-20,Snack J,Food,36000,1,C1621,Jakarta,0,Bank Transfer,36000
2024-12-20,Headphone C,Electronics,733000,1,C1804,Bandung,0,E-Wallet,733000
2024-12-20,Chocolate L,Food,56000,4,C1466,Semarang,10,E-Wallet,201600
2024-12-20,Snack J,Food,37000,1,C1898,Solo,5,Credit Card,35150
2024-12-20,Chair N,Home,887000,1,C0773,Surabaya,10,E-Wallet,798300
2024-12-20,Chair N,Home,878000,4,C1104,Bandung,10,E-Wallet,3160800
2024-12-20,Headphone C,Electronics,746000,2,C1698,Semarang,15,E-Wallet,1268200
2024-12-21,Lamp M,Home,305000,1,C2338,Yogyakarta,15,COD,259250
2024-12-21,Jacket F,Fashion,542000,5,C1579,Bandung,10,Bank Transfer,2439000
2024-12-21,Snack J,Food,37000,4,C1997,Surabaya,15,COD,125800
2024-12-21,Monitor D,Electronics,2358000,1,C1724,Surabaya,15,E-Wallet,2004300
2024-12-21,Pillow P,Home,178000,1,C0024,Malang,5,Credit Card,169100
2024-12-21,Pillow P,Home,193000,2,C0084,Jakarta,15,E-Wallet,328100
2024-12-21,Headphone C,Electronics,755000,1,C2185,Bandung,15,Bank Transfer,641750
2024-12-21,Monitor D,Electronics,2505000,2,C0092,Surabaya,0,Bank Transfer,5010000
2024-12-22,Bag H,Fashion,464000,2,C1711,Bandung,15,COD,788800
2024-12-22,Smartphone B,Electronics,4674000,4,C2125,Surabaya,15,Bank Transfer,15891600
2024-12-22,Lamp M,Home,297000,1,C1261,Yogyakarta,10,COD,267300
2024-12-22,Chair N,Home,919000,2,C2175,Surabaya,15,E-Wallet,1562300
2024-12-22,Laptop A,Electronics,8292000,1,C2045,Surabaya,5,E-Wallet,7877400
2024-12-22,Snack J,Food,35000,2,C2335,Malang,0,E-Wallet,70000
2024-12-22,Table O,Home,1403000,4,C2153,Malang,15,Bank Transfer,4770200
2024-12-22,Laptop A,Electronics,8191000,1,C0628,Yogyakarta,5,Credit Card,7781450
2024-12-22,Chocolate L,Food,59000,2,C0028,Bandung,15,Credit Card,100300
2024-12-22,Coffee I,Food,81000,1,C1724,Bandung,0,E-Wallet,81000
2024-12-22,Bag H,Fashion,410000,1,C1069,Semarang,0,E-Wallet,410000
2024-12-22,Monitor D,Electronics,2579000,5,C1010,Malang,15,Bank Transfer,10960750
2024-12-22,Headphone C,Electronics,786000,1,C1163,Jakarta,5,Bank Transfer,746700
2024-12-22,Laptop A,Electronics,8404000,1,C1034,Malang,15,COD,7143400
2024-12-22,Snack J,Food,34000,1,C2290,Jakarta,15,E-Wallet,28900
2024-12-22,T-Shirt G,Fashion,242000,6,C1488,Jakarta,0,Credit Card,1452000
2024-12-22,Jacket F,Fashion,508000,2,C2095,Jakarta,15,Credit Card,863600
2024-12-22,Coffee I,Food,72000,5,C1718,Bandung,15,Bank Transfer,306000
2024-12-22,Coffee I,Food,74000,1,C1226,Jakarta,0,E-Wallet,74000
2024-12-23,Smartphone B,Electronics,5080000,6,C1428,Bandung,0,Bank Transfer,30480000
2024-12-23,Coffee I,Food,74000,4,C1596,Jakarta,0,COD,296000
2024-12-23,Monitor D,Electronics,2347000,5,C2101,Bandung,5,Credit Card,11148250
2024-12-23,Bag H,Fashion,455000,1,C0648,Surabaya,10,Credit Card,409500
2024-12-23,Coffee I,Food,79000,1,C1314,Jakarta,0,E-Wallet,79000
2024-12-23,Smartphone B,Electronics,5146000,6,C1258,Surabaya,0,COD,30876000
2024-12-23,T-Shirt G,Fashion,248000,2,C1338,Solo,5,E-Wallet,471200
2024-12-23,Headphone C,Electronics,770000,2,C2204,Semarang,10,E-Wallet,1386000
2024-12-23,Headphone C,Electronics,806000,2,C0643,Jakarta,15,Credit Card,1370200
2024-12-23,Chocolate L,Food,58000,1,C2278,Bandung,5,COD,55100
2024-12-23,Chocolate L,Food,57000,2,C1782,Jakarta,10,COD,102600
2024-12-23,T-Shirt G,Fashion,251000,6,C0495,Bandung,0,Credit Card,1506000
2024-12-23,Jacket F,Fashion,544000,4,C1084,Bandung,10,Bank Transfer,1958400
2024-12-23,Coffee I,Food,75000,2,C0413,Surabaya,0,COD,150000
2024-12-23,Headphone C,Electronics,690000,2,C0687,Semarang,0,Credit Card,1380000
2024-12-23,Bag H,Fashion,467000,4,C0304,Malang,20,Credit Card,1494400
2024-12-23,Table O,Home,1553000,1,C0360,Surabaya,15,Bank Transfer,1320050
2024-12-24,Laptop A,Electronics,7972000,6,C0318,Jakarta,10,Bank Transfer,43048800
2024-12-24,Bag H,Fashion,468000,1,C1920,Surabaya,5,Bank Transfer,444600
2024-12-24,Tea K,Food,51000,1,C0627,Yogyakarta,5,Bank Transfer,48450
2024-12-24,Bag H,Fashion,451000,1,C0048,Solo,0,Bank Transfer,451000
2024-12-24,Shoes E,Fashion,639000,1,C1352,Yogyakarta,0,E-Wallet,639000
2024-12-24,Monitor D,Electronics,2439000,1,C1754,Surabaya,20,E-Wallet,1951200
2024-12-24,Jacket F,Fashion,544000,2,C0162,Surabaya,5,Bank Transfer,1033600
2024-12-24,Monitor D,Electronics,2464000,2,C1185,Surabaya,10,Bank Transfer,4435200
2024-12-24,Headphone C,Electronics,794000,1,C0402,Surabaya,5,COD,754300
2024-12-24,Headphone C,Electronics,670000,4,C0079,Jakarta,0,E-Wallet,2680000
2024-12-24,T-Shirt G,Fashion,256000,6,C2146,Yogyakarta,10,Bank Transfer,1382400
2024-12-24,Chocolate L,Food,60000,2,C1600,Surabaya,0,Credit Card,120000
2024-12-24,Snack J,Food,35000,4,C0828,Surabaya,0,COD,140000
2024-12-24,T-Shirt G,Fashion,246000,2,C1291,Semarang,10,Credit Card,442800
2024-12-24,Chocolate L,Food,64000,1,C2301,Jakarta,0,Credit Card,64000
2024-12-24,Laptop A,Electronics,8743000,1,C1015,Surabaya,10,Credit Card,7868700
2024-12-24,Bag H,Fashion,431000,6,C1315,Surabaya,0,E-Wallet,2586000
2024-12-24,Bag H,Fashion,464000,2,C1389,Surabaya,0,E-Wallet,928000
2024-12-25,Chair N,Home,922000,4,C0777,Surabaya,20,Bank Transfer,2950400
2024-12-25,Lamp M,Home,301000,1,C0920,Surabaya,15,Credit Card,255850
2024-12-25,Jacket F,Fashion,575000,1,C0641,Bandung,0,Credit Card,575000
2024-12-25,Chair N,Home,946000,4,C0820,Bandung,0,COD,3784000
2024-12-25,Smartphone B,Electronics,4979000,4,C0641,Bandung,15,Credit Card,16928600
2024-12-25,Tea K,Food,50000,4,C0918,Jakarta,0,E-Wallet,200000
2024-12-25,Laptop A,Electronics,8597000,1,C1003,Malang,0,Bank Transfer,8597000
2024-12-25,Laptop A,Electronics,8882000,1,C0426,Semarang,15,Bank Transfer,7549700
2024-12-25,Jacket F,Fashion,530000,1,C0911,Bandung,10,COD,477000
2024-12-25,Chocolate L,Food,60000,4,C0394,Jakarta,15,Bank Transfer,204000
2024-12-25,T-Shirt G,Fashion,255000,1,C1770,Bandung,5,E-Wallet,242250
2024-12-25,Bag H,Fashion,457000,1,C0426,Solo,5,E-Wallet,434150
2024-12-25,T-Shirt G,Fashion,252000,2,C1066,Semarang,20,E-Wallet,403200
2024-12-25,Headphone C,Electronics,757000,2,C1473,Jakarta,5,E-Wallet,1438300
2024-12-25,T-Shirt G,Fashion,257000,1,C0496,Bandung,20,Bank Transfer,205600
2024-12-25,Chocolate L,Food,58000,4,C1274,Malang,10,Credit Card,208800
2024-12-25,Chocolate L,Food,62000,1,C2339,Yogyakarta,5,Bank Transfer,58900
2024-12-25,Shoes E,Fashion,657000,6,C2459,Jakarta,10,Credit Card,3547800
2024-12-25,Monitor D,Electronics,2422000,1,C0538,Yogyakarta,5,Credit Card,2300900
2024-12-25,Snack J,Food,35000,1,C2283,Bandung,10,Bank Transfer,31500
2024-12-25,T-Shirt G,Fashion,249000,1,C0686,Jakarta,10,Credit Card,224100
2024-12-26,Tea K,Food,53000,2,C1449,Jakarta,15,COD,90100
2024-12-26,Coffee I,Food,76000,4,C1685,Bandung,15,E-Wallet,258400
2024-12-26,Headphone C,Electronics,767000,1,C1788,Malang,0,COD,767000
2024-12-26,Laptop A,Electronics,8415000,1,C0835,Jakarta,10,E-Wallet,7573500
2024-12-26,Table O,Home,1592000,1,C0111,Jakarta,0,Credit Card,1592000
2024-12-26,Chocolate L,Food,58000,1,C1909,Malang,0,Bank Transfer,58000
2024-12-26,Headphone C,Electronics,759000,1,C2200,Surabaya,15,Bank Transfer,645150
2024-12-26,Chair N,Home,964000,1,C1721,Solo,20,Bank Transfer,771200
2024-12-26,T-Shirt G,Fashion,252000,2,C1454,Surabaya,0,E-Wallet,504000
2024-12-26,Table O,Home,1454000,2,C2084,Malang,5,Credit Card,2762600
2024-12-26,Jacket F,Fashion,547000,2,C2042,Semarang,10,COD,984600
2024-12-26,Jacket F,Fashion,566000,1,C1101,Bandung,0,Bank Transfer,566000
2024-12-26,Headphone C,Electronics,772000,2,C0530,Surabaya,15,Bank Transfer,1312400
2024-12-26,Laptop A,Electronics,8218000,2,C2092,Bandung,10,COD,14792400
2024-12-26,Chair N,Home,909000,1,C2377,Jakarta,0,Credit Card,909000
2024-12-26,Table O,Home,1554000,1,C2158,Jakarta,10,E-Wallet,1398600
2024-12-26,Snack J,Food,36000,1,C1281,Semarang,0,Credit Card,36000
2024-12-27,Bag H,Fashion,449000,6,C0473,Surabaya,15,Credit Card,2289900
2024-12-27,Coffee I,Food,72000,4,C1478,Yogyakarta,5,COD,273600
2024-12-27,Lamp M,Home,320000,1,C1139,Semarang,5,Credit Card,304000
2024-12-27,Smartphone B,Electronics,5142000,2,C2053,Surabaya,15,Credit Card,8741400
2024-12-27,Jacket F,Fashion,566000,2,C1265,Surabaya,0,E-Wallet,1132000
2024-12-27,Chair N,Home,960000,1,C0293,Surabaya,0,Bank Transfer,960000
2024-12-27,Bag H,Fashion,439000,4,C1793,Surabaya,10,Credit Card,1580400
2024-12-27,Smartphone B,Electronics,5300000,1,C0796,Surabaya,10,E-Wallet,4770000
2024-12-27,Bag H,Fashion,463000,2,C2059,Jakarta,15,E-Wallet,787100
2024-12-27,Shoes E,Fashion,673000,4,C0262,Jakarta,0,E-Wallet,2692000
2024-12-27,Shoes E,Fashion,649000,4,C0692,Solo,5,Bank Transfer,2466200
2024-12-27,Smartphone B,Electronics,5112000,6,C0012,Bandung,0,E-Wallet,30672000
2024-12-27,Bag H,Fashion,466000,1,C1602,Malang,5,Bank Transfer,442700
2024-12-27,Snack J,Food,33000,1,C2063,Jakarta,10,E-Wallet,29700
2024-12-27,Pillow P,Home,168000,5,C0717,Jakarta,20,Credit Card,672000
2024-12-27,Lamp M,Home,317000,2,C1624,Yogyakarta,10,Bank Transfer,570600
2024-12-27,Headphone C,Electronics,803000,4,C2057,Solo,10,E-Wallet,2890800
2024-12-28,Snack J,Food,34000,1,C1582,Semarang,10,Bank Transfer,30600
2024-12-28,Jacket F,Fashion,561000,1,C1512,Surabaya,15,Credit Card,476850
2024-12-28,Snack J,Food,34000,2,C2409,Malang,10,E-Wallet,61200
2024-12-28,Table O,Home,1656000,5,C0551,Malang,10,E-Wallet,7452000
2024-12-28,Chocolate L,Food,55000,1,C0649,Surabaya,10,E-Wallet,49500
2024-12-28,T-Shirt G,Fashion,255000,1,C2293,Yogyakarta,10,E-Wallet,229500
2024-12-28,Bag H,Fashion,457000,2,C1823,Malang,5,Bank Transfer,868300
2024-12-28,Snack J,Food,36000,4,C0694,Surabaya,0,E-Wallet,144000
2024-12-28,Smartphone B,Electronics,5279000,2,C0234,Yogyakarta,0,E-Wallet,10558000
2024-12-28,Pillow P,Home,175000,1,C1894,Malang,10,Credit Card,157500
2024-12-28,Chair N,Home,966000,2,C1093,Jakarta,0,E-Wallet,1932000
2024-12-28,Headphone C,Electronics,741000,1,C0651,Malang,0,COD,741000
2024-12-28,Monitor D,Electronics,2481000,1,C2444,Malang,10,Credit Card,2232900
2024-12-28,Coffee I,Food,72000,1,C2395,Jakarta,5,COD,68400
2024-12-28,Lamp M,Home,319000,1,C2339,Solo,15,Credit Card,271150
2024-12-29,Pillow P,Home,174000,2,C2407,Yogyakarta,0,Bank Transfer,348000
2024-12-29,Laptop A,Electronics,9004000,2,C0641,Bandung,10,E-Wallet,16207200
2024-12-29,Monitor D,Electronics,2448000,1,C0128,Surabaya,5,E-Wallet,2325600
2024-12-29,Snack J,Food,33000,2,C1058,Jakarta,15,Credit Card,56100
2024-12-29,Jacket F,Fashion,543000,4,C0583,Jakarta,0,Bank Transfer,2172000
2024-12-29,Lamp M,Home,304000,2,C1795,Malang,0,Bank Transfer,608000
2024-12-29,Jacket F,Fashion,546000,2,C1083,Jakarta,10,Bank Transfer,982800
2024-12-29,Snack J,Food,34000,1,C1562,Malang,5,Credit Card,32300
2024-12-29,Laptop A,Electronics,7862000,1,C2216,Surabaya,15,E-Wallet,6682700
2024-12-29,Bag H,Fashion,465000,2,C2231,Semarang,0,COD,930000
2024-12-29,Coffee I,Food,78000,5,C0207,Jakarta,0,Credit Card,390000
2024-12-29,Tea K,Food,48000,4,C1462,Bandung,10,E-Wallet,172800
2024-12-29,Laptop A,Electronics,8951000,1,C2490,Semarang,15,E-Wallet,7608350
2024-12-29,Jacket F,Fashion,574000,2,C0527,Surabaya,5,E-Wallet,1090600
2024-12-29,Laptop A,Electronics,9132000,1,C1088,Bandung,20,E-Wallet,7305600
2024-12-29,Smartphone B,Electronics,5096000,6,C0434,Bandung,15,E-Wallet,25989600
2024-12-29,Smartphone B,Electronics,5124000,4,C1359,Surabaya,5,Bank Transfer,19471200
2024-12-29,Coffee I,Food,74000,1,C1827,Yogyakarta,15,Bank Transfer,62900
2024-12-29,Coffee I,Food,77000,1,C2422,Yogyakarta,15,E-Wallet,65450
2024-12-29,Bag H,Fashion,448000,1,C0378,Malang,10,E-Wallet,403200
2024-12-29,Pillow P,Home,183000,1,C1382,Jakarta,15,COD,155550
2024-12-29,Coffee I,Food,75000,1,C0254,Yogyakarta,15,E-Wallet,63750
2024-12-29,Lamp M,Home,275000,1,C0705,Semarang,10,Credit Card,247500
2024-12-30,Jacket F,Fashion,574000,2,C0809,Semarang,0,Credit Card,1148000
2024-12-30,Monitor D,Electronics,2502000,1,C2396,Surabaya,10,Bank Transfer,2251800
2024-12-30,Laptop A,Electronics,8304000,1,C2176,Jakarta,15,Credit Card,7058400
2024-12-30,Pillow P,Home,171000,1,C2135,Malang,0,E-Wallet,171000
2024-12-30,Lamp M,Home,286000,4,C0332,Malang,10,Bank Transfer,1029600
2024-12-30,Smartphone B,Electronics,4965000,2,C1006,Malang,10,Bank Transfer,8937000
2024-12-30,Monitor D,Electronics,2631000,1,C2381,Semarang,0,Bank Transfer,2631000
2024-12-30,Snack J,Food,36000,6,C1804,Malang,0,COD,216000
2024-12-30,Pillow P,Home,174000,5,C1994,Jakarta,10,Bank Transfer,783000
2024-12-30,Bag H,Fashion,480000,1,C0909,Jakarta,0,Bank Transfer,480000
2024-12-30,Snack J,Food,34000,1,C0990,Jakarta,0,E-Wallet,34000
2024-12-30,Monitor D,Electronics,2393000,2,C1157,Jakarta,5,Bank Transfer,4546700
2024-12-30,Chair N,Home,852000,2,C1877,Solo,5,E-Wallet,1618800
2024-12-30,Laptop A,Electronics,8836000,1,C1683,Surabaya,0,Bank Transfer,8836000
2024-12-30,Bag H,Fashion,427000,1,C1310,Yogyakarta,15,Credit Card,362950
2024-12-30,T-Shirt G,Fashion,250000,4,C2083,Bandung,10,E-Wallet,900000
2024-12-30,Pillow P,Home,182000,4,C2050,Jakarta,0,E-Wallet,728000
2024-12-31,Table O,Home,1473000,2,C0197,Yogyakarta,0,E-Wallet,2946000
2024-12-31,Shoes E,Fashion,645000,2,C0660,Malang,5,Bank Transfer,1225500
2024-12-31,T-Shirt G,Fashion,262000,2,C1993,Bandung,0,Bank Transfer,524000
2024-12-31,Headphone C,Electronics,758000,4,C0125,Surabaya,10,E-Wallet,2728800
2024-12-31,Smartphone B,Electronics,4883000,1,C1260,Surabaya,5,Credit Card,4638850
2024-12-31,Shoes E,Fashion,636000,2,C1782,Yogyakarta,10,E-Wallet,1144800
2024-12-31,Jacket F,Fashion,536000,2,C1667,Bandung,10,E-Wallet,964800
2024-12-31,Chocolate L,Food,62000,4,C1244,Jakarta,10,Bank Transfer,223200
2024-12-31,Jacket F,Fashion,569000,1,C0763,Malang,0,E-Wallet,569000
2024-12-31,Chocolate L,Food,58000,2,C0624,Jakarta,0,E-Wallet,116000
2024-12-31,T-Shirt G,Fashion,239000,1,C0146,Semarang,15,E-Wallet,203150
2024-12-31,Jacket F,Fashion,591000,5,C0579,Yogyakarta,10,Bank Transfer,2659500
2024-12-31,Smartphone B,Electronics,4994000,1,C0664,Semarang,15,Credit Card,4244900
2024-12-31,Coffee I,Food,76000,1,C1438,Semarang,0,Bank Transfer,76000
2024-12-31,Headphone C,Electronics,769000,4,C2258,Semarang,10,Bank Transfer,2768400
2024-12-31,Laptop A,Electronics,8504000,1,C0955,Surabaya,0,COD,8504000
2024-12-31,Snack J,Food,33000,5,C0387,Jakarta,10,COD,148500
2024-12-31,Chair N,Home,909000,5,C0254,Semarang,0,E-Wallet,4545000
2024-12-31,Smartphone B,Electronics,5207000,1,C1422,Jakarta,10,Bank Transfer,4686300
2025-01-01,Lamp M,Home,298000,1,C2147,Yogyakarta,0,E-Wallet,298000
2025-01-01,Headphone C,Electronics,729000,2,C1126,Yogyakarta,5,Credit Card,1385100
2025-01-01,Jacket F,Fashion,558000,5,C1976,Jakarta,0,E-Wallet,2790000
2025-01-01,Chair N,Home,914000,2,C1866,Jakarta,5,E-Wallet,1736600
2025-01-01,Tea K,Food,53000,5,C1382,Jakarta,5,E-Wallet,251750
2025-01-01,Chocolate L,Food,61000,1,C0058,Bandung,5,Bank Transfer,57950
2025-01-01,T-Shirt G,Fashion,271000,1,C0637,Malang,10,Credit Card,243900
2025-01-01,Coffee I,Food,72000,1,C1969,Bandung,10,E-Wallet,64800
2025-01-01,Smartphone B,Electronics,5269000,1,C0964,Bandung,0,Bank Transfer,5269000
2025-01-01,Laptop A,Electronics,8161000,2,C1591,Jakarta,10,E-Wallet,14689800
2025-01-01,Bag H,Fashion,448000,1,C1176,Malang,0,Bank Transfer,448000
2025-01-01,Chocolate L,Food,59000,2,C0331,Yogyakarta,5,Bank Transfer,112100
2025-01-01,Headphone C,Electronics,759000,3,C0950,Yogyakarta,5,Credit Card,2163150
2025-01-01,T-Shirt G,Fashion,242000,1,C0398,Malang,0,Bank Transfer,242000
2025-01-01,Snack J,Food,37000,2,C1490,Surabaya,5,Bank Transfer,70300
2025-01-01,Bag H,Fashion,435000,2,C1343,Bandung,0,E-Wallet,870000
2025-01-01,Jacket F,Fashion,572000,1,C0650,Bandung,0,Credit Card,572000
2025-01-01,T-Shirt G,Fashion,243000,2,C0439,Semarang,5,Bank Transfer,461700
2025-01-01,Coffee I,Food,75000,2,C1918,Bandung,15,E-Wallet,127500
2025-01-01,Chocolate L,Food,60000,3,C0886,Yogyakarta,5,COD,171000
2025-01-02,Pillow P,Home,176000,2,C1860,Malang,5,E-Wallet,334400
2025-01-02,Smartphone B,Electronics,4920000,1,C2314,Yogyakarta,0,Bank Transfer,4920000
2025-01-02,Pillow P,Home,178000,1,C1108,Jakarta,15,Bank Transfer,151300
2025-01-02,Jacket F,Fashion,545000,2,C0441,Malang,15,Credit Card,926500
2025-01-02,Shoes E,Fashion,656000,3,C0089,Jakarta,0,Credit Card,1968000
2025-01-02,Headphone C,Electronics,720000,2,C0220,Malang,0,Bank Transfer,1440000
2025-01-02,Snack J,Food,35000,1,C0752,Bandung,15,Credit Card,29750
2025-01-02,Chair N,Home,976000,3,C2183,Jakarta,15,Credit Card,2488800
2025-01-02,Monitor D,Electronics,2374000,1,C0883,Jakarta,20,E-Wallet,1899200
2025-01-02,Snack J,Food,37000,2,C1442,Bandung,10,Bank Transfer,66600
2025-01-02,Jacket F,Fashion,574000,1,C0471,Malang,10,E-Wallet,516600
2025-01-02,Shoes E,Fashion,656000,1,C2230,Jakarta,15,E-Wallet,557600
2025-01-02,Bag H,Fashion,445000,1,C1977,Bandung,20,E-Wallet,356000
2025-01-02,Shoes E,Fashion,656000,1,C0835,Jakarta,5,Credit Card,623200
2025-01-02,Lamp M,Home,319000,1,C0884,Yogyakarta,5,Bank Transfer,303050
2025-01-02,Table O,Home,1514000,1,C2320,Semarang,10,Bank Transfer,1362600
2025-01-03,Headphone C,Electronics,753000,1,C2158,Jakarta,10,E-Wallet,677700
2025-01-03,Snack J,Food,38000,1,C0541,Jakarta,10,E-Wallet,34200
2025-01-03,Jacket F,Fashion,552000,2,C0388,Surabaya,10,E-Wallet,993600
2025-01-03,Jacket F,Fashion,568000,2,C1396,Surabaya,0,Bank Transfer,1136000
2025-01-03,Coffee I,Food,74000,1,C2037,Malang,10,Credit Card,66600
2025-01-03,Laptop A,Electronics,9221000,1,C1697,Jakarta,15,Credit Card,7837850
2025-01-03,Smartphone B,Electronics,5138000,2,C0431,Solo,0,Bank Transfer,10276000
2025-01-03,Lamp M,Home,292000,3,C1644,Surabaya,10,E-Wallet,788400
2025-01-03,Laptop A,Electronics,8683000,4,C1535,Yogyakarta,10,COD,31258800
2025-01-03,T-Shirt G,Fashion,251000,3,C0678,Yogyakarta,5,Bank Transfer,715350
2025-01-03,Snack J,Food,35000,2,C2155,Solo,0,COD,70000
2025-01-03,Lamp M,Home,325000,3,C2179,Jakarta,10,E-Wallet,877500
2025-01-03,Chocolate L,Food,63000,2,C2190,Jakarta,0,Credit Card,126000
2025-01-03,Tea K,Food,49000,1,C1624,Surabaya,0,Credit Card,49000
2025-01-03,Pillow P,Home,187000,4,C0428,Solo,0,Bank Transfer,748000
2025-01-03,Laptop A,Electronics,9128000,1,C1134,Malang,10,Credit Card,8215200
2025-01-03,Jacket F,Fashion,533000,1,C1313,Jakarta,10,Credit Card,479700
2025-01-03,Smartphone B,Electronics,4877000,1,C1577,Jakarta,5,Credit Card,4633150
2025-01-04,Table O,Home,1488000,1,C0676,Yogyakarta,20,E-Wallet,1190400
2025-01-04,Shoes E,Fashion,675000,5,C1945,Bandung,0,E-Wallet,3375000
2025-01-04,Table O,Home,1404000,1,C1979,Surabaya,0,E-Wallet,1404000
2025-01-04,Table O,Home,1656000,4,C0799,Yogyakarta,15,E-Wallet,5630400
2025-01-04,T-Shirt G,Fashion,264000,3,C1155,Malang,20,E-Wallet,633600
2025-01-04,Snack J,Food,34000,1,C1259,Malang,10,Credit Card,30600
2025-01-04,Headphone C,Electronics,750000,1,C1585,Surabaya,15,Credit Card,637500
2025-01-04,Bag H,Fashion,437000,2,C1508,Semarang,0,E-Wallet,874000
2025-01-04,Pillow P,Home,169000,3,C0162,Solo,15,E-Wallet,430950
2025-01-04,Tea K,Food,51000,2,C0475,Semarang,0,Credit Card,102000
2025-01-04,T-Shirt G,Fashion,248000,3,C1370,Surabaya,10,COD,669600
2025-01-04,Laptop A,Electronics,8643000,3,C0923,Jakarta,10,COD,23336100
2025-01-04,T-Shirt G,Fashion,236000,3,C2172,Semarang,0,Credit Card,708000
2025-01-04,Monitor D,Electronics,2549000,2,C0034,Semarang,0,E-Wallet,5098000
2025-01-05,Smartphone B,Electronics,5039000,2,C2079,Semarang,5,COD,9574100
2025-01-05,Jacket F,Fashion,502000,1,C1840,Surabaya,15,Credit Card,426700
2025-01-05,Lamp M,Home,297000,1,C2395,Semarang,20,COD,237600
2025-01-05,Jacket F,Fashion,560000,4,C0606,Surabaya,0,Credit Card,2240000
2025-01-05,Laptop A,Electronics,8504000,1,C2000,Semarang,15,Bank Transfer,7228400
2025-01-05,Jacket F,Fashion,535000,2,C0708,Jakarta,10,Credit Card,963000
2025-01-05,Laptop A,Electronics,8740000,1,C1660,Bandung,20,COD,6992000
2025-01-05,Tea K,Food,47000,2,C1697,Malang,5,Credit Card,89300
2025-01-05,Chocolate L,Food,58000,2,C0532,Jakarta,5,E-Wallet,110200
2025-01-05,Tea K,Food,51000,2,C0271,Semarang,5,Bank Transfer,96900
2025-01-05,Laptop A,Electronics,8571000,3,C0865,Solo,0,Credit Card,25713000
2025-01-05,Monitor D,Electronics,2468000,2,C1018,Malang,5,E-Wallet,4689200
2025-01-05,Coffee I,Food,79000,1,C1698,Semarang,5,Credit Card,75050
2025-01-05,Monitor D,Electronics,2340000,2,C2403,Bandung,0,E-Wallet,4680000
2025-01-05,T-Shirt G,Fashion,261000,3,C2297,Malang,10,Bank Transfer,704700
2025-01-05,Chocolate L,Food,60000,1,C1905,Jakarta,15,E-Wallet,51000
2025-01-05,Bag H,Fashion,480000,1,C1582,Jakarta,0,Credit Card,480000
2025-01-05,Bag H,Fashion,434000,1,C1258,Yogyakarta,5,COD,412300
2025-01-06,Bag H,Fashion,477000,1,C0409,Semarang,0,Bank Transfer,477000
2025-01-06,Shoes E,Fashion,630000,2,C0252,Yogyakarta,0,Bank Transfer,1260000
2025-01-06,Tea K,Food,52000,1,C0835,Yogyakarta,10,Bank Transfer,46800
2025-01-06,T-Shirt G,Fashion,236000,2,C1684,Jakarta,10,Credit Card,424800
2025-01-06,Snack J,Food,35000,3,C1632,Jakarta,0,Bank Transfer,105000
2025-01-06,Chair N,Home,923000,1,C1211,Jakarta,10,E-Wallet,830700
2025-01-06,Snack J,Food,36000,3,C1423,Jakarta,0,Bank Transfer,108000
2025-01-06,Chair N,Home,899000,2,C2298,Malang,0,COD,1798000
2025-01-06,Monitor D,Electronics,2656000,3,C2279,Bandung,5,Credit Card,7569600
2025-01-06,T-Shirt G,Fashion,261000,5,C1655,Semarang,20,E-Wallet,1044000
2025-01-06,Tea K,Food,52000,1,C1049,Solo,10,E-Wallet,46800
2025-01-06,Headphone C,Electronics,751000,2,C0621,Surabaya,10,Bank Transfer,1351800
2025-01-06,Chair N,Home,811000,1,C1998,Jakarta,10,Credit Card,729900
2025-01-06,Pillow P,Home,184000,4,C0013,Jakarta,10,E-Wallet,662400
2025-01-06,Headphone C,Electronics,766000,3,C0437,Yogyakarta,15,COD,1953300
2025-01-07,Snack J,Food,36000,2,C1135,Semarang,0,Bank Transfer,72000
2025-01-07,Smartphone B,Electronics,4679000,2,C0242,Jakarta,15,E-Wallet,7954300
2025-01-07,Smartphone B,Electronics,4696000,2,C1480,Jakarta,0,Bank Transfer,9392000
2025-01-07,Monitor D,Electronics,2464000,2,C0901,Jakarta,5,E-Wallet,4681600
2025-01-07,Bag H,Fashion,486000,1,C1296,Jakarta,15,E-Wallet,413100
2025-01-07,Shoes E,Fashion,652000,1,C1895,Jakarta,0,Bank Transfer,652000
2025-01-07,Headphone C,Electronics,761000,3,C1510,Bandung,5,COD,2168850
2025-01-07,Bag H,Fashion,454000,1,C1529,Surabaya,10,Credit Card,408600
2025-01-07,Bag H,Fashion,464000,2,C1491,Surabaya,0,Bank Transfer,928000
2025-01-07,Jacket F,Fashion,559000,2,C2256,Semarang,15,E-Wallet,950300
2025-01-07,Jacket F,Fashion,520000,1,C0307,Yogyakarta,10,COD,468000
2025-01-07,Headphone C,Electronics,781000,3,C0580,Malang,5,E-Wallet,2225850
2025-01-07,Table O,Home,1410000,1,C0156,Surabaya,0,E-Wallet,1410000
2025-01-07,Monitor D,Electronics,2675000,1,C0905,Yogyakarta,5,Bank Transfer,2541250
2025-01-07,Headphone C,Electronics,757000,2,C1017,Surabaya,15,Bank Transfer,1286900
2025-01-07,Chocolate L,Food,66000,2,C1623,Jakarta,0,Credit Card,132000
2025-01-07,Shoes E,Fashion,675000,1,C1816,Surabaya,15,COD,573750
2025-01-07,Laptop A,Electronics,8732000,3,C1475,Yogyakarta,10,Credit Card,23576400
2025-01-08,Chocolate L,Food,63000,2,C1174,Jakarta,10,E-Wallet,113400
2025-01-08,Snack J,Food,33000,2,C1344,Semarang,5,Bank Transfer,62700
2025-01-08,Pillow P,Home,172000,2,C0383,Yogyakarta,0,Bank Transfer,344000
2025-01-08,Jacket F,Fashion,517000,3,C1343,Jakarta,10,E-Wallet,1395900
2025-01-08,Laptop A,Electronics,8301000,1,C0587,Solo,15,E-Wallet,7055850
2025-01-08,T-Shirt G,Fashion,250000,1,C0337,Bandung,0,COD,250000
2025-01-08,T-Shirt G,Fashion,243000,1,C1353,Yogyakarta,10,E-Wallet,218700
2025-01-08,Snack J,Food,35000,5,C0756,Jakarta,5,Credit Card,166250
2025-01-08,Smartphone B,Electronics,5163000,2,C0526,Surabaya,0,Credit Card,10326000
2025-01-08,Smartphone B,Electronics,5037000,2,C2054,Surabaya,20,Credit Card,8059200
2025-01-08,Monitor D,Electronics,2421000,2,C0882,Semarang,10,Bank Transfer,4357800
2025-01-08,Shoes E,Fashion,692000,2,C1204,Solo,15,Bank Transfer,1176400
2025-01-08,Monitor D,Electronics,2495000,2,C1359,Semarang,0,Bank Transfer,4990000
2025-01-08,Smartphone B,Electronics,5308000,2,C0316,Semarang,0,Bank Transfer,10616000
2025-01-08,T-Shirt G,Fashion,247000,1,C1500,Jakarta,10,Credit Card,222300
2025-01-08,Chair N,Home,894000,1,C0085,Solo,0,Credit Card,894000
2025-01-08,Laptop A,Electronics,9037000,1,C2309,Jakarta,0,Credit Card,9037000
2025-01-08,Pillow P,Home,179000,2,C1492,Jakarta,10,COD,322200
2025-01-08,Lamp M,Home,284000,1,C0136,Surabaya,15,Bank Transfer,241400
2025-01-08,Tea K,Food,53000,1,C1507,Jakarta,0,E-Wallet,53000
2025-01-08,Chair N,Home,901000,1,C0102,Jakarta,10,E-Wallet,810900
2025-01-08,Table O,Home,1491000,4,C0465,Surabaya,10,Credit Card,5367600
2025-01-08,Monitor D,Electronics,2632000,2,C0666,Solo,10,COD,4737600
2025-01-08,Pillow P,Home,188000,1,C0592,Surabaya,0,COD,188000
2025-01-09,Chair N,Home,874000,1,C1105,Bandung,0,Credit Card,874000
2025-01-09,Shoes E,Fashion,686000,2,C0578,Semarang,0,E-Wallet,1372000
2025-01-09,Jacket F,Fashion,555000,3,C2327,Bandung,0,Credit Card,1665000
2025-01-09,Lamp M,Home,313000,1,C0113,Semarang,15,Bank Transfer,266050
2025-01-09,Table O,Home,1527000,1,C0747,Malang,0,Bank Transfer,1527000
2025-01-09,Headphone C,Electronics,742000,4,C1951,Surabaya,10,Credit Card,2671200
2025-01-09,Headphone C,Electronics,757000,1,C0677,Jakarta,10,Credit Card,681300
2025-01-09,Bag H,Fashion,456000,1,C2263,Bandung,15,Bank Transfer,387600
2025-01-09,Lamp M,Home,314000,2,C2430,Malang,5,Bank Transfer,596600
2025-01-09,Chocolate L,Food,58000,2,C1336,Bandung,0,Credit Card,116000
2025-01-10,Chocolate L,Food,59000,5,C2427,Bandung,5,E-Wallet,280250
2025-01-10,Table O,Home,1555000,3,C0099,Jakarta,0,E-Wallet,4665000
2025-01-10,Laptop A,Electronics,8234000,3,C0843,Jakarta,0,Credit Card,24702000
2025-01-10,Bag H,Fashion,416000,2,C1212,Bandung,5,E-Wallet,790400
2025-01-10,Chair N,Home,947000,1,C1309,Yogyakarta,10,E-Wallet,852300
2025-01-10,Lamp M,Home,322000,1,C1231,Semarang,0,Credit Card,322000
2025-01-10,Chocolate L,Food,59000,1,C0423,Jakarta,15,E-Wallet,50150
2025-01-10,Chocolate L,Food,59000,2,C1301,Bandung,15,Bank Transfer,100300
2025-01-10,Lamp M,Home,306000,1,C2394,Yogyakarta,0,Credit Card,306000
2025-01-10,Jacket F,Fashion,555000,2,C0749,Jakarta,5,COD,1054500
2025-01-10,Headphone C,Electronics,760000,3,C0843,Semarang,0,COD,2280000
2025-01-10,Table O,Home,1531000,1,C1218,Jakarta,5,E-Wallet,1454450
2025-01-10,Jacket F,Fashion,563000,1,C2340,Yogyakarta,10,E-Wallet,506700
2025-01-10,Monitor D,Electronics,2516000,4,C1332,Surabaya,5,Credit Card,9560800
2025-01-10,Monitor D,Electronics,2578000,1,C1414,Bandung,0,Bank Transfer,2578000
2025-01-10,Tea K,Food,50000,3,C0255,Malang,0,Credit Card,150000
2025-01-10,Tea K,Food,51000,5,C1635,Jakarta,5,Credit Card,242250
2025-01-10,Jacket F,Fashion,561000,4,C0815,Bandung,0,Bank Transfer,2244000
2025-01-10,Jacket F,Fashion,547000,2,C1006,Semarang,0,Bank Transfer,1094000
2025-01-10,Headphone C,Electronics,709000,4,C0695,Jakarta,0,Credit Card,2836000
2025-01-10,Chocolate L,Food,59000,3,C1189,Surabaya,15,Credit Card,150450
2025-01-10,Monitor D,Electronics,2484000,1,C2119,Jakarta,0,Bank Transfer,2484000
2025-01-11,Table O,Home,1408000,1,C1081,Jakarta,15,E-Wallet,1196800
2025-01-11,Snack J,Food,37000,4,C1723,Yogyakarta,10,Credit Card,133200
2025-01-11,Jacket F,Fashion,543000,5,C2081,Bandung,5,E-Wallet,2579250
2025-01-11,Jacket F,Fashion,514000,1,C1918,Jakarta,10,Bank Transfer,462600
2025-01-11,Monitor D,Electronics,2371000,3,C0205,Bandung,10,COD,6401700
2025-01-11,Headphone C,Electronics,782000,1,C1130,Solo,0,Bank Transfer,782000
2025-01-11,T-Shirt G,Fashion,254000,1,C0887,Solo,10,Credit Card,228600
2025-01-11,Snack J,Food,34000,1,C2421,Bandung,0,E-Wallet,34000
2025-01-11,T-Shirt G,Fashion,238000,2,C0453,Surabaya,5,Credit Card,452200
2025-01-11,Laptop A,Electronics,8408000,2,C2288,Jakarta,10,COD,15134400
2025-01-11,Shoes E,Fashion,638000,1,C1516,Jakarta,10,Credit Card,574200
2025-01-11,Tea K,Food,53000,1,C2186,Jakarta,5,E-Wallet,50350
2025-01-11,Shoes E,Fashion,682000,1,C1287,Malang,10,Credit Card,613800
2025-01-11,T-Shirt G,Fashion,255000,3,C1073,Malang,0,E-Wallet,765000
2025-01-11,Pillow P,Home,171000,4,C1308,Yogyakarta,10,E-Wallet,615600
2025-01-11,Bag H,Fashion,452000,2,C0031,Jakarta,5,Credit Card,858800
2025-01-11,Monitor D,Electronics,2543000,1,C1976,Bandung,0,E-Wallet,2543000
2025-01-11,Shoes E,Fashion,651000,1,C1044,Bandung,5,COD,618450
2025-01-11,Coffee I,Food,78000,1,C1589,Malang,15,E-Wallet,66300
2025-01-11,Snack J,Food,35000,1,C0940,Malang,0,COD,35000
2025-01-11,T-Shirt G,Fashion,227000,2,C0714,Solo,15,Credit Card,385900
2025-01-11,Snack J,Food,36000,3,C0134,Surabaya,15,E-Wallet,91800
2025-01-11,Smartphone B,Electronics,5443000,1,C0633,Bandung,15,Bank Transfer,4626550
2025-01-11,Snack J,Food,35000,2,C2368,Malang,10,Bank Transfer,63000
2025-01-11,Chocolate L,Food,61000,4,C0213,Bandung,10,COD,219600
2025-01-11,Bag H,Fashion,467000,3,C2239,Yogyakarta,10,COD,1260900
2025-01-11,T-Shirt G,Fashion,244000,1,C1432,Semarang,20,E-Wallet,195200
2025-01-12,Monitor D,Electronics,2652000,1,C2290,Yogyakarta,10,E-Wallet,2386800
2025-01-12,Smartphone B,Electronics,4709000,3,C2015,Yogyakarta,10,Credit Card,12714300
2025-01-12,Tea K,Food,51000,4,C0495,Semarang,5,E-Wallet,193800
2025-01-12,Laptop A,Electronics,8247000,3,C0165,Bandung,0,Credit Card,24741000
2025-01-12,Laptop A,Electronics,8480000,2,C2495,Jakarta,0,COD,16960000
2025-01-12,T-Shirt G,Fashion,261000,2,C0061,Solo,10,Credit Card,469800
2025-01-12,Monitor D,Electronics,2452000,2,C1993,Solo,10,COD,4413600
2025-01-12,Pillow P,Home,185000,2,C0794,Yogyakarta,15,E-Wallet,314500
2025-01-12,Bag H,Fashion,437000,1,C0258,Semarang,10,COD,393300
2025-01-12,Lamp M,Home,300000,1,C0882,Bandung,5,Bank Transfer,285000
2025-01-12,Table O,Home,1492000,2,C1694,Solo,0,COD,2984000
2025-01-12,Monitor D,Electronics,2464000,1,C0150,Jakarta,10,E-Wallet,2217600
2025-01-12,T-Shirt G,Fashion,245000,4,C0498,Semarang,10,Bank Transfer,882000
2025-01-12,Snack J,Food,34000,2,C0090,Surabaya,10,Bank Transfer,61200
2025-01-12,Monitor D,Electronics,2551000,2,C0108,Surabaya,10,Credit Card,4591800
2025-01-12,Shoes E,Fashion,691000,2,C1994,Malang,0,Credit Card,1382000
2025-01-12,Chair N,Home,854000,3,C2404,Yogyakarta,5,COD,2433900
2025-01-13,Monitor D,Electronics,2522000,1,C1384,Semarang,0,COD,2522000
2025-01-13,Chair N,Home,910000,1,C1517,Surabaya,15,E-Wallet,773500
2025-01-13,T-Shirt G,Fashion,257000,2,C1864,Surabaya,0,Bank Transfer,514000
2025-01-13,Pillow P,Home,173000,1,C2278,Jakarta,10,E-Wallet,155700
2025-01-13,T-Shirt G,Fashion,240000,5,C1617,Surabaya,0,E-Wallet,1200000
2025-01-13,Smartphone B,Electronics,5504000,4,C1547,Malang,0,Credit Card,22016000
2025-01-13,T-Shirt G,Fashion,237000,1,C0587,Jakarta,10,Bank Transfer,213300
2025-01-13,Smartphone B,Electronics,4937000,1,C2059,Surabaya,5,Bank Transfer,4690150
2025-01-13,Smartphone B,Electronics,5176000,1,C0836,Bandung,10,E-Wallet,4658400
2025-01-13,Snack J,Food,34000,1,C0705,Jakarta,0,Bank Transfer,34000
2025-01-13,Monitor D,Electronics,2283000,2,C2050,Jakarta,5,E-Wallet,4337700
2025-01-13,Smartphone B,Electronics,5004000,2,C0659,Yogyakarta,10,COD,9007200
2025-01-13,Lamp M,Home,298000,1,C1747,Surabaya,0,E-Wallet,298000
2025-01-13,Lamp M,Home,284000,2,C2103,Surabaya,0,Bank Transfer,568000
2025-01-14,Chocolate L,Food,62000,1,C0829,Surabaya,5,E-Wallet,58900
2025-01-14,Chair N,Home,871000,1,C0045,Solo,5,Credit Card,827450
2025-01-14,Chocolate L,Food,62000,2,C1556,Yogyakarta,10,Bank Transfer,111600
2025-01-14,Snack J,Food,35000,1,C1316,Semarang,10,Bank Transfer,31500
2025-01-14,Pillow P,Home,181000,4,C0860,Surabaya,10,E-Wallet,651600
2025-01-14,Lamp M,Home,317000,5,C1814,Semarang,10,Bank Transfer,1426500
2025-01-14,Coffee I,Food,76000,1,C0676,Semarang,0,Credit Card,76000
2025-01-14,Smartphone B,Electronics,5019000,4,C2484,Solo,10,E-Wallet,18068400
2025-01-14,Laptop A,Electronics,8515000,2,C0090,Semarang,20,E-Wallet,13624000
2025-01-14,Pillow P,Home,176000,1,C0237,Solo,5,Credit Card,167200
2025-01-14,Tea K,Food,49000,3,C1065,Semarang,0,Bank Transfer,147000
2025-01-14,Snack J,Food,37000,2,C0938,Bandung,0,Bank Transfer,74000
2025-01-14,Chocolate L,Food,58000,5,C1323,Jakarta,5,E-Wallet,275500
2025-01-14,Lamp M,Home,310000,2,C1662,Solo,5,E-Wallet,589000
2025-01-14,Lamp M,Home,305000,1,C1509,Solo,10,Credit Card,274500
2025-01-15,Coffee I,Food,78000,3,C1756,Bandung,0,Bank Transfer,234000
2025-01-15,Jacket F,Fashion,569000,2,C2329,Jakarta,10,COD,1024200
2025-01-15,Headphone C,Electronics,723000,4,C2049,Yogyakarta,15,Bank Transfer,2458200
2025-01-15,Monitor D,Electronics,2678000,1,C0914,Semarang,5,Bank Transfer,2544100
2025-01-15,Smartphone B,Electronics,4890000,2,C0721,Malang,5,Bank Transfer,9291000
2025-01-15,Jacket F,Fashion,530000,2,C1059,Bandung,10,COD,954000
2025-01-15,Headphone C,Electronics,756000,1,C1900,Malang,10,COD,680400
2025-01-15,Bag H,Fashion,457000,1,C2423,Surabaya,20,COD,365600
2025-01-15,Headphone C,Electronics,788000,4,C1989,Yogyakarta,5,E-Wallet,2994400
2025-01-15,Monitor D,Electronics,2630000,2,C2096,Solo,0,Bank Transfer,5260000
2025-01-15,Coffee I,Food,74000,1,C1668,Bandung,0,Credit Card,74000
2025-01-15,T-Shirt G,Fashion,261000,3,C1509,Jakarta,0,Credit Card,783000
2025-01-15,Bag H,Fashion,470000,1,C2334,Yogyakarta,5,Bank Transfer,446500
2025-01-15,T-Shirt G,Fashion,259000,2,C1723,Surabaya,0,E-Wallet,518000
2025-01-15,Smartphone B,Electronics,4950000,4,C1821,Surabaya,0,Bank Transfer,19800000
2025-01-15,Bag H,Fashion,450000,1,C1614,Bandung,0,Credit Card,450000
2025-01-15,Pillow P,Home,191000,2,C1195,Surabaya,15,Bank Transfer,324700
2025-01-15,Chair N,Home,946000,3,C0107,Surabaya,5,Bank Transfer,2696100
2025-01-15,Monitor D,Electronics,2545000,1,C2486,Surabaya,20,E-Wallet,2036000
2025-01-15,Smartphone B,Electronics,5419000,3,C1668,Malang,10,Bank Transfer,14631300
2025-01-15,Lamp M,Home,301000,2,C1958,Surabaya,5,Credit Card,571900
2025-01-16,Coffee I,Food,77000,5,C1611,Yogyakarta,5,E-Wallet,365750
2025-01-16,Headphone C,Electronics,767000,5,C0325,Jakarta,0,Credit Card,3835000
2025-01-16,Snack J,Food,35000,1,C2005,Yogyakarta,20,E-Wallet,28000
2025-01-16,Shoes E,Fashion,667000,5,C1233,Bandung,0,E-Wallet,3335000
2025-01-16,Coffee I,Food,76000,2,C0575,Malang,10,Credit Card,136800
2025-01-16,Snack J,Food,35000,1,C0488,Semarang,15,Bank Transfer,29750
2025-01-16,Smartphone B,Electronics,5230000,1,C1288,Yogyakarta,15,Credit Card,4445500
2025-01-16,Lamp M,Home,292000,1,C0856,Jakarta,0,E-Wallet,292000
2025-01-16,Chocolate L,Food,64000,1,C0444,Surabaya,5,COD,60800
2025-01-16,Coffee I,Food,74000,1,C1690,Jakarta,10,Bank Transfer,66600
2025-01-16,Coffee I,Food,73000,4,C1847,Malang,15,Credit Card,248200
2025-01-16,Pillow P,Home,172000,2,C0017,Bandung,5,Bank Transfer,326800
2025-01-16,Monitor D,Electronics,2560000,1,C0486,Semarang,5,E-Wallet,2432000
2025-01-16,Coffee I,Food,76000,5,C1957,Jakarta,0,Bank Transfer,380000
2025-01-16,Jacket F,Fashion,564000,3,C0812,Bandung,0,Credit Card,1692000
2025-01-17,Bag H,Fashion,439000,2,C1297,Jakarta,10,E-Wallet,790200
2025-01-17,Tea K,Food,50000,2,C1232,Yogyakarta,5,Bank Transfer,95000
2025-01-17,Bag H,Fashion,465000,3,C1005,Surabaya,0,Bank Transfer,1395000
2025-01-17,Pillow P,Home,187000,1,C1236,Jakarta,0,E-Wallet,187000
2025-01-17,Smartphone B,Electronics,4843000,4,C2465,Malang,0,COD,19372000
2025-01-17,Snack J,Food,34000,4,C0508,Solo,0,E-Wallet,136000
2025-01-17,Laptop A,Electronics,8780000,2,C1641,Bandung,5,Credit Card,16682000
2025-01-17,Snack J,Food,35000,1,C2338,Yogyakarta,5,Bank Transfer,33250
2025-01-17,T-Shirt G,Fashion,257000,3,C1218,Solo,5,E-Wallet,732450
2025-01-17,Tea K,Food,50000,4,C1650,Surabaya,10,Credit Card,180000
2025-01-17,Laptop A,Electronics,8464000,5,C1333,Jakarta,10,Bank Transfer,38088000
2025-01-17,Bag H,Fashion,446000,1,C0989,Surabaya,15,Bank Transfer,379100
2025-01-17,Monitor D,Electronics,2494000,1,C0964,Jakarta,0,E-Wallet,2494000
2025-01-17,Laptop A,Electronics,8620000,2,C0807,Yogyakarta,15,Bank Transfer,14654000
2025-01-17,Jacket F,Fashion,525000,1,C2329,Bandung,5,Bank Transfer,498750
2025-01-17,Smartphone B,Electronics,4833000,1,C0172,Semarang,0,E-Wallet,4833000
2025-01-18,Lamp M,Home,296000,2,C0205,Yogyakarta,0,Credit Card,592000
2025-01-18,Bag H,Fashion,442000,2,C0744,Jakarta,15,Bank Transfer,751400
2025-01-18,Jacket F,Fashion,555000,2,C0823,Malang,5,COD,1054500
2025-01-18,Bag H,Fashion,475000,1,C2100,Jakarta,15,Credit Card,403750
2025-01-18,Coffee I,Food,77000,3,C1790,Jakarta,15,Credit Card,196350
2025-01-18,Coffee I,Food,78000,2,C0059,Yogyakarta,20,Credit Card,124800
2025-01-18,Tea K,Food,52000,4,C1704,Jakarta,5,E-Wallet,197600
2025-01-18,Headphone C,Electronics,753000,3,C2267,Jakarta,5,E-Wallet,2146050
2025-01-18,Table O,Home,1561000,3,C1572,Semarang,0,E-Wallet,4683000
2025-01-18,T-Shirt G,Fashion,259000,2,C0170,Solo,15,E-Wallet,440300
2025-01-18,Smartphone B,Electronics,4833000,3,C1266,Solo,5,COD,13774050
2025-01-18,Coffee I,Food,72000,3,C0634,Bandung,0,Credit Card,216000
2025-01-18,Headphone C,Electronics,715000,2,C2369,Jakarta,10,Credit Card,1287000
2025-01-18,Pillow P,Home,190000,1,C1771,Bandung,10,Bank Transfer,171000
2025-01-18,Lamp M,Home,301000,1,C1379,Jakarta,0,E-Wallet,301000
2025-01-18,Coffee I,Food,72000,2,C1620,Jakarta,15,E-Wallet,122400
2025-01-18,Shoes E,Fashion,631000,1,C0848,Bandung,5,E-Wallet,599450
2025-01-18,Coffee I,Food,72000,3,C1292,Surabaya,0,Credit Card,216000
2025-01-19,Jacket F,Fashion,569000,2,C2090,Yogyakarta,15,E-Wallet,967300
2025-01-19,Pillow P,Home,182000,2,C0933,Solo,0,Credit Card,364000
2025-01-19,Laptop A,Electronics,8720000,2,C1740,Malang,0,COD,17440000
2025-01-19,Chocolate L,Food,56000,1,C1670,Yogyakarta,10,E-Wallet,50400
2025-01-19,T-Shirt G,Fashion,244000,2,C1591,Jakarta,0,Credit Card,488000
2025-01-19,Chair N,Home,902000,1,C0110,Yogyakarta,20,Bank Transfer,721600
2025-01-19,Chocolate L,Food,64000,1,C0736,Jakarta,0,E-Wallet,64000
2025-01-19,Tea K,Food,52000,2,C1674,Jakarta,0,Credit Card,104000
2025-01-19,Shoes E,Fashion,624000,2,C1723,Jakarta,0,E-Wallet,1248000
2025-01-19,Bag H,Fashion,466000,5,C0655,Semarang,0,Credit Card,2330000
2025-01-19,Bag H,Fashion,464000,1,C0557,Solo,0,E-Wallet,464000
2025-01-19,Snack J,Food,36000,4,C1990,Solo,0,Bank Transfer,144000
2025-01-19,Laptop A,Electronics,8430000,2,C0873,Bandung,10,E-Wallet,15174000
2025-01-19,Tea K,Food,51000,4,C0903,Yogyakarta,0,E-Wallet,204000
2025-01-19,Jacket F,Fashion,567000,1,C0524,Surabaya,10,E-Wallet,510300
2025-01-19,Laptop A,Electronics,9236000,1,C0427,Bandung,5,Credit Card,8774200
2025-01-19,Shoes E,Fashion,636000,2,C1049,Bandung,0,E-Wallet,1272000
2025-01-19,Laptop A,Electronics,8388000,1,C1944,Yogyakarta,5,Bank Transfer,7968600
2025-01-19,Jacket F,Fashion,554000,1,C2493,Surabaya,15,Credit Card,470900
2025-01-19,Pillow P,Home,185000,3,C2103,Surabaya,15,COD,471750
2025-01-19,Chair N,Home,889000,1,C1166,Jakarta,20,E-Wallet,711200
2025-01-19,Tea K,Food,50000,4,C1135,Jakarta,10,COD,180000
2025-01-20,Bag H,Fashion,474000,2,C2043,Bandung,0,Bank Transfer,948000
2025-01-20,Tea K,Food,51000,5,C0942,Semarang,0,Bank Transfer,255000
2025-01-20,Table O,Home,1474000,3,C1297,Yogyakarta,5,COD,4200900
2025-01-20,Jacket F,Fashion,559000,3,C1929,Bandung,10,COD,1509300
2025-01-20,Monitor D,Electronics,2508000,1,C2128,Jakarta,0,Credit Card,2508000
2025-01-20,Snack J,Food,33000,2,C2324,Yogyakarta,0,Bank Transfer,66000
2025-01-20,Pillow P,Home,189000,1,C2429,Malang,10,Bank Transfer,170100
2025-01-20,Headphone C,Electronics,775000,3,C1579,Solo,0,COD,2325000
2025-01-20,Chocolate L,Food,57000,1,C0392,Surabaya,15,E-Wallet,48450
2025-01-20,T-Shirt G,Fashion,261000,1,C2376,Surabaya,5,Bank Transfer,247950
2025-01-20,Headphone C,Electronics,747000,2,C0106,Bandung,0,E-Wallet,1494000
2025-01-20,Monitor D,Electronics,2550000,2,C2077,Surabaya,15,E-Wallet,4335000
2025-01-20,Coffee I,Food,74000,1,C0471,Bandung,10,Credit Card,66600
2025-01-21,T-Shirt G,Fashion,230000,1,C2177,Surabaya,10,COD,207000
2025-01-21,Lamp M,Home,280000,2,C2310,Jakarta,0,E-Wallet,560000
2025-01-21,Chocolate L,Food,61000,1,C1274,Semarang,0,E-Wallet,61000
2025-01-21,Chocolate L,Food,61000,4,C0725,Bandung,0,E-Wallet,244000
2025-01-21,Jacket F,Fashion,540000,4,C1766,Yogyakarta,10,Bank Transfer,1944000
2025-01-21,Lamp M,Home,310000,2,C2136,Jakarta,20,COD,496000
2025-01-21,Smartphone B,Electronics,5256000,2,C1120,Solo,0,Bank Transfer,10512000
2025-01-21,Tea K,Food,49000,3,C1865,Jakarta,5,E-Wallet,139650
2025-01-21,Snack J,Food,36000,1,C0568,Jakarta,5,COD,34200
2025-01-21,Table O,Home,1504000,3,C0721,Jakarta,10,Bank Transfer,4060800
2025-01-21,Tea K,Food,51000,3,C2267,Jakarta,15,Bank Transfer,130050
2025-01-21,Headphone C,Electronics,763000,1,C0117,Jakarta,0,COD,763000
2025-01-21,T-Shirt G,Fashion,270000,2,C0747,Jakarta,0,Credit Card,540000
2025-01-21,Chocolate L,Food,62000,1,C0916,Surabaya,15,E-Wallet,52700
2025-01-22,Lamp M,Home,299000,4,C1809,Jakarta,10,E-Wallet,1076400
2025-01-22,Chocolate L,Food,60000,4,C2194,Surabaya,15,COD,204000
2025-01-22,Coffee I,Food,73000,5,C2026,Semarang,0,Bank Transfer,365000
2025-01-22,Lamp M,Home,324000,1,C0588,Yogyakarta,15,COD,275400
2025-01-22,Monitor D,Electronics,2368000,2,C0506,Surabaya,5,E-Wallet,4499200
2025-01-22,Shoes E,Fashion,698000,1,C2225,Jakarta,5,COD,663100
2025-01-22,T-Shirt G,Fashion,248000,1,C1296,Bandung,0,COD,248000
2025-01-22,Laptop A,Electronics,8056000,3,C0794,Jakarta,0,E-Wallet,24168000
2025-01-22,Laptop A,Electronics,8247000,5,C2493,Jakarta,5,E-Wallet,39173250
2025-01-22,Jacket F,Fashion,530000,4,C1848,Jakarta,0,E-Wallet,2120000
2025-01-22,Coffee I,Food,73000,1,C1988,Surabaya,0,Bank Transfer,73000
2025-01-22,Laptop A,Electronics,8809000,1,C1803,Surabaya,0,COD,8809000
2025-01-22,Headphone C,Electronics,808000,1,C1951,Surabaya,15,Credit Card,686800
2025-01-22,Laptop A,Electronics,7878000,1,C1946,Surabaya,0,Credit Card,7878000
2025-01-23,Monitor D,Electronics,2535000,1,C1709,Jakarta,5,Bank Transfer,2408250
2025-01-23,Chair N,Home,908000,1,C2271,Surabaya,5,E-Wallet,862600
2025-01-23,Headphone C,Electronics,740000,1,C0802,Semarang,10,Bank Transfer,666000
2025-01-23,Laptop A,Electronics,9041000,4,C2194,Solo,15,Bank Transfer,30739400
2025-01-23,Snack J,Food,35000,2,C2199,Jakarta,0,COD,70000
2025-01-23,Bag H,Fashion,450000,3,C0765,Bandung,15,Bank Transfer,1147500
2025-01-23,Smartphone B,Electronics,4798000,1,C2128,Malang,15,Credit Card,4078300
2025-01-23,Smartphone B,Electronics,4591000,3,C1119,Jakarta,5,Bank Transfer,13084350
2025-01-23,Chair N,Home,936000,1,C0317,Malang,5,E-Wallet,889200
2025-01-23,Chocolate L,Food,59000,1,C2297,Bandung,15,E-Wallet,50150
2025-01-23,Shoes E,Fashion,647000,1,C1139,Surabaya,0,COD,647000
2025-01-23,Chair N,Home,882000,2,C0622,Bandung,0,COD,1764000
2025-01-23,Jacket F,Fashion,497000,1,C1698,Surabaya,10,COD,447300
2025-01-23,Headphone C,Electronics,803000,3,C0289,Surabaya,0,Bank Transfer,2409000
2025-01-23,Laptop A,Electronics,8888000,1,C0378,Bandung,0,E-Wallet,8888000
2025-01-23,Lamp M,Home,300000,5,C1507,Solo,15,E-Wallet,1275000
2025-01-23,Smartphone B,Electronics,4625000,1,C1094,Jakarta,10,Credit Card,4162500
2025-01-23,Bag H,Fashion,453000,1,C0206,Bandung,0,Bank Transfer,453000
2025-01-23,Monitor D,Electronics,2252000,1,C2080,Surabaya,10,Credit Card,2026800
2025-01-23,Snack J,Food,34000,2,C0660,Malang,0,Bank Transfer,68000
2025-01-23,Coffee I,Food,74000,1,C0812,Surabaya,20,E-Wallet,59200
2025-01-24,Laptop A,Electronics,8184000,2,C1265,Bandung,5,E-Wallet,15549600
2025-01-24,Smartphone B,Electronics,4912000,3,C1598,Jakarta,0,E-Wallet,14736000
2025-01-24,Tea K,Food,50000,1,C0738,Jakarta,0,Credit Card,50000
2025-01-24,Tea K,Food,46000,2,C1659,Bandung,5,Credit Card,87400
2025-01-24,Chocolate L,Food,63000,1,C2123,Jakarta,10,E-Wallet,56700
2025-01-24,Headphone C,Electronics,723000,1,C2365,Yogyakarta,0,Credit Card,723000
2025-01-24,Shoes E,Fashion,604000,1,C0987,Surabaya,10,COD,543600
2025-01-24,Laptop A,Electronics,8230000,4,C1191,Jakarta,20,Credit Card,26336000
2025-01-24,Monitor D,Electronics,2435000,2,C2032,Jakarta,5,E-Wallet,4626500
2025-01-24,Headphone C,Electronics,694000,2,C1159,Jakarta,15,Bank Transfer,1179800
2025-01-24,Lamp M,Home,300000,1,C0717,Semarang,20,E-Wallet,240000
2025-01-24,Chocolate L,Food,58000,4,C0670,Jakarta,15,E-Wallet,197200
2025-01-24,Headphone C,Electronics,737000,1,C2143,Bandung,0,Bank Transfer,737000
2025-01-24,Laptop A,Electronics,8092000,1,C0227,Bandung,10,E-Wallet,7282800
2025-01-24,Pillow P,Home,170000,3,C0809,Yogyakarta,5,E-Wallet,484500
2025-01-24,Monitor D,Electronics,2544000,2,C2446,Semarang,10,COD,4579200
2025-01-24,Table O,Home,1512000,3,C1742,Semarang,0,COD,4536000
2025-01-24,Chocolate L,Food,62000,2,C2084,Malang,10,Credit Card,111600
2025-01-24,Headphone C,Electronics,795000,3,C0730,Jakarta,0,Credit Card,2385000
2025-01-24,Smartphone B,Electronics,4989000,1,C0116,Solo,0,Credit Card,4989000
2025-01-24,Smartphone B,Electronics,4917000,2,C0780,Surabaya,10,E-Wallet,8850600
2025-01-25,Pillow P,Home,179000,2,C1473,Surabaya,0,E-Wallet,358000
2025-01-25,Bag H,Fashion,486000,2,C1546,Jakarta,5,Bank Transfer,923400
2025-01-25,Bag H,Fashion,457000,1,C1687,Jakarta,10,Bank Transfer,411300
2025-01-25,Smartphone B,Electronics,5415000,1,C1521,Jakarta,20,Credit Card,4332000
2025-01-25,Snack J,Food,35000,2,C1741,Solo,5,E-Wallet,66500
2025-01-25,Bag H,Fashion,464000,1,C2320,Surabaya,20,E-Wallet,371200
2025-01-25,Tea K,Food,51000,3,C2082,Jakarta,0,Credit Card,153000
2025-01-25,Shoes E,Fashion,674000,2,C1526,Surabaya,0,Credit Card,1348000
2025-01-25,Smartphone B,Electronics,4836000,1,C1026,Yogyakarta,0,Bank Transfer,4836000
2025-01-25,Chocolate L,Food,61000,3,C2174,Solo,10,E-Wallet,164700
2025-01-25,Monitor D,Electronics,2444000,1,C0925,Jakarta,10,E-Wallet,2199600
2025-01-25,Monitor D,Electronics,2417000,1,C0675,Jakarta,10,E-Wallet,2175300
2025-01-25,Chocolate L,Food,60000,1,C0368,Jakarta,15,Bank Transfer,51000
2025-01-25,Headphone C,Electronics,747000,4,C0026,Bandung,5,Credit Card,2838600
2025-01-25,Coffee I,Food,75000,1,C0423,Semarang,10,Bank Transfer,67500
2025-01-25,Jacket F,Fashion,537000,2,C0107,Surabaya,15,Credit Card,912900
2025-01-25,Snack J,Food,33000,3,C0304,Jakarta,15,COD,84150
2025-01-25,Laptop A,Electronics,8466000,1,C2326,Jakarta,10,Bank Transfer,7619400
2025-01-25,Smartphone B,Electronics,4888000,1,C0893,Solo,5,Bank Transfer,4643600
2025-01-26,Bag H,Fashion,420000,2,C1814,Jakarta,0,E-Wallet,840000
2025-01-26,Tea K,Food,50000,1,C1785,Surabaya,15,Bank Transfer,42500
2025-01-26,Headphone C,Electronics,765000,4,C2054,Surabaya,15,Bank Transfer,2601000
2025-01-26,Coffee I,Food,76000,1,C1210,Jakarta,20,E-Wallet,60800
2025-01-26,T-Shirt G,Fashion,271000,1,C1728,Surabaya,15,COD,230350
2025-01-26,Jacket F,Fashion,547000,5,C1769,Malang,0,Credit Card,2735000
2025-01-26,Lamp M,Home,292000,2,C2411,Yogyakarta,10,Credit Card,525600
2025-01-26,T-Shirt G,Fashion,240000,5,C0455,Solo,10,Bank Transfer,1080000
2025-01-26,Snack J,Food,36000,1,C1608,Surabaya,10,E-Wallet,32400
2025-01-26,Tea K,Food,49000,1,C2287,Jakarta,10,Credit Card,44100
2025-01-26,Headphone C,Electronics,775000,2,C1522,Yogyakarta,5,E-Wallet,1472500
2025-01-26,Shoes E,Fashion,633000,1,C1159,Jakarta,5,E-Wallet,601350
2025-01-26,Laptop A,Electronics,8811000,1,C1064,Jakarta,10,COD,7929900
2025-01-26,T-Shirt G,Fashion,275000,3,C1106,Jakarta,0,Bank Transfer,825000
2025-01-26,Table O,Home,1491000,1,C1396,Semarang,15,COD,1267350
2025-01-27,Monitor D,Electronics,2537000,4,C0430,Bandung,10,COD,9133200
2025-01-27,Pillow P,Home,178000,1,C2467,Bandung,15,Bank Transfer,151300
2025-01-27,Tea K,Food,53000,3,C1756,Bandung,0,COD,159000
2025-01-27,Bag H,Fashion,457000,4,C1664,Bandung,10,E-Wallet,1645200
2025-01-27,T-Shirt G,Fashion,245000,1,C1853,Yogyakarta,20,Bank Transfer,196000
2025-01-27,Chair N,Home,898000,2,C2048,Bandung,10,E-Wallet,1616400
2025-01-27,Pillow P,Home,169000,1,C2057,Jakarta,20,COD,135200
2025-01-27,Chocolate L,Food,57000,3,C0159,Surabaya,15,E-Wallet,145350
2025-01-27,Shoes E,Fashion,635000,1,C0626,Semarang,5,E-Wallet,603250
2025-01-27,Chocolate L,Food,57000,2,C1557,Bandung,10,Credit Card,102600
2025-01-28,Bag H,Fashion,417000,3,C1238,Bandung,15,COD,1063350
2025-01-28,Monitor D,Electronics,2474000,3,C0758,Semarang,10,Bank Transfer,6679800
2025-01-28,Laptop A,Electronics,8453000,3,C1155,Jakarta,10,COD,22823100
2025-01-28,Jacket F,Fashion,542000,2,C1044,Jakarta,10,COD,975600
2025-01-28,Smartphone B,Electronics,4675000,1,C1400,Bandung,0,Bank Transfer,4675000
2025-01-28,Shoes E,Fashion,664000,1,C1893,Jakarta,0,E-Wallet,664000
2025-01-28,Smartphone B,Electronics,4801000,3,C0964,Surabaya,0,Bank Transfer,14403000
2025-01-28,Chocolate L,Food,62000,2,C0282,Jakarta,10,Credit Card,111600
2025-01-28,Table O,Home,1553000,3,C1755,Jakarta,10,Credit Card,4193100
2025-01-28,Jacket F,Fashion,500000,1,C0651,Surabaya,0,E-Wallet,500000
2025-01-28,Monitor D,Electronics,2717000,3,C1311,Malang,15,COD,6928350
2025-01-28,Chair N,Home,914000,1,C2163,Malang,0,Credit Card,914000
2025-01-28,Bag H,Fashion,446000,1,C2177,Jakarta,10,Bank Transfer,401400
2025-01-28,Headphone C,Electronics,761000,1,C0459,Jakarta,0,Credit Card,761000
2025-01-28,Shoes E,Fashion,686000,2,C1976,Jakarta,15,Credit Card,1166200
2025-01-28,T-Shirt G,Fashion,267000,1,C1613,Jakarta,0,Bank Transfer,267000
2025-01-28,Tea K,Food,52000,2,C0064,Semarang,10,Bank Transfer,93600
2025-01-28,Bag H,Fashion,405000,5,C0386,Malang,0,Bank Transfer,2025000
2025-01-29,Tea K,Food,50000,1,C0840,Jakarta,15,Credit Card,42500
2025-01-29,Lamp M,Home,300000,1,C1256,Jakarta,0,Bank Transfer,300000
2025-01-29,Pillow P,Home,185000,1,C0770,Yogyakarta,20,Credit Card,148000
2025-01-29,Chair N,Home,908000,2,C1768,Bandung,10,E-Wallet,1634400
2025-01-29,Tea K,Food,50000,1,C1454,Yogyakarta,0,COD,50000
2025-01-29,Monitor D,Electronics,2402000,1,C0315,Bandung,20,E-Wallet,1921600
2025-01-29,Smartphone B,Electronics,5181000,2,C0213,Bandung,0,E-Wallet,10362000
2025-01-29,Tea K,Food,49000,1,C1917,Jakarta,0,COD,49000
2025-01-29,T-Shirt G,Fashion,262000,1,C0846,Malang,0,COD,262000
2025-01-29,Shoes E,Fashion,638000,2,C2399,Bandung,15,Bank Transfer,1084600
2025-01-29,Chair N,Home,862000,2,C0991,Jakarta,0,Credit Card,1724000
2025-01-29,Coffee I,Food,75000,1,C0729,Bandung,15,Credit Card,63750
2025-01-29,Snack J,Food,35000,2,C0368,Jakarta,15,Bank Transfer,59500
2025-01-29,T-Shirt G,Fashion,266000,2,C1036,Yogyakarta,10,Bank Transfer,478800
2025-01-29,Chair N,Home,915000,2,C1805,Yogyakarta,10,Bank Transfer,1647000
2025-01-29,Laptop A,Electronics,8350000,1,C2135,Bandung,10,Bank Transfer,7515000
2025-01-29,Tea K,Food,49000,2,C0065,Malang,5,Credit Card,93100
2025-01-30,Jacket F,Fashion,571000,2,C2221,Bandung,0,E-Wallet,1142000
2025-01-30,Smartphone B,Electronics,5063000,1,C1858,Jakarta,15,E-Wallet,4303550
2025-01-30,Headphone C,Electronics,804000,2,C1453,Malang,15,E-Wallet,1366800
2025-01-30,Pillow P,Home,187000,2,C2152,Yogyakarta,0,E-Wallet,374000
2025-01-30,Tea K,Food,51000,2,C0771,Yogyakarta,15,Credit Card,86700
2025-01-30,Snack J,Food,35000,3,C0577,Yogyakarta,20,E-Wallet,84000
2025-01-31,Jacket F,Fashion,501000,2,C1407,Semarang,10,Credit Card,901800
2025-01-31,Coffee I,Food,78000,1,C2366,Jakarta,0,E-Wallet,78000
2025-01-31,Laptop A,Electronics,7799000,2,C0081,Jakarta,15,COD,13258300
2025-01-31,Shoes E,Fashion,641000,2,C0387,Malang,5,E-Wallet,1217900
2025-01-31,Chocolate L,Food,63000,1,C0243,Solo,0,Credit Card,63000
2025-01-31,Laptop A,Electronics,8674000,5,C0089,Surabaya,15,Bank Transfer,36864500
2025-01-31,Coffee I,Food,75000,1,C1579,Semarang,10,E-Wallet,67500
2025-01-31,Bag H,Fashion,456000,1,C1160,Bandung,5,Bank Transfer,433200
2025-01-31,Headphone C,Electronics,708000,2,C0416,Surabaya,0,E-Wallet,1416000
2025-01-31,Bag H,Fashion,479000,2,C1805,Jakarta,5,COD,910100
2025-01-31,Laptop A,Electronics,8492000,3,C1302,Semarang,20,COD,20380800
2025-01-31,Smartphone B,Electronics,4958000,1,C0606,Malang,0,Credit Card,4958000
2025-01-31,Coffee I,Food,73000,2,C1352,Yogyakarta,15,Bank Transfer,124100
2025-01-31,Jacket F,Fashion,572000,1,C2474,Surabaya,15,E-Wallet,486200
2025-01-31,Shoes E,Fashion,662000,2,C1010,Surabaya,10,Credit Card,1191600
2025-02-01,Lamp M,Home,303000,1,C2081,Yogyakarta,10,COD,272700
2025-02-01,Snack J,Food,36000,2,C0722,Jakarta,0,Bank Transfer,72000
2025-02-01,Pillow P,Home,163000,2,C2202,Jakarta,5,Bank Transfer,309700
2025-02-01,Coffee I,Food,71000,5,C0893,Solo,0,Bank Transfer,355000
2025-02-01,Coffee I,Food,81000,2,C2232,Jakarta,10,Bank Transfer,145800
2025-02-01,Bag H,Fashion,435000,4,C2023,Solo,0,Bank Transfer,1740000
2025-02-01,Laptop A,Electronics,8824000,1,C1847,Surabaya,5,Credit Card,8382800
2025-02-01,Coffee I,Food,75000,1,C1638,Jakarta,15,Credit Card,63750
2025-02-01,Table O,Home,1506000,1,C2029,Surabaya,0,Bank Transfer,1506000
2025-02-01,Smartphone B,Electronics,4764000,3,C1968,Solo,10,Bank Transfer,12862800
2025-02-01,Snack J,Food,35000,2,C0374,Surabaya,5,Bank Transfer,66500
2025-02-01,Chair N,Home,859000,1,C2334,Surabaya,10,COD,773100
2025-02-01,Snack J,Food,36000,1,C2127,Malang,15,Bank Transfer,30600
2025-02-02,Shoes E,Fashion,640000,2,C1628,Solo,0,COD,1280000
2025-02-02,Pillow P,Home,192000,1,C0624,Bandung,15,Bank Transfer,163200
2025-02-02,Pillow P,Home,184000,5,C0996,Yogyakarta,15,E-Wallet,782000
2025-02-02,Pillow P,Home,173000,1,C2268,Malang,15,Bank Transfer,147050
2025-02-02,Monitor D,Electronics,2551000,1,C1254,Jakarta,10,E-Wallet,2295900
2025-02-02,Tea K,Food,56000,5,C1508,Bandung,10,Credit Card,252000
2025-02-02,Laptop A,Electronics,8767000,1,C1991,Yogyakarta,20,Credit Card,7013600
2025-02-02,Coffee I,Food,77000,2,C0095,Jakarta,10,E-Wallet,138600
2025-02-02,Smartphone B,Electronics,5007000,3,C1059,Bandung,0,E-Wallet,15021000
2025-02-02,T-Shirt G,Fashion,250000,2,C0934,Jakarta,0,E-Wallet,500000
2025-02-02,Chocolate L,Food,62000,1,C2400,Surabaya,5,Bank Transfer,58900
2025-02-02,Snack J,Food,35000,2,C0632,Yogyakarta,0,COD,70000
2025-02-02,Chocolate L,Food,61000,1,C0432,Surabaya,0,Credit Card,61000
2025-02-02,Smartphone B,Electronics,5167000,1,C0523,Jakarta,5,E-Wallet,4908650
2025-02-02,T-Shirt G,Fashion,262000,2,C2282,Surabaya,0,Bank Transfer,524000
2025-02-02,Laptop A,Electronics,8506000,3,C0038,Yogyakarta,0,Credit Card,25518000
2025-02-02,Pillow P,Home,183000,3,C0204,Surabaya,0,Credit Card,549000
2025-02-02,Table O,Home,1497000,1,C0794,Surabaya,0,E-Wallet,1497000
2025-02-02,Lamp M,Home,284000,5,C0040,Surabaya,5,Credit Card,1349000
2025-02-02,Snack J,Food,35000,2,C0874,Yogyakarta,20,E-Wallet,56000
2025-02-02,Tea K,Food,50000,3,C1432,Jakarta,10,E-Wallet,135000
2025-02-02,Snack J,Food,37000,3,C2082,Jakarta,10,E-Wallet,99900
2025-02-02,Snack J,Food,36000,1,C0676,Bandung,10,E-Wallet,32400
2025-02-02,Jacket F,Fashion,558000,3,C0029,Yogyakarta,10,Bank Transfer,1506600
2025-02-02,Coffee I,Food,73000,1,C1343,Malang,0,Credit Card,73000
2025-02-02,Chocolate L,Food,58000,1,C1225,Malang,10,E-Wallet,52200
2025-02-02,Laptop A,Electronics,8236000,1,C0710,Surabaya,0,Bank Transfer,8236000
2025-02-02,Monitor D,Electronics,2513000,2,C1480,Semarang,0,Bank Transfer,5026000
2025-02-02,Smartphone B,Electronics,4908000,2,C2437,Semarang,0,E-Wallet,9816000
2025-02-03,Jacket F,Fashion,543000,2,C1688,Semarang,0,Bank Transfer,1086000
2025-02-03,Chocolate L,Food,63000,1,C1686,Surabaya,0,COD,63000
2025-02-03,Table O,Home,1596000,4,C1979,Semarang,0,Credit Card,6384000
2025-02-03,Snack J,Food,37000,2,C0804,Semarang,0,E-Wallet,74000
2025-02-03,Smartphone B,Electronics,4659000,2,C1440,Bandung,15,Credit Card,7920300
2025-02-03,Lamp M,Home,310000,1,C1746,Jakarta,5,COD,294500
2025-02-03,Shoes E,Fashion,652000,2,C1670,Bandung,10,Bank Transfer,1173600
2025-02-03,Chocolate L,Food,58000,1,C2249,Jakarta,5,Bank Transfer,55100
2025-02-03,Laptop A,Electronics,8317000,1,C0396,Malang,5,Bank Transfer,7901150
2025-02-03,Coffee I,Food,74000,1,C0352,Yogyakarta,15,E-Wallet,62900
2025-02-03,Shoes E,Fashion,666000,1,C0838,Surabaya,15,Bank Transfer,566100
2025-02-03,Monitor D,Electronics,2362000,4,C0792,Semarang,15,Credit Card,8030800
2025-02-03,Lamp M,Home,294000,1,C2239,Jakarta,5,COD,279300
2025-02-03,Headphone C,Electronics,777000,5,C0665,Jakarta,20,E-Wallet,3108000
2025-02-03,T-Shirt G,Fashion,256000,2,C0534,Yogyakarta,0,COD,512000
2025-02-03,Jacket F,Fashion,560000,2,C0729,Bandung,10,Credit Card,1008000
2025-02-03,Shoes E,Fashion,661000,1,C0796,Semarang,0,E-Wallet,661000
2025-02-03,Coffee I,Food,74000,2,C1892,Jakarta,10,Bank Transfer,133200
2025-02-03,Lamp M,Home,313000,2,C1590,Bandung,10,E-Wallet,563400
2025-02-03,Headphone C,Electronics,732000,2,C1498,Surabaya,15,Credit Card,1244400
2025-02-03,Monitor D,Electronics,2474000,1,C1372,Surabaya,15,Bank Transfer,2102900
2025-02-03,Chocolate L,Food,60000,1,C2383,Solo,15,Bank Transfer,51000
2025-02-03,Laptop A,Electronics,8742000,2,C0625,Semarang,15,E-Wallet,14861400
2025-02-04,Smartphone B,Electronics,4883000,1,C0224,Yogyakarta,15,E-Wallet,4150550
2025-02-04,Headphone C,Electronics,745000,5,C2060,Bandung,10,E-Wallet,3352500
2025-02-04,Tea K,Food,47000,1,C1538,Bandung,5,E-Wallet,44650
2025-02-04,Bag H,Fashion,489000,5,C2453,Yogyakarta,0,Credit Card,2445000
2025-02-04,Jacket F,Fashion,504000,3,C2490,Bandung,5,E-Wallet,1436400
2025-02-04,Jacket F,Fashion,547000,2,C0611,Surabaya,0,Bank Transfer,1094000
2025-02-04,T-Shirt G,Fashion,263000,1,C0770,Yogyakarta,10,Credit Card,236700
2025-02-04,Chocolate L,Food,60000,5,C0466,Malang,15,E-Wallet,255000
2025-02-04,Monitor D,Electronics,2483000,2,C1799,Malang,0,Bank Transfer,4966000
2025-02-04,Coffee I,Food,74000,1,C2435,Jakarta,5,E-Wallet,70300
2025-02-04,Smartphone B,Electronics,5048000,2,C0665,Malang,0,COD,10096000
2025-02-04,Jacket F,Fashion,529000,4,C2477,Malang,5,E-Wallet,2010200
2025-02-04,Smartphone B,Electronics,5306000,2,C1998,Semarang,5,E-Wallet,10081400
2025-02-04,Monitor D,Electronics,2370000,3,C1759,Jakarta,0,Credit Card,7110000
2025-02-04,Laptop A,Electronics,8493000,3,C1276,Jakarta,0,Credit Card,25479000
2025-02-05,Coffee I,Food,69000,1,C0432,Malang,5,E-Wallet,65550
2025-02-05,Laptop A,Electronics,8633000,1,C1969,Surabaya,15,E-Wallet,7338050
2025-02-05,Monitor D,Electronics,2719000,4,C2435,Jakarta,5,COD,10332200
2025-02-05,Bag H,Fashion,479000,3,C1226,Surabaya,0,Bank Transfer,1437000
2025-02-05,Jacket F,Fashion,606000,1,C1559,Malang,0,Bank Transfer,606000
2025-02-05,Headphone C,Electronics,724000,1,C1368,Jakarta,0,Credit Card,724000
2025-02-05,Coffee I,Food,81000,3,C0519,Bandung,5,COD,230850
2025-02-05,Snack J,Food,33000,2,C0971,Malang,15,E-Wallet,56100
2025-02-05,Shoes E,Fashion,628000,1,C1954,Malang,0,Credit Card,628000
2025-02-05,Laptop A,Electronics,8955000,1,C1242,Malang,0,E-Wallet,8955000
2025-02-05,Table O,Home,1448000,3,C0881,Solo,5,Bank Transfer,4126800
2025-02-05,Shoes E,Fashion,645000,1,C1104,Yogyakarta,15,E-Wallet,548250
2025-02-05,Jacket F,Fashion,543000,2,C2176,Bandung,10,Bank Transfer,977400
2025-02-05,Chair N,Home,910000,2,C2141,Yogyakarta,5,Credit Card,1729000
2025-02-05,Lamp M,Home,292000,1,C1950,Surabaya,10,Bank Transfer,262800
2025-02-05,Tea K,Food,47000,1,C0444,Yogyakarta,5,E-Wallet,44650
2025-02-05,Chocolate L,Food,59000,2,C1806,Jakarta,15,Credit Card,100300
2025-02-05,Smartphone B,Electronics,4773000,1,C1405,Bandung,0,Credit Card,4773000
2025-02-05,Table O,Home,1425000,1,C0453,Jakarta,10,Credit Card,1282500
2025-02-05,Snack J,Food,35000,4,C1305,Bandung,0,Bank Transfer,140000
2025-02-05,Bag H,Fashion,423000,1,C2087,Surabaya,15,E-Wallet,359550
2025-02-05,Pillow P,Home,184000,2,C0714,Bandung,0,E-Wallet,368000
2025-02-06,Tea K,Food,49000,1,C1374,Semarang,0,Bank Transfer,49000
2025-02-06,T-Shirt G,Fashion,243000,2,C0844,Jakarta,0,COD,486000
2025-02-06,Monitor D,Electronics,2624000,1,C0555,Jakarta,5,Credit Card,2492800
2025-02-06,Laptop A,Electronics,8953000,1,C1036,Surabaya,10,E-Wallet,8057700
2025-02-06,Snack J,Food,36000,1,C0692,Surabaya,10,Bank Transfer,32400
2025-02-06,Jacket F,Fashion,560000,3,C0417,Bandung,0,Bank Transfer,1680000
2025-02-06,Laptop A,Electronics,8658000,2,C0379,Jakarta,0,E-Wallet,17316000
2025-02-06,T-Shirt G,Fashion,242000,1,C2047,Surabaya,10,Bank Transfer,217800
2025-02-06,T-Shirt G,Fashion,261000,2,C1679,Jakarta,0,COD,522000
2025-02-06,T-Shirt G,Fashion,230000,1,C2035,Jakarta,0,COD,230000
2025-02-06,Monitor D,Electronics,2552000,4,C0634,Bandung,15,E-Wallet,8676800
2025-02-06,Laptop A,Electronics,8917000,2,C2408,Surabaya,0,Bank Transfer,17834000
2025-02-07,T-Shirt G,Fashion,243000,4,C1671,Malang,5,Credit Card,923400
2025-02-07,Bag H,Fashion,439000,4,C2026,Malang,0,E-Wallet,1756000
2025-02-07,Coffee I,Food,75000,1,C1743,Yogyakarta,0,COD,75000
2025-02-07,Chair N,Home,913000,1,C1132,Surabaya,15,Bank Transfer,776050
2025-02-07,Tea K,Food,51000,1,C2182,Jakarta,15,Credit Card,43350
2025-02-07,Laptop A,Electronics,9272000,1,C2370,Jakarta,5,Bank Transfer,8808400
2025-02-07,Pillow P,Home,181000,1,C0815,Surabaya,0,COD,181000
2025-02-07,Bag H,Fashion,439000,1,C0959,Semarang,15,Bank Transfer,373150
2025-02-07,Coffee I,Food,77000,1,C2286,Solo,0,E-Wallet,77000
2025-02-07,Chair N,Home,936000,1,C1903,Malang,10,COD,842400
2025-02-07,Shoes E,Fashion,648000,4,C1406,Surabaya,15,E-Wallet,2203200
2025-02-07,Bag H,Fashion,447000,2,C1452,Bandung,0,E-Wallet,894000
2025-02-08,Tea K,Food,53000,1,C1465,Bandung,0,E-Wallet,53000
2025-02-08,Tea K,Food,50000,1,C0430,Solo,10,Credit Card,45000
2025-02-08,Monitor D,Electronics,2469000,1,C1057,Bandung,10,Bank Transfer,2222100
2025-02-08,Table O,Home,1502000,2,C0335,Bandung,10,Credit Card,2703600
2025-02-08,Bag H,Fashion,418000,1,C2038,Bandung,5,E-Wallet,397100
2025-02-08,Table O,Home,1433000,2,C1855,Surabaya,0,E-Wallet,2866000
2025-02-08,Jacket F,Fashion,571000,2,C1732,Solo,0,E-Wallet,1142000
2025-02-08,Lamp M,Home,280000,1,C0120,Semarang,5,Credit Card,266000
2025-02-08,Bag H,Fashion,466000,2,C0024,Jakarta,5,Bank Transfer,885400
2025-02-08,Jacket F,Fashion,560000,3,C1813,Yogyakarta,0,E-Wallet,1680000
2025-02-08,Pillow P,Home,179000,5,C0424,Jakarta,10,E-Wallet,805500
2025-02-08,Laptop A,Electronics,8429000,2,C1668,Solo,15,E-Wallet,14329300
2025-02-08,Snack J,Food,35000,2,C1953,Semarang,10,Credit Card,63000
2025-02-08,Headphone C,Electronics,748000,3,C1613,Surabaya,10,E-Wallet,2019600
2025-02-08,T-Shirt G,Fashion,264000,1,C1149,Surabaya,15,E-Wallet,224400
2025-02-08,Coffee I,Food,73000,3,C0823,Jakarta,5,Bank Transfer,208050
2025-02-08,T-Shirt G,Fashion,251000,1,C2411,Solo,0,E-Wallet,251000
2025-02-08,Chair N,Home,876000,1,C2255,Surabaya,0,E-Wallet,876000
2025-02-09,Smartphone B,Electronics,5210000,1,C0509,Surabaya,10,COD,4689000
2025-02-09,Chair N,Home,915000,2,C1568,Solo,10,E-Wallet,1647000
2025-02-09,Monitor D,Electronics,2545000,1,C0597,Surabaya,5,E-Wallet,2417750
2025-02-09,Tea K,Food,52000,1,C1408,Malang,0,Credit Card,52000
2025-02-09,T-Shirt G,Fashion,253000,1,C1331,Yogyakarta,5,Credit Card,240350
2025-02-09,Pillow P,Home,177000,1,C2475,Malang,0,E-Wallet,177000
2025-02-09,Smartphone B,Electronics,4739000,1,C0439,Jakarta,0,E-Wallet,4739000
2025-02-09,T-Shirt G,Fashion,239000,2,C1509,Surabaya,10,Bank Transfer,430200
2025-02-09,Laptop A,Electronics,8265000,4,C2197,Malang,10,COD,29754000
2025-02-09,Shoes E,Fashion,653000,3,C1755,Surabaya,20,Credit Card,1567200
2025-02-09,Snack J,Food,34000,1,C1232,Solo,15,E-Wallet,28900
2025-02-09,Pillow P,Home,176000,5,C0807,Semarang,0,Bank Transfer,880000
2025-02-09,Laptop A,Electronics,7909000,1,C1558,Yogyakarta,15,Bank Transfer,6722650
2025-02-09,Jacket F,Fashion,549000,2,C0213,Bandung,10,E-Wallet,988200
2025-02-10,Monitor D,Electronics,2540000,1,C1962,Malang,15,COD,2159000
2025-02-10,Headphone C,Electronics,729000,3,C1978,Surabaya,15,E-Wallet,1858950
2025-02-10,Monitor D,Electronics,2439000,1,C2007,Jakarta,0,COD,2439000
2025-02-10,Table O,Home,1497000,1,C1025,Malang,15,Credit Card,1272450
2025-02-10,T-Shirt G,Fashion,254000,3,C1288,Yogyakarta,5,E-Wallet,723900
2025-02-10,Jacket F,Fashion,572000,4,C0303,Jakarta,0,E-Wallet,2288000
2025-02-10,Chocolate L,Food,58000,2,C0278,Bandung,0,Credit Card,116000
2025-02-10,Bag H,Fashion,426000,2,C0009,Surabaya,0,Credit Card,852000
2025-02-10,Laptop A,Electronics,8428000,2,C0357,Surabaya,10,COD,15170400
2025-02-10,Chocolate L,Food,60000,4,C1746,Yogyakarta,20,Credit Card,192000
2025-02-10,T-Shirt G,Fashion,249000,2,C2181,Jakarta,10,Bank Transfer,448200
2025-02-10,Shoes E,Fashion,657000,2,C0559,Surabaya,15,COD,1116900
2025-02-10,Chair N,Home,867000,3,C2310,Jakarta,10,Bank Transfer,2340900
2025-02-10,Monitor D,Electronics,2481000,3,C0903,Jakarta,5,Bank Transfer,7070850
2025-02-10,Tea K,Food,49000,1,C1573,Malang,0,Credit Card,49000
2025-02-10,Laptop A,Electronics,9076000,2,C1245,Jakarta,10,E-Wallet,16336800
2025-02-10,Chocolate L,Food,60000,3,C1385,Jakarta,10,E-Wallet,162000
2025-02-10,Snack J,Food,34000,1,C1754,Semarang,5,COD,32300
2025-02-10,Chair N,Home,896000,5,C0367,Jakarta,20,E-Wallet,3584000
2025-02-11,Monitor D,Electronics,2480000,4,C0531,Jakarta,20,COD,7936000
2025-02-11,Snack J,Food,35000,3,C1240,Solo,10,COD,94500
2025-02-11,Shoes E,Fashion,720000,1,C1935,Surabaya,0,Credit Card,720000
2025-02-11,Pillow P,Home,171000,4,C1559,Solo,10,E-Wallet,615600
2025-02-11,Coffee I,Food,79000,1,C0948,Jakarta,0,E-Wallet,79000
2025-02-11,Bag H,Fashion,440000,1,C1085,Surabaya,5,E-Wallet,418000
2025-02-11,Smartphone B,Electronics,5414000,1,C1170,Bandung,5,Bank Transfer,5143300
2025-02-11,Smartphone B,Electronics,5226000,3,C1626,Jakarta,10,E-Wallet,14110200
2025-02-11,Laptop A,Electronics,8730000,3,C0277,Malang,15,E-Wallet,22261500
2025-02-11,Jacket F,Fashion,525000,2,C2337,Jakarta,0,COD,1050000
2025-02-11,T-Shirt G,Fashion,242000,1,C0350,Surabaya,5,Credit Card,229900
2025-02-11,Tea K,Food,52000,1,C2264,Bandung,5,Bank Transfer,49400
2025-02-11,Pillow P,Home,169000,4,C1912,Yogyakarta,5,E-Wallet,642200
2025-02-11,Smartphone B,Electronics,4761000,2,C2319,Solo,0,COD,9522000
2025-02-11,Shoes E,Fashion,640000,2,C2439,Jakarta,10,E-Wallet,1152000
2025-02-11,Shoes E,Fashion,677000,1,C1872,Solo,0,COD,677000
2025-02-11,Shoes E,Fashion,685000,1,C0737,Surabaya,0,COD,685000
2025-02-11,Chocolate L,Food,61000,2,C1885,Jakarta,0,Credit Card,122000
2025-02-11,Chocolate L,Food,62000,2,C0298,Surabaya,0,E-Wallet,124000
2025-02-11,Bag H,Fashion,446000,3,C1669,Malang,0,COD,1338000
2025-02-12,Headphone C,Electronics,779000,1,C1552,Semarang,10,Credit Card,701100
2025-02-12,Chair N,Home,865000,3,C2382,Malang,10,Credit Card,2335500
2025-02-12,Bag H,Fashion,461000,2,C1635,Yogyakarta,5,E-Wallet,875900
2025-02-12,Jacket F,Fashion,549000,1,C0787,Bandung,10,COD,494100
2025-02-12,Chocolate L,Food,59000,3,C0694,Jakarta,15,Credit Card,150450
2025-02-12,Bag H,Fashion,443000,1,C0079,Malang,0,Credit Card,443000
2025-02-12,Chocolate L,Food,59000,1,C0313,Solo,15,Bank Transfer,50150
2025-02-12,Laptop A,Electronics,8597000,2,C2105,Malang,15,E-Wallet,14614900
2025-02-12,Chocolate L,Food,57000,2,C1295,Jakarta,0,E-Wallet,114000
2025-02-12,T-Shirt G,Fashion,272000,3,C1705,Jakarta,0,Bank Transfer,816000
2025-02-12,Coffee I,Food,79000,2,C1494,Jakarta,10,E-Wallet,142200
2025-02-12,Tea K,Food,47000,4,C1210,Malang,5,Bank Transfer,178600
2025-02-12,Chocolate L,Food,63000,2,C1539,Semarang,10,Credit Card,113400
2025-02-12,Smartphone B,Electronics,5070000,3,C1249,Semarang,0,Credit Card,15210000
2025-02-12,Jacket F,Fashion,524000,3,C1933,Malang,0,E-Wallet,1572000
2025-02-12,Chocolate L,Food,58000,4,C0316,Bandung,5,E-Wallet,220400
2025-02-12,Headphone C,Electronics,779000,1,C0721,Malang,0,Credit Card,779000
2025-02-12,Chocolate L,Food,55000,1,C1013,Jakarta,5,Credit Card,52250
2025-02-12,Shoes E,Fashion,681000,1,C2191,Jakarta,0,Credit Card,681000
2025-02-13,Bag H,Fashion,420000,3,C2052,Jakarta,0,E-Wallet,1260000
2025-02-13,Bag H,Fashion,446000,1,C2210,Solo,5,Bank Transfer,423700
2025-02-13,Lamp M,Home,297000,3,C0728,Surabaya,10,Credit Card,801900
2025-02-13,T-Shirt G,Fashion,246000,2,C1428,Bandung,5,E-Wallet,467400
2025-02-13,Laptop A,Electronics,8374000,1,C0362,Surabaya,5,COD,7955300
2025-02-13,T-Shirt G,Fashion,250000,3,C2118,Yogyakarta,5,E-Wallet,712500
2025-02-13,Snack J,Food,35000,3,C0138,Jakarta,5,Bank Transfer,99750
2025-02-13,Jacket F,Fashion,576000,1,C0941,Malang,20,COD,460800
2025-02-13,Bag H,Fashion,427000,4,C2060,Surabaya,0,Credit Card,1708000
2025-02-13,Lamp M,Home,299000,2,C2214,Semarang,10,E-Wallet,538200
2025-02-13,Tea K,Food,51000,1,C1765,Jakarta,0,Credit Card,51000
2025-02-13,Table O,Home,1605000,1,C0580,Malang,0,Bank Transfer,1605000
2025-02-13,Table O,Home,1548000,3,C0998,Jakarta,0,Credit Card,4644000
2025-02-14,Monitor D,Electronics,2364000,2,C0141,Yogyakarta,20,Credit Card,3782400
2025-02-14,Snack J,Food,34000,1,C0582,Yogyakarta,15,COD,28900
2025-02-14,Pillow P,Home,183000,5,C1205,Solo,0,Bank Transfer,915000
2025-02-14,Monitor D,Electronics,2355000,2,C0020,Bandung,5,Credit Card,4474500
2025-02-14,Pillow P,Home,183000,1,C0408,Bandung,10,E-Wallet,164700
2025-02-14,Shoes E,Fashion,649000,3,C1311,Yogyakarta,15,Credit Card,1654950
2025-02-14,Monitor D,Electronics,2510000,2,C1792,Semarang,0,E-Wallet,5020000
2025-02-14,T-Shirt G,Fashion,274000,3,C1480,Yogyakarta,0,Bank Transfer,822000
2025-02-14,Monitor D,Electronics,2417000,1,C1463,Jakarta,10,Credit Card,2175300
2025-02-14,Lamp M,Home,293000,2,C0931,Surabaya,10,COD,527400
2025-02-14,Bag H,Fashion,456000,2,C1173,Semarang,10,E-Wallet,820800
2025-02-14,T-Shirt G,Fashion,262000,1,C1283,Semarang,10,E-Wallet,235800
2025-02-14,Headphone C,Electronics,777000,1,C0708,Jakarta,0,Credit Card,777000
2025-02-14,Lamp M,Home,313000,1,C0452,Jakarta,10,E-Wallet,281700
2025-02-14,Shoes E,Fashion,608000,1,C0479,Jakarta,0,E-Wallet,608000
2025-02-14,T-Shirt G,Fashion,252000,3,C1679,Solo,10,COD,680400
2025-02-14,Monitor D,Electronics,2442000,1,C1190,Solo,15,COD,2075700
2025-02-14,Tea K,Food,48000,1,C0485,Surabaya,15,Credit Card,40800
2025-02-15,Lamp M,Home,287000,5,C0207,Yogyakarta,10,Credit Card,1291500
2025-02-15,Headphone C,Electronics,744000,1,C1439,Jakarta,15,COD,632400
2025-02-15,Shoes E,Fashion,703000,1,C0997,Semarang,0,Bank Transfer,703000
2025-02-15,Monitor D,Electronics,2491000,3,C1205,Malang,10,COD,6725700
2025-02-15,Tea K,Food,53000,1,C0440,Yogyakarta,15,E-Wallet,45050
2025-02-15,Chocolate L,Food,64000,1,C1322,Jakarta,10,Credit Card,57600
2025-02-15,Tea K,Food,49000,4,C0071,Jakarta,5,COD,186200
2025-02-15,Headphone C,Electronics,725000,2,C0686,Jakarta,0,Bank Transfer,1450000
2025-02-15,Coffee I,Food,72000,3,C0533,Bandung,0,COD,216000
2025-02-15,Jacket F,Fashion,526000,2,C1363,Surabaya,0,COD,1052000
2025-02-15,Snack J,Food,34000,1,C1275,Bandung,10,Bank Transfer,30600
2025-02-15,Lamp M,Home,295000,1,C0688,Bandung,0,E-Wallet,295000
2025-02-16,Table O,Home,1510000,2,C0898,Semarang,10,Bank Transfer,2718000
2025-02-16,T-Shirt G,Fashion,238000,1,C0959,Surabaya,0,COD,238000
2025-02-16,Table O,Home,1578000,1,C1706,Bandung,5,Bank Transfer,1499100
2025-02-16,Headphone C,Electronics,778000,1,C2311,Semarang,10,Bank Transfer,700200
2025-02-16,Monitor D,Electronics,2364000,1,C0198,Jakarta,0,COD,2364000
2025-02-16,Tea K,Food,48000,2,C1200,Jakarta,0,Bank Transfer,96000
2025-02-16,Snack J,Food,32000,1,C0117,Jakarta,0,Bank Transfer,32000
2025-02-16,Smartphone B,Electronics,5099000,1,C0977,Jakarta,15,COD,4334150
2025-02-16,Shoes E,Fashion,649000,1,C1112,Semarang,10,Bank Transfer,584100
2025-02-16,Pillow P,Home,192000,2,C2468,Yogyakarta,10,Credit Card,345600
2025-02-16,Monitor D,Electronics,2370000,3,C2277,Surabaya,10,Credit Card,6399000
2025-02-16,Laptop A,Electronics,8549000,1,C1834,Surabaya,0,E-Wallet,8549000
2025-02-16,T-Shirt G,Fashion,259000,1,C1674,Solo,5,Credit Card,246050
2025-02-16,Headphone C,Electronics,712000,1,C0442,Solo,0,Bank Transfer,712000
2025-02-16,Lamp M,Home,289000,2,C1186,Jakarta,0,E-Wallet,578000
2025-02-16,Headphone C,Electronics,793000,1,C1773,Jakarta,0,E-Wallet,793000
2025-02-16,T-Shirt G,Fashion,234000,3,C0127,Yogyakarta,20,COD,561600
2025-02-17,Snack J,Food,38000,2,C1802,Surabaya,0,E-Wallet,76000
2025-02-17,Table O,Home,1580000,2,C2427,Bandung,0,E-Wallet,3160000
2025-02-17,Lamp M,Home,303000,1,C2352,Yogyakarta,5,E-Wallet,287850
2025-02-17,Table O,Home,1543000,4,C1907,Jakarta,20,COD,4937600
2025-02-17,Bag H,Fashion,470000,1,C1757,Yogyakarta,15,E-Wallet,399500
2025-02-17,Headphone C,Electronics,737000,3,C0546,Surabaya,5,Bank Transfer,2100450
2025-02-17,Chocolate L,Food,61000,1,C2393,Solo,15,Bank Transfer,51850
2025-02-17,Smartphone B,Electronics,5214000,2,C2094,Yogyakarta,10,E-Wallet,9385200
2025-02-17,Headphone C,Electronics,750000,1,C1637,Surabaya,10,E-Wallet,675000
2025-02-17,Shoes E,Fashion,641000,2,C1661,Surabaya,15,E-Wallet,1089700
2025-02-17,Shoes E,Fashion,674000,5,C0374,Semarang,0,Bank Transfer,3370000
2025-02-18,Laptop A,Electronics,8183000,1,C0533,Surabaya,0,Credit Card,8183000
2025-02-18,Shoes E,Fashion,662000,2,C0681,Bandung,5,Bank Transfer,1257800
2025-02-18,Table O,Home,1553000,1,C0821,Semarang,0,E-Wallet,1553000
2025-02-18,Jacket F,Fashion,525000,1,C1148,Yogyakarta,5,COD,498750
2025-02-18,Chair N,Home,832000,1,C0870,Surabaya,5,E-Wallet,790400
2025-02-18,Chocolate L,Food,62000,2,C0164,Surabaya,0,COD,124000
2025-02-18,Chair N,Home,926000,1,C1828,Surabaya,0,E-Wallet,926000
2025-02-18,Pillow P,Home,181000,3,C1469,Surabaya,20,COD,434400
2025-02-18,Pillow P,Home,182000,1,C0612,Yogyakarta,0,Bank Transfer,182000
2025-02-18,Shoes E,Fashion,679000,2,C1398,Surabaya,10,COD,1222200
2025-02-18,Laptop A,Electronics,8583000,1,C2428,Surabaya,10,COD,7724700
2025-02-18,Headphone C,Electronics,747000,2,C1737,Malang,10,E-Wallet,1344600
2025-02-18,Coffee I,Food,81000,2,C2150,Jakarta,5,E-Wallet,153900
2025-02-18,Smartphone B,Electronics,5026000,2,C0865,Jakarta,0,Bank Transfer,10052000
2025-02-18,Monitor D,Electronics,2532000,3,C2313,Jakarta,5,E-Wallet,7216200
2025-02-18,Tea K,Food,49000,1,C1219,Surabaya,10,COD,44100
2025-02-18,Laptop A,Electronics,8377000,2,C1574,Jakarta,5,COD,15916300
2025-02-18,Headphone C,Electronics,754000,4,C1706,Jakarta,0,E-Wallet,3016000
2025-02-18,Bag H,Fashion,461000,2,C1833,Yogyakarta,10,Bank Transfer,829800
2025-02-18,Laptop A,Electronics,9066000,5,C0549,Surabaya,0,Credit Card,45330000
2025-02-19,Coffee I,Food,82000,1,C2171,Malang,5,Credit Card,77900
2025-02-19,Monitor D,Electronics,2523000,1,C0131,Semarang,20,Bank Transfer,2018400
2025-02-19,Laptop A,Electronics,8421000,2,C1625,Surabaya,0,E-Wallet,16842000
2025-02-19,Pillow P,Home,178000,1,C0018,Yogyakarta,5,COD,169100
2025-02-19,Lamp M,Home,288000,1,C1746,Yogyakarta,0,COD,288000
2025-02-19,Chocolate L,Food,61000,3,C1182,Jakarta,10,E-Wallet,164700
2025-02-19,Laptop A,Electronics,8026000,1,C1137,Semarang,5,Credit Card,7624700
2025-02-19,Jacket F,Fashion,587000,3,C2197,Surabaya,10,E-Wallet,1584900
2025-02-19,Lamp M,Home,309000,5,C2067,Surabaya,5,E-Wallet,1467750
2025-02-19,Table O,Home,1567000,1,C1483,Bandung,0,E-Wallet,1567000
2025-02-19,Pillow P,Home,185000,1,C1398,Yogyakarta,0,Credit Card,185000
2025-02-19,T-Shirt G,Fashion,250000,2,C0026,Jakarta,0,Bank Transfer,500000
2025-02-19,Bag H,Fashion,463000,1,C0960,Yogyakarta,5,Credit Card,439850
2025-02-19,Table O,Home,1534000,3,C0242,Jakarta,0,Bank Transfer,4602000
2025-02-19,Headphone C,Electronics,731000,1,C1993,Jakarta,0,E-Wallet,731000
2025-02-20,Bag H,Fashion,434000,2,C1787,Malang,0,Bank Transfer,868000
2025-02-20,Headphone C,Electronics,751000,1,C0455,Surabaya,10,COD,675900
2025-02-20,Tea K,Food,53000,2,C2399,Bandung,0,COD,106000
2025-02-20,Coffee I,Food,78000,1,C1617,Semarang,10,Bank Transfer,70200
2025-02-20,Laptop A,Electronics,8641000,4,C0349,Yogyakarta,0,E-Wallet,34564000
2025-02-20,Smartphone B,Electronics,4818000,1,C0633,Semarang,5,E-Wallet,4577100
2025-02-20,Chocolate L,Food,59000,2,C1044,Jakarta,10,E-Wallet,106200
2025-02-20,Shoes E,Fashion,668000,1,C0504,Solo,0,E-Wallet,668000
2025-02-20,Snack J,Food,36000,4,C0402,Surabaya,0,E-Wallet,144000
2025-02-20,Headphone C,Electronics,743000,2,C2058,Jakarta,5,Bank Transfer,1411700
2025-02-21,Monitor D,Electronics,2404000,1,C0737,Jakarta,15,COD,2043400
2025-02-21,Headphone C,Electronics,764000,1,C1280,Bandung,0,E-Wallet,764000
2025-02-21,Snack J,Food,33000,3,C1228,Solo,5,Bank Transfer,94050
2025-02-21,Jacket F,Fashion,542000,1,C1384,Yogyakarta,10,E-Wallet,487800
2025-02-21,Monitor D,Electronics,2586000,1,C1656,Surabaya,0,Bank Transfer,2586000
2025-02-21,Jacket F,Fashion,557000,4,C1399,Malang,5,COD,2116600
2025-02-21,Bag H,Fashion,427000,4,C0694,Bandung,15,Bank Transfer,1451800
2025-02-21,Lamp M,Home,306000,3,C0941,Yogyakarta,5,COD,872100
2025-02-21,T-Shirt G,Fashion,255000,3,C2229,Jakarta,0,E-Wallet,765000
2025-02-21,Coffee I,Food,78000,2,C1415,Solo,10,Credit Card,140400
2025-02-21,Coffee I,Food,74000,2,C0354,Yogyakarta,10,Bank Transfer,133200
2025-02-21,Laptop A,Electronics,8135000,5,C0331,Semarang,0,COD,40675000
2025-02-21,Table O,Home,1544000,1,C2288,Malang,0,E-Wallet,1544000
2025-02-21,Headphone C,Electronics,726000,2,C1075,Jakarta,5,COD,1379400
2025-02-21,Tea K,Food,53000,1,C0080,Malang,15,E-Wallet,45050
2025-02-21,Monitor D,Electronics,2416000,3,C0319,Bandung,15,Bank Transfer,6160800
2025-02-21,Monitor D,Electronics,2399000,2,C2480,Jakarta,10,E-Wallet,4318200
2025-02-22,Snack J,Food,33000,1,C2132,Solo,0,Bank Transfer,33000
2025-02-22,Pillow P,Home,183000,1,C1300,Jakarta,15,Bank Transfer,155550
2025-02-22,Chair N,Home,869000,1,C1094,Surabaya,0,COD,869000
2025-02-22,Table O,Home,1466000,5,C1013,Solo,10,Credit Card,6597000
2025-02-22,Chair N,Home,874000,1,C1227,Jakarta,5,Credit Card,830300
2025-02-22,Pillow P,Home,170000,2,C2227,Semarang,0,Bank Transfer,340000
2025-02-22,Laptop A,Electronics,8752000,3,C0840,Surabaya,15,COD,22317600
2025-02-22,Snack J,Food,33000,1,C1768,Yogyakarta,20,Credit Card,26400
2025-02-22,T-Shirt G,Fashion,248000,3,C1995,Solo,0,Credit Card,744000
2025-02-22,Headphone C,Electronics,773000,4,C0909,Jakarta,10,Bank Transfer,2782800
2025-02-22,Laptop A,Electronics,8665000,1,C0859,Jakarta,10,E-Wallet,7798500
2025-02-22,Shoes E,Fashion,642000,2,C0589,Jakarta,20,E-Wallet,1027200
2025-02-22,Bag H,Fashion,457000,1,C2183,Yogyakarta,5,Credit Card,434150
2025-02-22,Smartphone B,Electronics,5179000,1,C0853,Bandung,0,E-Wallet,5179000
2025-02-22,Shoes E,Fashion,656000,1,C0034,Jakarta,15,Credit Card,557600
2025-02-22,Shoes E,Fashion,645000,1,C0240,Semarang,0,E-Wallet,645000
2025-02-23,Monitor D,Electronics,2457000,3,C0404,Solo,0,COD,7371000
2025-02-23,Coffee I,Food,80000,3,C2319,Bandung,20,Bank Transfer,192000
2025-02-23,Shoes E,Fashion,646000,1,C0946,Bandung,20,Bank Transfer,516800
2025-02-23,T-Shirt G,Fashion,249000,2,C1028,Jakarta,15,Bank Transfer,423300
2025-02-23,Smartphone B,Electronics,5203000,2,C0066,Jakarta,0,E-Wallet,10406000
2025-02-23,Tea K,Food,54000,1,C1032,Solo,5,Credit Card,51300
2025-02-23,Monitor D,Electronics,2616000,1,C1841,Jakarta,0,Bank Transfer,2616000
2025-02-23,Bag H,Fashion,465000,1,C1716,Malang,10,E-Wallet,418500
2025-02-23,Chocolate L,Food,61000,3,C0082,Bandung,10,Credit Card,164700
2025-02-23,Chocolate L,Food,61000,1,C2284,Jakarta,20,Bank Transfer,48800
2025-02-24,Pillow P,Home,177000,4,C0224,Semarang,10,Bank Transfer,637200
2025-02-24,Headphone C,Electronics,749000,3,C2215,Jakarta,10,E-Wallet,2022300
2025-02-24,Jacket F,Fashion,537000,2,C1678,Malang,5,COD,1020300
2025-02-24,Chocolate L,Food,61000,4,C0359,Jakarta,0,COD,244000
2025-02-24,Laptop A,Electronics,8527000,1,C0194,Surabaya,5,Credit Card,8100650
2025-02-24,Laptop A,Electronics,8540000,2,C1461,Surabaya,15,Credit Card,14518000
2025-02-24,Headphone C,Electronics,764000,1,C1303,Semarang,5,E-Wallet,725800
2025-02-24,Table O,Home,1529000,2,C0606,Jakarta,10,E-Wallet,2752200
2025-02-24,Coffee I,Food,77000,1,C1141,Jakarta,10,Credit Card,69300
2025-02-24,T-Shirt G,Fashion,250000,1,C0638,Solo,5,Credit Card,237500
2025-02-24,Shoes E,Fashion,615000,5,C0032,Solo,0,Bank Transfer,3075000
2025-02-24,Snack J,Food,35000,2,C2019,Jakarta,0,Bank Transfer,70000
2025-02-25,Jacket F,Fashion,558000,1,C2127,Jakarta,10,COD,502200
2025-02-25,Smartphone B,Electronics,4965000,1,C1838,Semarang,0,E-Wallet,4965000
2025-02-25,Headphone C,Electronics,789000,2,C1137,Surabaya,10,Credit Card,1420200
2025-02-25,Coffee I,Food,73000,2,C0930,Yogyakarta,10,E-Wallet,131400
2025-02-25,Chocolate L,Food,58000,1,C2097,Bandung,10,E-Wallet,52200
2025-02-25,Smartphone B,Electronics,4789000,1,C2201,Semarang,0,Credit Card,4789000
2025-02-25,Chocolate L,Food,61000,1,C1866,Semarang,10,E-Wallet,54900
2025-02-25,Lamp M,Home,305000,2,C0876,Bandung,0,Credit Card,610000
2025-02-25,Lamp M,Home,295000,1,C1585,Surabaya,0,Credit Card,295000
2025-02-25,Snack J,Food,37000,1,C0994,Solo,15,Bank Transfer,31450
2025-02-25,Chocolate L,Food,62000,2,C1820,Bandung,0,Bank Transfer,124000
2025-02-25,Smartphone B,Electronics,4976000,2,C0471,Malang,0,Credit Card,9952000
2025-02-25,Snack J,Food,34000,2,C1735,Jakarta,5,E-Wallet,64600
2025-02-25,Monitor D,Electronics,2334000,1,C1935,Bandung,0,COD,2334000
2025-02-25,Chocolate L,Food,58000,1,C0727,Yogyakarta,0,Bank Transfer,58000
2025-02-25,Shoes E,Fashion,656000,2,C1314,Surabaya,0,COD,1312000
2025-02-26,Chair N,Home,887000,1,C1899,Jakarta,10,E-Wallet,798300
2025-02-26,Lamp M,Home,278000,4,C2119,Bandung,0,Credit Card,1112000
2025-02-26,Table O,Home,1491000,2,C1432,Jakarta,0,Bank Transfer,2982000
2025-02-26,Coffee I,Food,75000,2,C1519,Bandung,5,COD,142500
2025-02-26,Table O,Home,1441000,2,C0958,Malang,20,Bank Transfer,2305600
2025-02-26,Coffee I,Food,71000,5,C0939,Yogyakarta,15,E-Wallet,301750
2025-02-26,Headphone C,Electronics,668000,2,C0369,Yogyakarta,0,E-Wallet,1336000
2025-02-26,Snack J,Food,37000,3,C1733,Jakarta,10,E-Wallet,99900
2025-02-26,Headphone C,Electronics,765000,1,C0211,Yogyakarta,0,Credit Card,765000
2025-02-26,Laptop A,Electronics,7865000,1,C0593,Yogyakarta,5,COD,7471750
2025-02-26,Jacket F,Fashion,597000,1,C1330,Jakarta,5,E-Wallet,567150
2025-02-26,Lamp M,Home,314000,3,C1884,Jakarta,15,E-Wallet,800700
2025-02-26,Chair N,Home,853000,2,C0944,Yogyakarta,0,Bank Transfer,1706000
2025-02-26,Shoes E,Fashion,658000,1,C0243,Bandung,0,Bank Transfer,658000
2025-02-27,Coffee I,Food,75000,5,C2483,Jakarta,20,Credit Card,300000
2025-02-27,Snack J,Food,34000,3,C1790,Malang,0,Bank Transfer,102000
2025-02-27,Chocolate L,Food,57000,5,C1873,Semarang,5,E-Wallet,270750
2025-02-27,Smartphone B,Electronics,5005000,3,C2021,Malang,0,E-Wallet,15015000
2025-02-27,Headphone C,Electronics,742000,1,C1718,Solo,0,E-Wallet,742000
2025-02-27,Headphone C,Electronics,691000,1,C0347,Jakarta,15,E-Wallet,587350
2025-02-27,Chocolate L,Food,58000,1,C2318,Jakarta,0,Bank Transfer,58000
2025-02-27,Snack J,Food,34000,1,C1415,Semarang,0,E-Wallet,34000
2025-02-27,Monitor D,Electronics,2499000,1,C1249,Jakarta,10,Credit Card,2249100
2025-02-27,Shoes E,Fashion,669000,4,C0158,Yogyakarta,5,COD,2542200
2025-02-27,Tea K,Food,52000,2,C2214,Malang,5,COD,98800
2025-02-27,T-Shirt G,Fashion,227000,1,C1031,Semarang,5,Credit Card,215650
2025-02-27,Smartphone B,Electronics,5152000,1,C2293,Bandung,5,Bank Transfer,4894400
2025-02-27,T-Shirt G,Fashion,248000,3,C1954,Jakarta,10,Bank Transfer,669600
2025-02-27,Chair N,Home,911000,2,C1436,Jakarta,15,Credit Card,1548700
2025-02-27,Tea K,Food,56000,1,C0566,Yogyakarta,0,Bank Transfer,56000
2025-02-27,Coffee I,Food,75000,2,C0904,Surabaya,0,E-Wallet,150000
2025-02-27,Coffee I,Food,76000,2,C0839,Malang,20,Credit Card,121600
2025-02-27,Coffee I,Food,75000,4,C1565,Semarang,5,Credit Card,285000
2025-02-27,Lamp M,Home,318000,3,C1134,Semarang,20,Credit Card,763200
2025-02-27,Bag H,Fashion,471000,1,C1181,Yogyakarta,0,E-Wallet,471000
2025-02-27,Lamp M,Home,289000,3,C1160,Semarang,15,E-Wallet,736950
2025-02-27,Chair N,Home,921000,1,C0330,Jakarta,20,COD,736800
2025-02-28,Lamp M,Home,279000,1,C1074,Yogyakarta,10,COD,251100
2025-02-28,Coffee I,Food,73000,5,C0604,Yogyakarta,0,E-Wallet,365000
2025-02-28,Snack J,Food,34000,3,C0531,Bandung,10,E-Wallet,91800
2025-02-28,Smartphone B,Electronics,4747000,2,C0917,Jakarta,10,Bank Transfer,8544600
2025-02-28,Pillow P,Home,175000,1,C1385,Bandung,10,COD,157500
2025-02-28,Chair N,Home,901000,1,C2483,Surabaya,10,Bank Transfer,810900
2025-02-28,Bag H,Fashion,406000,3,C1517,Jakarta,0,E-Wallet,1218000
2025-02-28,Table O,Home,1485000,1,C0388,Malang,10,Credit Card,1336500
2025-02-28,Monitor D,Electronics,2544000,1,C1418,Surabaya,5,E-Wallet,2416800
2025-02-28,Chocolate L,Food,57000,2,C1816,Jakarta,5,Credit Card,108300
2025-02-28,Tea K,Food,48000,3,C0635,Malang,5,Credit Card,136800
2025-02-28,Tea K,Food,54000,1,C0455,Jakarta,20,Bank Transfer,43200
2025-02-28,Coffee I,Food,76000,2,C0627,Solo,10,Bank Transfer,136800
2025-03-01,Laptop A,Electronics,7838000,4,C1134,Jakarta,5,Bank Transfer,29784400
2025-03-01,Table O,Home,1523000,1,C0280,Yogyakarta,0,Bank Transfer,1523000
2025-03-01,Chocolate L,Food,63000,1,C2258,Bandung,15,Bank Transfer,53550
2025-03-01,Tea K,Food,53000,2,C0303,Jakarta,15,Bank Transfer,90100
2025-03-01,Bag H,Fashion,422000,3,C0048,Surabaya,0,Bank Transfer,1266000
2025-03-01,Coffee I,Food,74000,2,C0498,Jakarta,15,E-Wallet,125800
2025-03-01,Tea K,Food,51000,1,C0694,Yogyakarta,0,Bank Transfer,51000
2025-03-01,Snack J,Food,35000,1,C1397,Surabaya,0,COD,35000
2025-03-01,Chocolate L,Food,57000,3,C0111,Surabaya,5,E-Wallet,162450
2025-03-01,Bag H,Fashion,475000,1,C2039,Semarang,5,Bank Transfer,451250
2025-03-01,Pillow P,Home,190000,1,C1782,Semarang,0,Bank Transfer,190000
2025-03-01,Smartphone B,Electronics,5044000,1,C0800,Surabaya,10,E-Wallet,4539600
2025-03-01,Pillow P,Home,184000,1,C2301,Malang,15,Credit Card,156400
2025-03-01,Chocolate L,Food,61000,2,C0355,Malang,10,COD,109800
2025-03-01,T-Shirt G,Fashion,257000,2,C0989,Bandung,10,COD,462600
2025-03-02,Laptop A,Electronics,8574000,3,C1274,Semarang,5,E-Wallet,24435900
2025-03-02,Table O,Home,1520000,1,C0053,Surabaya,10,E-Wallet,1368000
2025-03-02,Table O,Home,1544000,1,C2271,Yogyakarta,10,Credit Card,1389600
2025-03-02,Monitor D,Electronics,2498000,2,C0274,Yogyakarta,5,E-Wallet,4746200
2025-03-02,Monitor D,Electronics,2597000,1,C2271,Semarang,0,Bank Transfer,2597000
2025-03-02,Monitor D,Electronics,2419000,1,C2383,Semarang,15,E-Wallet,2056150
2025-03-02,Shoes E,Fashion,637000,3,C0202,Jakarta,15,COD,1624350
2025-03-02,T-Shirt G,Fashion,240000,2,C0149,Solo,10,COD,432000
2025-03-02,Snack J,Food,36000,1,C1859,Solo,0,Credit Card,36000
2025-03-02,Bag H,Fashion,480000,1,C0104,Semarang,0,E-Wallet,480000
2025-03-02,T-Shirt G,Fashion,249000,3,C1011,Surabaya,15,E-Wallet,634950
2025-03-02,Chair N,Home,849000,2,C2003,Bandung,15,COD,1443300
2025-03-02,Jacket F,Fashion,565000,2,C1748,Semarang,0,Credit Card,1130000
2025-03-03,Lamp M,Home,283000,2,C0188,Surabaya,5,COD,537700
2025-03-03,Jacket F,Fashion,539000,1,C2459,Surabaya,15,Credit Card,458150
2025-03-03,Coffee I,Food,75000,1,C2248,Jakarta,15,COD,63750
2025-03-03,Chocolate L,Food,58000,1,C1320,Yogyakarta,0,Bank Transfer,58000
2025-03-03,Chocolate L,Food,61000,1,C0117,Bandung,15,E-Wallet,51850
2025-03-03,Snack J,Food,35000,3,C1595,Malang,0,E-Wallet,105000
2025-03-03,Tea K,Food,49000,2,C2436,Bandung,10,E-Wallet,88200
2025-03-03,Coffee I,Food,82000,4,C0970,Jakarta,0,Credit Card,328000
2025-03-03,Coffee I,Food,73000,1,C1015,Yogyakarta,10,E-Wallet,65700
2025-03-03,Bag H,Fashion,445000,2,C2338,Surabaya,0,Bank Transfer,890000
2025-03-03,Laptop A,Electronics,8192000,1,C1907,Jakarta,5,Bank Transfer,7782400
2025-03-03,Laptop A,Electronics,8584000,1,C2467,Solo,5,COD,8154800
2025-03-03,Chocolate L,Food,61000,3,C0582,Surabaya,10,Bank Transfer,164700
2025-03-03,Bag H,Fashion,457000,3,C2061,Bandung,0,Bank Transfer,1371000
2025-03-03,Smartphone B,Electronics,5308000,2,C1491,Bandung,15,E-Wallet,9023600
2025-03-03,Lamp M,Home,296000,3,C0285,Malang,10,E-Wallet,799200
2025-03-03,Table O,Home,1470000,2,C2345,Jakarta,15,Bank Transfer,2499000
2025-03-03,Laptop A,Electronics,8675000,3,C0143,Surabaya,15,E-Wallet,22121250
2025-03-03,Lamp M,Home,303000,1,C2165,Surabaya,20,E-Wallet,242400
2025-03-03,Coffee I,Food,73000,5,C1446,Solo,5,COD,346750
2025-03-04,Monitor D,Electronics,2488000,1,C1231,Jakarta,0,COD,2488000
2025-03-04,Coffee I,Food,74000,4,C2267,Semarang,10,COD,266400
2025-03-04,Chair N,Home,918000,2,C0588,Surabaya,0,Credit Card,1836000
2025-03-04,Shoes E,Fashion,620000,2,C1211,Semarang,15,Bank Transfer,1054000
2025-03-04,Laptop A,Electronics,8107000,2,C0135,Jakarta,15,Credit Card,13781900
2025-03-04,Tea K,Food,51000,1,C0058,Surabaya,15,Credit Card,43350
2025-03-04,Bag H,Fashion,454000,1,C0995,Yogyakarta,0,COD,454000
2025-03-04,Chair N,Home,962000,1,C0907,Bandung,20,E-Wallet,769600
2025-03-04,Pillow P,Home,184000,1,C2313,Jakarta,0,E-Wallet,184000
2025-03-04,Snack J,Food,36000,1,C2350,Semarang,0,COD,36000
2025-03-04,Headphone C,Electronics,791000,1,C1039,Jakarta,15,COD,672350
2025-03-04,Laptop A,Electronics,8144000,4,C1766,Surabaya,10,E-Wallet,29318400
2025-03-04,Headphone C,Electronics,719000,1,C0813,Solo,0,Credit Card,719000
2025-03-04,Smartphone B,Electronics,5058000,1,C1041,Semarang,10,Bank Transfer,4552200
2025-03-04,Coffee I,Food,69000,1,C2050,Bandung,0,Credit Card,69000
2025-03-04,Shoes E,Fashion,662000,2,C0364,Bandung,0,E-Wallet,1324000
2025-03-04,Table O,Home,1485000,2,C1636,Bandung,5,COD,2821500
2025-03-04,Monitor D,Electronics,2516000,4,C0348,Bandung,10,E-Wallet,9057600
2025-03-04,Tea K,Food,50000,5,C1549,Solo,15,Bank Transfer,212500
2025-03-04,Laptop A,Electronics,8617000,4,C1075,Surabaya,0,COD,34468000
2025-03-04,Table O,Home,1479000,3,C1152,Semarang,5,E-Wallet,4215150
2025-03-05,Tea K,Food,54000,2,C0226,Malang,10,Credit Card,97200
2025-03-05,Lamp M,Home,301000,5,C0693,Surabaya,0,E-Wallet,1505000
2025-03-05,Chocolate L,Food,59000,1,C1649,Jakarta,10,COD,53100
2025-03-05,Snack J,Food,32000,4,C1824,Solo,0,COD,128000
2025-03-05,Coffee I,Food,72000,1,C2125,Yogyakarta,10,E-Wallet,64800
2025-03-05,Bag H,Fashion,428000,2,C0234,Surabaya,10,Credit Card,770400
2025-03-05,Headphone C,Electronics,766000,2,C1118,Semarang,0,E-Wallet,1532000
2025-03-05,T-Shirt G,Fashion,270000,2,C0554,Jakarta,10,Bank Transfer,486000
2025-03-05,Table O,Home,1475000,2,C2361,Yogyakarta,0,E-Wallet,2950000
2025-03-05,Jacket F,Fashion,554000,1,C0536,Semarang,10,Credit Card,498600
2025-03-05,Bag H,Fashion,456000,2,C0993,Solo,5,E-Wallet,866400
2025-03-05,Jacket F,Fashion,572000,4,C1744,Surabaya,0,Bank Transfer,2288000
2025-03-05,Smartphone B,Electronics,4666000,1,C0868,Semarang,0,Credit Card,4666000
2025-03-05,Lamp M,Home,294000,1,C0935,Bandung,20,Credit Card,235200
2025-03-06,Tea K,Food,48000,2,C1763,Solo,10,Bank Transfer,86400
2025-03-06,Shoes E,Fashion,639000,3,C1312,Bandung,0,Credit Card,1917000
2025-03-06,Laptop A,Electronics,8432000,1,C2473,Surabaya,5,Credit Card,8010400
2025-03-06,Monitor D,Electronics,2659000,3,C0159,Yogyakarta,10,E-Wallet,7179300
2025-03-06,Jacket F,Fashion,547000,2,C1111,Yogyakarta,15,Bank Transfer,929900
2025-03-06,Monitor D,Electronics,2685000,1,C0783,Yogyakarta,15,E-Wallet,2282250
2025-03-06,Table O,Home,1470000,1,C0218,Jakarta,0,E-Wallet,1470000
2025-03-06,Lamp M,Home,313000,2,C2135,Semarang,5,Bank Transfer,594700
2025-03-06,T-Shirt G,Fashion,234000,2,C0929,Malang,5,COD,444600
2025-03-06,Table O,Home,1604000,1,C0432,Surabaya,5,E-Wallet,1523800
2025-03-06,Coffee I,Food,76000,2,C1064,Semarang,0,E-Wallet,152000
2025-03-06,Coffee I,Food,68000,1,C2089,Jakarta,5,COD,64600
2025-03-06,Bag H,Fashion,480000,3,C0900,Surabaya,0,E-Wallet,1440000
2025-03-06,Chocolate L,Food,61000,1,C1273,Semarang,0,E-Wallet,61000
2025-03-06,Tea K,Food,51000,1,C1480,Surabaya,5,Credit Card,48450
2025-03-06,Table O,Home,1497000,2,C0723,Malang,15,Bank Transfer,2544900
2025-03-06,Bag H,Fashion,457000,5,C2136,Jakarta,0,Credit Card,2285000
2025-03-07,Shoes E,Fashion,685000,1,C2361,Surabaya,0,Credit Card,685000
2025-03-07,Monitor D,Electronics,2655000,1,C1116,Solo,20,COD,2124000
2025-03-07,Pillow P,Home,184000,2,C1806,Jakarta,20,E-Wallet,294400
2025-03-07,Monitor D,Electronics,2534000,4,C2044,Yogyakarta,0,E-Wallet,10136000
2025-03-07,Table O,Home,1590000,2,C1296,Yogyakarta,10,E-Wallet,2862000
2025-03-07,Bag H,Fashion,443000,2,C1677,Yogyakarta,20,COD,708800
2025-03-07,Pillow P,Home,175000,1,C1370,Yogyakarta,10,E-Wallet,157500
2025-03-07,Pillow P,Home,189000,1,C1207,Malang,15,COD,160650
2025-03-07,Laptop A,Electronics,8364000,1,C0541,Semarang,0,Bank Transfer,8364000
2025-03-07,Table O,Home,1544000,2,C1828,Malang,5,Credit Card,2933600
2025-03-07,Lamp M,Home,289000,1,C0095,Yogyakarta,0,Bank Transfer,289000
2025-03-07,Monitor D,Electronics,2329000,1,C1449,Jakarta,0,Bank Transfer,2329000
2025-03-07,Headphone C,Electronics,753000,3,C2179,Surabaya,10,Bank Transfer,2033100
2025-03-07,Bag H,Fashion,478000,5,C2468,Solo,0,Bank Transfer,2390000
2025-03-08,Shoes E,Fashion,598000,1,C0286,Yogyakarta,10,E-Wallet,538200
2025-03-08,Tea K,Food,51000,2,C0839,Jakarta,15,COD,86700
2025-03-08,Laptop A,Electronics,8166000,3,C0882,Solo,15,Bank Transfer,20823300
2025-03-08,Chocolate L,Food,57000,3,C1949,Semarang,0,Credit Card,171000
2025-03-08,Tea K,Food,52000,1,C2426,Surabaya,5,Credit Card,49400
2025-03-08,Chair N,Home,888000,1,C0209,Jakarta,0,Credit Card,888000
2025-03-08,T-Shirt G,Fashion,247000,5,C1626,Yogyakarta,5,Bank Transfer,1173250
2025-03-08,Chocolate L,Food,58000,1,C2034,Semarang,15,E-Wallet,49300
2025-03-08,Jacket F,Fashion,559000,5,C0346,Jakarta,5,Credit Card,2655250
2025-03-08,Snack J,Food,38000,1,C1758,Bandung,5,Bank Transfer,36100
2025-03-08,Snack J,Food,35000,1,C2005,Solo,15,COD,29750
2025-03-08,Jacket F,Fashion,558000,2,C0952,Yogyakarta,5,Credit Card,1060200
2025-03-08,Monitor D,Electronics,2325000,2,C1047,Surabaya,0,Credit Card,4650000
2025-03-08,Laptop A,Electronics,8844000,2,C0817,Yogyakarta,10,E-Wallet,15919200
2025-03-08,Laptop A,Electronics,9047000,2,C1366,Bandung,0,E-Wallet,18094000
2025-03-08,Snack J,Food,36000,2,C0176,Jakarta,10,COD,64800
2025-03-09,Jacket F,Fashion,563000,1,C0957,Bandung,0,Credit Card,563000
2025-03-09,T-Shirt G,Fashion,231000,2,C1760,Jakarta,20,Bank Transfer,369600
2025-03-09,Lamp M,Home,316000,5,C1379,Jakarta,20,COD,1264000
2025-03-09,T-Shirt G,Fashion,244000,1,C1969,Yogyakarta,0,COD,244000
2025-03-09,Pillow P,Home,182000,3,C1416,Jakarta,0,Bank Transfer,546000
2025-03-09,Headphone C,Electronics,825000,1,C1463,Surabaya,10,E-Wallet,742500
2025-03-09,Snack J,Food,35000,1,C2477,Surabaya,10,E-Wallet,31500
2025-03-09,Smartphone B,Electronics,5501000,3,C1430,Bandung,0,COD,16503000
2025-03-09,Snack J,Food,35000,1,C1210,Semarang,5,Credit Card,33250
2025-03-09,Coffee I,Food,79000,1,C2267,Jakarta,10,COD,71100
2025-03-09,Pillow P,Home,170000,1,C1382,Yogyakarta,10,Bank Transfer,153000
2025-03-09,Snack J,Food,37000,1,C2101,Surabaya,15,E-Wallet,31450
2025-03-09,Laptop A,Electronics,8096000,5,C2202,Surabaya,20,Credit Card,32384000
2025-03-09,Coffee I,Food,80000,1,C2037,Surabaya,20,COD,64000
2025-03-09,Monitor D,Electronics,2547000,1,C1995,Jakarta,0,E-Wallet,2547000
2025-03-09,Tea K,Food,51000,3,C0491,Solo,10,Bank Transfer,137700
2025-03-09,Laptop A,Electronics,8177000,1,C1030,Jakarta,0,Credit Card,8177000
2025-03-09,Bag H,Fashion,466000,3,C0783,Malang,0,Credit Card,1398000
2025-03-10,T-Shirt G,Fashion,213000,1,C1350,Jakarta,15,E-Wallet,181050
2025-03-10,Monitor D,Electronics,2566000,1,C0280,Semarang,15,Bank Transfer,2181100
2025-03-10,Chair N,Home,923000,3,C0762,Jakarta,5,Bank Transfer,2630550
2025-03-10,Monitor D,Electronics,2400000,2,C2035,Surabaya,0,Credit Card,4800000
2025-03-10,Lamp M,Home,297000,5,C2259,Solo,10,E-Wallet,1336500
2025-03-10,Smartphone B,Electronics,4779000,1,C1398,Jakarta,10,Bank Transfer,4301100
2025-03-10,Monitor D,Electronics,2425000,1,C1177,Jakarta,5,E-Wallet,2303750
2025-03-10,Coffee I,Food,72000,1,C0684,Surabaya,15,Credit Card,61200
2025-03-10,Monitor D,Electronics,2526000,1,C1232,Yogyakarta,0,E-Wallet,2526000
2025-03-10,T-Shirt G,Fashion,257000,3,C1989,Semarang,0,E-Wallet,771000
2025-03-10,Lamp M,Home,313000,2,C0065,Bandung,0,E-Wallet,626000
2025-03-10,Shoes E,Fashion,656000,1,C0383,Yogyakarta,10,Bank Transfer,590400
2025-03-10,Shoes E,Fashion,654000,1,C0647,Yogyakarta,5,Credit Card,621300
2025-03-10,Chocolate L,Food,58000,1,C0255,Surabaya,10,Credit Card,52200
2025-03-10,Shoes E,Fashion,630000,1,C2078,Jakarta,15,E-Wallet,535500
2025-03-10,Bag H,Fashion,485000,3,C0683,Surabaya,20,E-Wallet,1164000
2025-03-10,Shoes E,Fashion,667000,1,C1740,Yogyakarta,10,E-Wallet,600300
2025-03-11,Snack J,Food,35000,1,C2494,Surabaya,0,Bank Transfer,35000
2025-03-11,Jacket F,Fashion,558000,1,C1553,Surabaya,0,Credit Card,558000
2025-03-11,Shoes E,Fashion,632000,4,C0819,Semarang,15,E-Wallet,2148800
2025-03-11,Chocolate L,Food,57000,1,C0829,Bandung,5,E-Wallet,54150
2025-03-11,Chair N,Home,843000,5,C0946,Surabaya,5,E-Wallet,4004250
2025-03-11,Tea K,Food,53000,2,C2316,Surabaya,10,Bank Transfer,95400
2025-03-11,T-Shirt G,Fashion,246000,2,C1307,Surabaya,20,E-Wallet,393600
2025-03-11,Snack J,Food,34000,1,C2417,Semarang,0,Bank Transfer,34000
2025-03-11,Jacket F,Fashion,539000,3,C0855,Malang,0,E-Wallet,1617000
2025-03-11,Monitor D,Electronics,2299000,1,C0388,Semarang,20,Bank Transfer,1839200
2025-03-11,Snack J,Food,35000,3,C0602,Jakarta,0,E-Wallet,105000
2025-03-11,Headphone C,Electronics,766000,2,C0202,Bandung,5,E-Wallet,1455400
2025-03-11,Snack J,Food,35000,2,C2006,Bandung,0,Credit Card,70000
2025-03-11,Table O,Home,1372000,1,C0835,Yogyakarta,15,E-Wallet,1166200
2025-03-11,Shoes E,Fashion,659000,2,C1180,Surabaya,0,E-Wallet,1318000
2025-03-11,Snack J,Food,34000,2,C1958,Malang,0,Bank Transfer,68000
2025-03-11,Tea K,Food,48000,1,C1464,Yogyakarta,0,COD,48000
2025-03-11,Tea K,Food,48000,3,C0674,Surabaya,0,Credit Card,144000
2025-03-12,Headphone C,Electronics,787000,5,C2056,Solo,10,COD,3541500
2025-03-12,Snack J,Food,36000,1,C0822,Semarang,0,Credit Card,36000
2025-03-12,Headphone C,Electronics,750000,4,C0646,Semarang,5,E-Wallet,2850000
2025-03-12,Tea K,Food,54000,1,C0456,Yogyakarta,0,Credit Card,54000
2025-03-12,Laptop A,Electronics,8298000,1,C2175,Bandung,5,Credit Card,7883100
2025-03-12,T-Shirt G,Fashion,258000,2,C1559,Surabaya,0,Bank Transfer,516000
2025-03-12,Headphone C,Electronics,738000,5,C1442,Yogyakarta,5,COD,3505500
2025-03-12,Jacket F,Fashion,565000,1,C0124,Jakarta,0,E-Wallet,565000
2025-03-12,Monitor D,Electronics,2618000,1,C0182,Surabaya,10,Credit Card,2356200
2025-03-12,Laptop A,Electronics,8613000,3,C0538,Yogyakarta,10,Credit Card,23255100
2025-03-12,Tea K,Food,50000,1,C0625,Surabaya,5,Bank Transfer,47500
2025-03-12,Lamp M,Home,313000,2,C0431,Jakarta,0,Bank Transfer,626000
2025-03-12,Monitor D,Electronics,2675000,1,C1082,Malang,10,COD,2407500
2025-03-13,T-Shirt G,Fashion,248000,1,C1425,Jakarta,0,E-Wallet,248000
2025-03-13,Monitor D,Electronics,2283000,1,C2406,Jakarta,20,Bank Transfer,1826400
2025-03-13,T-Shirt G,Fashion,268000,1,C0921,Semarang,10,Bank Transfer,241200
2025-03-13,Smartphone B,Electronics,4694000,2,C1367,Malang,10,Bank Transfer,8449200
2025-03-13,Jacket F,Fashion,558000,2,C0288,Bandung,0,E-Wallet,1116000
2025-03-13,Lamp M,Home,297000,2,C1124,Semarang,5,COD,564300
2025-03-13,Bag H,Fashion,486000,3,C0265,Jakarta,0,Credit Card,1458000
2025-03-13,Chair N,Home,891000,2,C2126,Malang,5,COD,1692900
2025-03-13,Laptop A,Electronics,8402000,2,C0566,Yogyakarta,15,Credit Card,14283400
2025-03-13,Lamp M,Home,330000,3,C2242,Semarang,10,E-Wallet,891000
2025-03-13,Jacket F,Fashion,569000,2,C2399,Surabaya,0,Credit Card,1138000
2025-03-13,Tea K,Food,49000,2,C1662,Semarang,10,E-Wallet,88200
2025-03-13,Bag H,Fashion,441000,1,C2010,Malang,0,COD,441000
2025-03-13,Lamp M,Home,309000,5,C2325,Bandung,15,Credit Card,1313250
2025-03-13,Bag H,Fashion,415000,4,C0907,Semarang,15,E-Wallet,1411000
2025-03-13,Chair N,Home,917000,2,C0236,Malang,0,E-Wallet,1834000
2025-03-13,Coffee I,Food,80000,5,C1876,Malang,15,COD,340000
2025-03-14,Coffee I,Food,75000,4,C2386,Semarang,10,Credit Card,270000
2025-03-14,Snack J,Food,35000,2,C1287,Surabaya,0,Credit Card,70000
2025-03-14,Jacket F,Fashion,532000,1,C2252,Yogyakarta,0,Bank Transfer,532000
2025-03-14,Chair N,Home,914000,1,C1338,Jakarta,10,E-Wallet,822600
2025-03-14,Smartphone B,Electronics,4730000,3,C0321,Solo,0,Bank Transfer,14190000
2025-03-14,Chocolate L,Food,61000,2,C1054,Jakarta,5,E-Wallet,115900
2025-03-14,Headphone C,Electronics,738000,1,C0942,Surabaya,20,COD,590400
2025-03-14,Chocolate L,Food,63000,2,C2493,Semarang,15,Credit Card,107100
2025-03-14,Coffee I,Food,74000,1,C0947,Bandung,5,Bank Transfer,70300
2025-03-14,Smartphone B,Electronics,5013000,3,C2344,Jakarta,10,E-Wallet,13535100
2025-03-14,Pillow P,Home,180000,1,C1065,Yogyakarta,5,E-Wallet,171000
2025-03-14,Smartphone B,Electronics,4980000,1,C0975,Jakarta,10,Credit Card,4482000
2025-03-14,Bag H,Fashion,465000,1,C1953,Jakarta,0,Credit Card,465000
2025-03-14,Snack J,Food,34000,2,C1755,Bandung,15,Bank Transfer,57800
2025-03-14,Lamp M,Home,299000,1,C0501,Jakarta,15,COD,254150
2025-03-14,Monitor D,Electronics,2518000,1,C2461,Yogyakarta,0,COD,2518000
2025-03-14,Snack J,Food,34000,1,C0671,Jakarta,0,Credit Card,34000
2025-03-14,Lamp M,Home,288000,1,C0048,Bandung,5,E-Wallet,273600
2025-03-14,Pillow P,Home,179000,1,C1542,Surabaya,0,E-Wallet,179000
2025-03-14,Chocolate L,Food,57000,2,C1843,Semarang,0,Credit Card,114000
2025-03-15,Headphone C,Electronics,767000,1,C2401,Bandung,15,COD,651950
2025-03-15,Coffee I,Food,73000,1,C0922,Surabaya,5,Bank Transfer,69350
2025-03-15,Smartphone B,Electronics,4897000,1,C0093,Malang,10,COD,4407300
2025-03-15,Coffee I,Food,77000,3,C1144,Surabaya,5,Bank Transfer,219450
2025-03-15,Table O,Home,1513000,1,C1578,Jakarta,5,E-Wallet,1437350
2025-03-15,Jacket F,Fashion,539000,2,C1288,Surabaya,0,Credit Card,1078000
2025-03-15,Tea K,Food,50000,1,C2096,Surabaya,10,Bank Transfer,45000
2025-03-15,Headphone C,Electronics,743000,1,C0445,Jakarta,20,E-Wallet,594400
2025-03-15,Coffee I,Food,81000,3,C0094,Jakarta,10,E-Wallet,218700
2025-03-15,Snack J,Food,35000,2,C2454,Jakarta,5,Bank Transfer,66500
2025-03-15,Coffee I,Food,76000,2,C1846,Yogyakarta,5,E-Wallet,144400
2025-03-16,Headphone C,Electronics,713000,4,C0282,Semarang,15,COD,2424200
2025-03-16,Tea K,Food,50000,3,C0808,Semarang,5,Credit Card,142500
2025-03-16,Snack J,Food,33000,3,C0718,Jakarta,0,Credit Card,99000
2025-03-16,T-Shirt G,Fashion,235000,1,C0359,Yogyakarta,15,E-Wallet,199750
2025-03-16,Monitor D,Electronics,2563000,1,C0556,Surabaya,10,Bank Transfer,2306700
2025-03-16,Shoes E,Fashion,644000,4,C1501,Surabaya,10,COD,2318400
2025-03-16,Headphone C,Electronics,789000,1,C2173,Jakarta,5,E-Wallet,749550
2025-03-16,Snack J,Food,33000,2,C0721,Jakarta,0,Credit Card,66000
2025-03-16,Smartphone B,Electronics,5267000,1,C0358,Semarang,5,COD,5003650
2025-03-16,Jacket F,Fashion,531000,1,C0474,Solo,0,Bank Transfer,531000
2025-03-17,Bag H,Fashion,431000,2,C0907,Solo,5,Bank Transfer,818900
2025-03-17,Monitor D,Electronics,2570000,1,C0769,Bandung,0,E-Wallet,2570000
2025-03-17,Smartphone B,Electronics,4993000,4,C0604,Jakarta,10,COD,17974800
2025-03-17,Chocolate L,Food,65000,1,C0572,Semarang,15,E-Wallet,55250
2025-03-17,Bag H,Fashion,446000,4,C0394,Solo,15,Credit Card,1516400
2025-03-17,Table O,Home,1495000,1,C1921,Semarang,0,COD,1495000
2025-03-17,Headphone C,Electronics,731000,1,C1562,Bandung,5,Credit Card,694450
2025-03-17,Lamp M,Home,296000,1,C1195,Semarang,5,Credit Card,281200
2025-03-17,Table O,Home,1450000,3,C0367,Solo,10,E-Wallet,3915000
2025-03-17,Table O,Home,1501000,2,C1783,Jakarta,0,Bank Transfer,3002000
2025-03-17,Monitor D,Electronics,2420000,2,C0602,Surabaya,0,COD,4840000
2025-03-17,Lamp M,Home,289000,2,C2130,Malang,5,COD,549100
2025-03-17,Shoes E,Fashion,644000,1,C0552,Jakarta,5,E-Wallet,611800
2025-03-17,Chocolate L,Food,60000,2,C0962,Surabaya,5,E-Wallet,114000
2025-03-17,Monitor D,Electronics,2439000,2,C0977,Jakarta,10,E-Wallet,4390200
2025-03-18,Smartphone B,Electronics,4843000,4,C0080,Semarang,5,COD,18403400
2025-03-18,Monitor D,Electronics,2464000,2,C0345,Surabaya,0,E-Wallet,4928000
2025-03-18,Coffee I,Food,75000,1,C2201,Bandung,15,Credit Card,63750
2025-03-18,Snack J,Food,34000,1,C1331,Jakarta,10,E-Wallet,30600
2025-03-18,Headphone C,Electronics,800000,1,C1654,Jakarta,10,E-Wallet,720000
2025-03-18,Bag H,Fashion,449000,1,C1890,Jakarta,15,E-Wallet,381650
2025-03-18,Shoes E,Fashion,589000,1,C0784,Jakarta,0,Credit Card,589000
2025-03-18,Jacket F,Fashion,527000,2,C0745,Semarang,0,COD,1054000
2025-03-18,Lamp M,Home,295000,3,C0758,Malang,0,E-Wallet,885000
2025-03-18,Chocolate L,Food,58000,5,C2486,Surabaya,10,Bank Transfer,261000
2025-03-18,Coffee I,Food,75000,4,C0271,Jakarta,15,COD,255000
2025-03-18,Bag H,Fashion,442000,4,C2176,Yogyakarta,0,E-Wallet,1768000
2025-03-18,Coffee I,Food,76000,4,C0423,Semarang,10,E-Wallet,273600
2025-03-18,T-Shirt G,Fashion,253000,1,C1972,Surabaya,0,COD,253000
2025-03-18,Snack J,Food,35000,1,C0906,Malang,10,Credit Card,31500
2025-03-18,Lamp M,Home,291000,4,C0535,Jakarta,20,E-Wallet,931200
2025-03-19,Smartphone B,Electronics,5039000,2,C0581,Malang,0,Bank Transfer,10078000
2025-03-19,Smartphone B,Electronics,4827000,1,C1641,Jakarta,10,E-Wallet,4344300
2025-03-19,Tea K,Food,49000,2,C1496,Jakarta,5,Credit Card,93100
2025-03-19,Smartphone B,Electronics,4777000,3,C1790,Yogyakarta,10,COD,12897900
2025-03-19,Chocolate L,Food,57000,2,C0955,Bandung,5,COD,108300
2025-03-19,Lamp M,Home,299000,3,C0747,Jakarta,0,Bank Transfer,897000
2025-03-19,Headphone C,Electronics,759000,1,C1303,Jakarta,5,E-Wallet,721050
2025-03-19,Chocolate L,Food,57000,1,C1901,Surabaya,0,Credit Card,57000
2025-03-19,Snack J,Food,34000,2,C1305,Yogyakarta,10,E-Wallet,61200
2025-03-19,Jacket F,Fashion,603000,2,C1117,Malang,5,E-Wallet,1145700
2025-03-19,Table O,Home,1586000,5,C2149,Jakarta,10,E-Wallet,7137000
2025-03-19,Jacket F,Fashion,569000,1,C1898,Solo,10,E-Wallet,512100
2025-03-19,Pillow P,Home,179000,1,C1614,Solo,0,Credit Card,179000
2025-03-19,T-Shirt G,Fashion,240000,1,C0028,Malang,15,Bank Transfer,204000
2025-03-19,Snack J,Food,34000,2,C0739,Surabaya,15,Bank Transfer,57800
2025-03-20,Table O,Home,1512000,1,C1725,Solo,10,Bank Transfer,1360800
2025-03-20,T-Shirt G,Fashion,252000,2,C0305,Yogyakarta,10,Bank Transfer,453600
2025-03-20,Coffee I,Food,76000,2,C1149,Semarang,5,Credit Card,144400
2025-03-20,Lamp M,Home,320000,1,C1031,Bandung,0,Credit Card,320000
2025-03-20,Monitor D,Electronics,2539000,3,C1390,Malang,0,E-Wallet,7617000
2025-03-20,Table O,Home,1405000,1,C1616,Jakarta,10,E-Wallet,1264500
2025-03-20,Tea K,Food,51000,1,C2247,Surabaya,20,E-Wallet,40800
2025-03-20,Jacket F,Fashion,567000,1,C1672,Solo,20,Credit Card,453600
2025-03-20,Bag H,Fashion,446000,1,C1163,Yogyakarta,10,E-Wallet,401400
2025-03-20,Lamp M,Home,306000,2,C1191,Surabaya,20,Bank Transfer,489600
2025-03-20,Tea K,Food,48000,2,C2266,Yogyakarta,0,E-Wallet,96000
2025-03-20,Bag H,Fashion,463000,2,C1075,Bandung,10,Bank Transfer,833400
2025-03-20,Laptop A,Electronics,8865000,4,C2150,Jakarta,15,Bank Transfer,30141000
2025-03-20,Lamp M,Home,297000,1,C1301,Surabaya,0,E-Wallet,297000
2025-03-20,Coffee I,Food,75000,2,C2436,Yogyakarta,5,Bank Transfer,142500
2025-03-20,Monitor D,Electronics,2420000,2,C0095,Bandung,5,Credit Card,4598000
2025-03-21,Tea K,Food,49000,4,C0911,Yogyakarta,10,COD,176400
2025-03-21,Pillow P,Home,187000,3,C1590,Surabaya,0,Credit Card,561000
2025-03-21,T-Shirt G,Fashion,261000,1,C0853,Semarang,15,E-Wallet,221850
2025-03-21,Shoes E,Fashion,633000,1,C2300,Yogyakarta,20,Bank Transfer,506400
2025-03-21,T-Shirt G,Fashion,252000,1,C0528,Yogyakarta,0,Bank Transfer,252000
2025-03-21,Pillow P,Home,171000,1,C1949,Bandung,0,COD,171000
2025-03-21,Shoes E,Fashion,683000,5,C1421,Bandung,0,E-Wallet,3415000
2025-03-21,Laptop A,Electronics,9043000,1,C0832,Surabaya,5,Bank Transfer,8590850
2025-03-21,Monitor D,Electronics,2357000,3,C0282,Yogyakarta,0,E-Wallet,7071000
2025-03-21,Monitor D,Electronics,2516000,1,C2163,Jakarta,10,Bank Transfer,2264400
2025-03-21,Coffee I,Food,72000,3,C0934,Malang,10,Bank Transfer,194400
2025-03-21,Snack J,Food,33000,1,C0625,Yogyakarta,10,COD,29700
2025-03-21,Lamp M,Home,272000,2,C1520,Malang,0,Credit Card,544000
2025-03-21,Lamp M,Home,305000,1,C1066,Surabaya,5,Credit Card,289750
2025-03-21,Laptop A,Electronics,8414000,2,C0586,Bandung,5,Bank Transfer,15986600
2025-03-21,Laptop A,Electronics,8398000,1,C2047,Jakarta,10,Credit Card,7558200
2025-03-21,Tea K,Food,51000,2,C1648,Surabaya,0,Credit Card,102000
2025-03-21,Chair N,Home,915000,2,C1786,Semarang,15,Credit Card,1555500
2025-03-21,Headphone C,Electronics,766000,2,C1885,Jakarta,0,Bank Transfer,1532000
2025-03-22,Table O,Home,1553000,3,C0673,Jakarta,15,Credit Card,3960150
2025-03-22,Headphone C,Electronics,723000,3,C1362,Jakarta,20,Bank Transfer,1735200
2025-03-22,Shoes E,Fashion,628000,1,C0916,Semarang,5,Bank Transfer,596600
2025-03-22,Coffee I,Food,76000,3,C2288,Bandung,15,Bank Transfer,193800
2025-03-22,Pillow P,Home,192000,1,C1277,Bandung,0,Bank Transfer,192000
2025-03-22,Headphone C,Electronics,734000,1,C1997,Jakarta,20,Credit Card,587200
2025-03-22,Shoes E,Fashion,688000,1,C1958,Yogyakarta,15,E-Wallet,584800
2025-03-22,Headphone C,Electronics,717000,5,C1191,Bandung,10,COD,3226500
2025-03-22,Chocolate L,Food,58000,3,C0416,Malang,0,COD,174000
2025-03-22,Lamp M,Home,311000,2,C2310,Jakarta,0,Bank Transfer,622000
2025-03-22,Headphone C,Electronics,698000,2,C1990,Bandung,15,E-Wallet,1186600
2025-03-22,Bag H,Fashion,448000,1,C2210,Yogyakarta,10,Bank Transfer,403200
2025-03-22,Snack J,Food,31000,2,C2426,Solo,10,E-Wallet,55800
2025-03-22,T-Shirt G,Fashion,242000,1,C1893,Surabaya,10,COD,217800
2025-03-22,Tea K,Food,50000,1,C0881,Surabaya,5,Credit Card,47500
2025-03-22,Jacket F,Fashion,582000,3,C0176,Bandung,0,COD,1746000
2025-03-22,Smartphone B,Electronics,5016000,1,C0286,Jakarta,0,COD,5016000
2025-03-23,Jacket F,Fashion,517000,2,C2393,Bandung,0,E-Wallet,1034000
2025-03-23,Coffee I,Food,76000,2,C0624,Jakarta,0,Credit Card,152000
2025-03-23,Snack J,Food,34000,2,C1835,Jakarta,5,Bank Transfer,64600
2025-03-23,Bag H,Fashion,449000,4,C0849,Bandung,10,Bank Transfer,1616400
2025-03-23,Bag H,Fashion,458000,3,C0253,Bandung,0,COD,1374000
2025-03-23,Chair N,Home,884000,1,C0323,Bandung,15,E-Wallet,751400
2025-03-23,Chair N,Home,988000,1,C1688,Jakarta,10,Bank Transfer,889200
2025-03-23,Smartphone B,Electronics,5046000,5,C0734,Yogyakarta,0,E-Wallet,25230000
2025-03-23,Pillow P,Home,179000,1,C0093,Yogyakarta,15,E-Wallet,152150
2025-03-23,Chair N,Home,939000,3,C0278,Bandung,5,Credit Card,2676150
2025-03-23,Chair N,Home,893000,1,C1994,Surabaya,15,Bank Transfer,759050
2025-03-23,Chocolate L,Food,58000,2,C0456,Yogyakarta,0,COD,116000
2025-03-23,Smartphone B,Electronics,5172000,1,C2322,Surabaya,15,Bank Transfer,4396200
2025-03-24,Chair N,Home,894000,2,C0909,Bandung,10,Bank Transfer,1609200
2025-03-24,Tea K,Food,51000,2,C1258,Solo,10,E-Wallet,91800
2025-03-24,Bag H,Fashion,455000,1,C0836,Bandung,10,E-Wallet,409500
2025-03-24,Chocolate L,Food,58000,2,C0247,Bandung,5,Bank Transfer,110200
2025-03-24,Jacket F,Fashion,571000,2,C0748,Bandung,15,E-Wallet,970700
2025-03-24,Lamp M,Home,289000,1,C1415,Yogyakarta,5,Bank Transfer,274550
2025-03-24,Tea K,Food,51000,2,C1062,Yogyakarta,0,COD,102000
2025-03-24,Monitor D,Electronics,2406000,2,C0161,Surabaya,15,E-Wallet,4090200
2025-03-24,Bag H,Fashion,447000,2,C0789,Semarang,10,COD,804600
2025-03-24,Table O,Home,1515000,3,C1338,Yogyakarta,10,Credit Card,4090500
2025-03-24,Smartphone B,Electronics,4991000,1,C2272,Solo,5,Credit Card,4741450
2025-03-24,Jacket F,Fashion,581000,1,C0187,Jakarta,5,Bank Transfer,551950
2025-03-24,Tea K,Food,49000,2,C0683,Yogyakarta,0,Credit Card,98000
2025-03-24,Bag H,Fashion,489000,2,C0860,Semarang,20,COD,782400
2025-03-24,Shoes E,Fashion,674000,1,C1382,Jakarta,0,Bank Transfer,674000
2025-03-24,Monitor D,Electronics,2414000,3,C1863,Bandung,0,Bank Transfer,7242000
2025-03-24,Laptop A,Electronics,8212000,1,C0431,Semarang,0,Credit Card,8212000
2025-03-25,Monitor D,Electronics,2456000,2,C1336,Jakarta,0,COD,4912000
2025-03-25,Laptop A,Electronics,8272000,3,C1486,Surabaya,15,E-Wallet,21093600
2025-03-25,Smartphone B,Electronics,4972000,2,C0772,Yogyakarta,0,Credit Card,9944000
2025-03-25,T-Shirt G,Fashion,247000,2,C1494,Bandung,20,E-Wallet,395200
2025-03-25,Smartphone B,Electronics,4544000,2,C1866,Malang,10,Credit Card,8179200
2025-03-25,Coffee I,Food,74000,1,C1187,Malang,20,E-Wallet,59200
2025-03-25,Shoes E,Fashion,707000,1,C1108,Jakarta,5,E-Wallet,671650
2025-03-25,Pillow P,Home,177000,1,C0288,Jakarta,0,Bank Transfer,177000
2025-03-25,Tea K,Food,51000,1,C0727,Surabaya,10,E-Wallet,45900
2025-03-25,Shoes E,Fashion,651000,1,C0060,Semarang,10,E-Wallet,585900
2025-03-25,Pillow P,Home,189000,1,C0267,Semarang,0,E-Wallet,189000
2025-03-25,Laptop A,Electronics,8382000,2,C1969,Jakarta,5,COD,15925800
2025-03-25,Bag H,Fashion,443000,2,C2322,Surabaya,10,Credit Card,797400
2025-03-26,Pillow P,Home,186000,2,C1920,Malang,10,Credit Card,334800
2025-03-26,Chair N,Home,896000,1,C2427,Bandung,0,E-Wallet,896000
2025-03-26,Bag H,Fashion,439000,1,C2197,Malang,0,COD,439000
2025-03-26,Snack J,Food,36000,1,C1340,Yogyakarta,5,Credit Card,34200
2025-03-26,Chair N,Home,920000,2,C1854,Malang,10,Credit Card,1656000
2025-03-26,Snack J,Food,33000,1,C2349,Bandung,5,E-Wallet,31350
2025-03-26,Headphone C,Electronics,765000,1,C1802,Semarang,10,E-Wallet,688500
2025-03-26,Snack J,Food,34000,1,C1282,Surabaya,15,COD,28900
2025-03-26,T-Shirt G,Fashion,245000,2,C1125,Bandung,20,E-Wallet,392000
2025-03-26,Jacket F,Fashion,578000,2,C1577,Jakarta,5,Bank Transfer,1098200
2025-03-26,Pillow P,Home,187000,2,C2169,Yogyakarta,0,Credit Card,374000
2025-03-26,Chair N,Home,933000,1,C0743,Yogyakarta,0,Bank Transfer,933000
2025-03-26,Lamp M,Home,305000,1,C0742,Bandung,10,E-Wallet,274500
2025-03-26,Monitor D,Electronics,2391000,3,C2398,Surabaya,0,Bank Transfer,7173000
2025-03-26,Bag H,Fashion,436000,2,C0081,Surabaya,10,COD,784800
2025-03-26,Snack J,Food,33000,1,C2229,Surabaya,0,E-Wallet,33000
2025-03-26,T-Shirt G,Fashion,253000,1,C0878,Yogyakarta,0,Credit Card,253000
2025-03-26,Pillow P,Home,187000,1,C0892,Yogyakarta,5,E-Wallet,177650
2025-03-27,Bag H,Fashion,438000,2,C1652,Surabaya,15,E-Wallet,744600
2025-03-27,Tea K,Food,51000,4,C2090,Jakarta,20,Bank Transfer,163200
2025-03-27,Chair N,Home,926000,2,C1409,Yogyakarta,15,Credit Card,1574200
2025-03-27,Bag H,Fashion,431000,1,C0495,Solo,0,E-Wallet,431000
2025-03-27,Lamp M,Home,291000,3,C0157,Bandung,15,E-Wallet,742050
2025-03-27,Monitor D,Electronics,2457000,1,C1261,Bandung,10,Credit Card,2211300
2025-03-27,T-Shirt G,Fashion,236000,1,C0119,Bandung,0,Credit Card,236000
2025-03-27,Tea K,Food,47000,5,C1954,Malang,10,Bank Transfer,211500
2025-03-27,Bag H,Fashion,465000,1,C2251,Bandung,0,E-Wallet,465000
2025-03-27,Laptop A,Electronics,9081000,3,C1933,Jakarta,5,E-Wallet,25880850
2025-03-27,Laptop A,Electronics,8532000,4,C1199,Jakarta,15,E-Wallet,29008800
2025-03-27,Chocolate L,Food,58000,1,C0040,Solo,0,E-Wallet,58000
2025-03-27,Bag H,Fashion,447000,2,C0191,Surabaya,10,Credit Card,804600
2025-03-27,Coffee I,Food,71000,1,C1539,Bandung,0,Credit Card,71000
2025-03-27,Shoes E,Fashion,635000,3,C2290,Malang,10,Credit Card,1714500
2025-03-27,Bag H,Fashion,461000,2,C0377,Surabaya,10,E-Wallet,829800
2025-03-27,Monitor D,Electronics,2614000,1,C1048,Malang,15,Bank Transfer,2221900
2025-03-28,Lamp M,Home,291000,1,C0341,Bandung,0,E-Wallet,291000
2025-03-28,Pillow P,Home,178000,4,C1413,Jakarta,15,E-Wallet,605200
2025-03-28,Jacket F,Fashion,545000,1,C1360,Solo,0,COD,545000
2025-03-28,Laptop A,Electronics,8660000,2,C2159,Yogyakarta,5,COD,16454000
2025-03-28,Jacket F,Fashion,506000,1,C1607,Semarang,15,Credit Card,430100
2025-03-28,Snack J,Food,35000,3,C0784,Jakarta,5,E-Wallet,99750
2025-03-28,Shoes E,Fashion,657000,1,C0129,Semarang,0,Bank Transfer,657000
2025-03-28,Snack J,Food,37000,1,C1774,Semarang,15,Credit Card,31450
2025-03-28,Laptop A,Electronics,8609000,2,C0031,Semarang,10,COD,15496200
2025-03-28,Laptop A,Electronics,8804000,1,C1000,Bandung,0,Credit Card,8804000
2025-03-28,Snack J,Food,35000,3,C0045,Jakarta,0,Credit Card,105000
2025-03-28,Laptop A,Electronics,8421000,2,C2037,Bandung,5,Credit Card,15999900
2025-03-28,Shoes E,Fashion,651000,2,C1511,Solo,10,Bank Transfer,1171800
2025-03-28,Laptop A,Electronics,8245000,1,C1052,Surabaya,5,E-Wallet,7832750
2025-03-28,Snack J,Food,33000,2,C2128,Malang,15,COD,56100
2025-03-28,Coffee I,Food,76000,1,C1907,Surabaya,0,Credit Card,76000
2025-03-28,Chair N,Home,837000,2,C0235,Jakarta,0,E-Wallet,1674000
2025-03-28,Tea K,Food,48000,5,C1759,Semarang,0,Credit Card,240000
2025-03-28,Table O,Home,1504000,1,C1004,Semarang,15,Credit Card,1278400
2025-03-28,Snack J,Food,33000,1,C2431,Surabaya,5,COD,31350
2025-03-28,Chair N,Home,952000,2,C2379,Surabaya,5,E-Wallet,1808800
2025-03-28,Chocolate L,Food,64000,2,C1849,Surabaya,15,Bank Transfer,108800
2025-03-28,T-Shirt G,Fashion,259000,1,C1241,Yogyakarta,0,E-Wallet,259000
2025-03-29,Bag H,Fashion,462000,1,C0742,Semarang,5,E-Wallet,438900
2025-03-29,Lamp M,Home,300000,1,C2048,Surabaya,0,Credit Card,300000
2025-03-29,Laptop A,Electronics,8497000,3,C0581,Solo,0,E-Wallet,25491000
2025-03-29,Coffee I,Food,80000,1,C0102,Bandung,15,E-Wallet,68000
2025-03-29,Laptop A,Electronics,8420000,1,C2185,Jakarta,5,COD,7999000
2025-03-29,Monitor D,Electronics,2484000,1,C0831,Surabaya,10,Bank Transfer,2235600
2025-03-29,Lamp M,Home,298000,2,C1174,Jakarta,10,Bank Transfer,536400
2025-03-29,Shoes E,Fashion,675000,3,C1907,Yogyakarta,15,E-Wallet,1721250
2025-03-29,Snack J,Food,37000,5,C0913,Malang,10,Bank Transfer,166500
2025-03-29,T-Shirt G,Fashion,246000,1,C2264,Semarang,0,COD,246000
2025-03-29,T-Shirt G,Fashion,251000,2,C0192,Malang,5,Bank Transfer,476900
2025-03-29,Laptop A,Electronics,8662000,3,C0953,Bandung,5,E-Wallet,24686700
2025-03-29,Monitor D,Electronics,2529000,2,C0917,Semarang,0,E-Wallet,5058000
2025-03-29,Lamp M,Home,285000,3,C0051,Bandung,15,Credit Card,726750
2025-03-29,Smartphone B,Electronics,5300000,1,C0584,Surabaya,20,Bank Transfer,4240000
2025-03-29,Monitor D,Electronics,2370000,4,C0021,Surabaya,15,COD,8058000
2025-03-29,Snack J,Food,36000,4,C0500,Malang,5,E-Wallet,136800
2025-03-29,Jacket F,Fashion,531000,2,C1894,Surabaya,20,Bank Transfer,849600
2025-03-29,Jacket F,Fashion,557000,5,C2316,Yogyakarta,0,Bank Transfer,2785000
2025-03-30,Tea K,Food,51000,2,C0020,Semarang,20,Credit Card,81600
2025-03-30,Chair N,Home,881000,1,C0685,Yogyakarta,0,E-Wallet,881000
2025-03-30,Monitor D,Electronics,2531000,1,C1079,Jakarta,5,Bank Transfer,2404450
2025-03-30,Chair N,Home,889000,2,C2102,Jakarta,0,Credit Card,1778000
2025-03-30,Table O,Home,1548000,1,C1118,Jakarta,10,Credit Card,1393200
2025-03-30,Monitor D,Electronics,2528000,2,C0249,Semarang,5,COD,4803200
2025-03-30,Jacket F,Fashion,518000,1,C0900,Solo,5,Credit Card,492100
2025-03-30,Snack J,Food,37000,1,C0068,Jakarta,15,COD,31450
2025-03-30,Laptop A,Electronics,8844000,1,C0695,Surabaya,0,E-Wallet,8844000
2025-03-30,Headphone C,Electronics,776000,1,C0948,Semarang,5,E-Wallet,737200
2025-03-30,Coffee I,Food,76000,1,C1260,Jakarta,10,Credit Card,68400
2025-03-30,Headphone C,Electronics,758000,4,C2436,Yogyakarta,15,E-Wallet,2577200
2025-03-30,Jacket F,Fashion,586000,2,C1987,Surabaya,0,E-Wallet,1172000
2025-03-30,Monitor D,Electronics,2491000,1,C1909,Semarang,0,E-Wallet,2491000
2025-03-31,Jacket F,Fashion,552000,1,C1094,Jakarta,10,E-Wallet,496800
2025-03-31,Headphone C,Electronics,702000,1,C0803,Malang,10,Credit Card,631800
2025-03-31,T-Shirt G,Fashion,241000,1,C1802,Jakarta,10,E-Wallet,216900
2025-03-31,Monitor D,Electronics,2399000,1,C0392,Yogyakarta,20,Credit Card,1919200
2025-03-31,Snack J,Food,34000,1,C0080,Malang,10,E-Wallet,30600
2025-03-31,Shoes E,Fashion,635000,2,C0353,Solo,5,Credit Card,1206500
2025-03-31,Snack J,Food,35000,1,C0707,Bandung,10,E-Wallet,31500
2025-03-31,Jacket F,Fashion,560000,1,C0200,Bandung,15,Bank Transfer,476000
2025-03-31,Shoes E,Fashion,675000,1,C2193,Yogyakarta,10,Credit Card,607500
2025-03-31,Tea K,Food,50000,1,C0418,Solo,10,COD,45000
2025-03-31,Table O,Home,1436000,1,C1121,Solo,15,Credit Card,1220600
2025-03-31,Shoes E,Fashion,707000,1,C0296,Bandung,20,E-Wallet,565600
2025-03-31,Headphone C,Electronics,787000,2,C0783,Surabaya,10,E-Wallet,1416600
2025-03-31,Shoes E,Fashion,656000,1,C0293,Malang,15,Credit Card,557600
2025-03-31,Monitor D,Electronics,2512000,1,C1665,Jakarta,10,Credit Card,2260800
2025-03-31,Tea K,Food,48000,2,C1748,Surabaya,5,Bank Transfer,91200
2025-04-01,Snack J,Food,35000,2,C0626,Solo,10,E-Wallet,63000
2025-04-01,Bag H,Fashion,455000,2,C1553,Solo,0,Credit Card,910000
2025-04-01,Jacket F,Fashion,545000,1,C0685,Bandung,0,E-Wallet,545000
2025-04-01,Table O,Home,1512000,1,C0114,Semarang,0,Bank Transfer,1512000
2025-04-01,Bag H,Fashion,483000,1,C2001,Yogyakarta,10,E-Wallet,434700
2025-04-01,Headphone C,Electronics,739000,3,C0284,Semarang,0,COD,2217000
2025-04-01,Snack J,Food,36000,1,C2074,Bandung,15,Credit Card,30600
2025-04-01,Tea K,Food,52000,3,C0494,Surabaya,5,E-Wallet,148200
2025-04-01,Lamp M,Home,299000,3,C1590,Semarang,0,Credit Card,897000
2025-04-01,Tea K,Food,51000,1,C1581,Surabaya,10,Bank Transfer,45900
2025-04-01,Bag H,Fashion,448000,1,C1338,Solo,0,Credit Card,448000
2025-04-01,Pillow P,Home,176000,2,C0531,Surabaya,10,COD,316800
2025-04-02,Jacket F,Fashion,568000,1,C1368,Jakarta,20,Credit Card,454400
2025-04-02,Snack J,Food,35000,1,C0717,Bandung,5,Bank Transfer,33250
2025-04-02,Laptop A,Electronics,8391000,1,C0310,Jakarta,15,E-Wallet,7132350
2025-04-02,Chocolate L,Food,60000,4,C0327,Jakarta,15,Credit Card,204000
2025-04-02,Lamp M,Home,291000,3,C0688,Malang,15,Credit Card,742050
2025-04-02,Headphone C,Electronics,777000,2,C1564,Surabaya,10,E-Wallet,1398600
2025-04-02,Lamp M,Home,303000,3,C1415,Bandung,15,COD,772650
2025-04-02,Laptop A,Electronics,8223000,2,C1978,Yogyakarta,0,Credit Card,16446000
2025-04-02,Chair N,Home,945000,5,C1592,Malang,0,E-Wallet,4725000
2025-04-02,Chocolate L,Food,63000,1,C0294,Jakarta,10,Credit Card,56700
2025-04-02,Bag H,Fashion,455000,2,C0114,Semarang,15,E-Wallet,773500
2025-04-02,Lamp M,Home,308000,5,C0857,Surabaya,10,Credit Card,1386000
2025-04-02,Jacket F,Fashion,541000,2,C1517,Surabaya,0,Bank Transfer,1082000
2025-04-02,Bag H,Fashion,444000,1,C2236,Jakarta,10,E-Wallet,399600
2025-04-02,Shoes E,Fashion,654000,2,C1814,Yogyakarta,5,E-Wallet,1242600
2025-04-02,Headphone C,Electronics,758000,1,C0731,Bandung,0,Credit Card,758000
2025-04-02,Smartphone B,Electronics,4715000,1,C0398,Yogyakarta,15,E-Wallet,4007750
2025-04-03,Smartphone B,Electronics,4993000,1,C2397,Surabaya,15,E-Wallet,4244050
2025-04-03,Headphone C,Electronics,744000,1,C2093,Bandung,0,Credit Card,744000
2025-04-03,Jacket F,Fashion,579000,2,C0277,Yogyakarta,10,E-Wallet,1042200
2025-04-03,Bag H,Fashion,460000,2,C0094,Jakarta,5,Credit Card,874000
2025-04-03,Pillow P,Home,171000,1,C0426,Jakarta,5,E-Wallet,162450
2025-04-03,Coffee I,Food,80000,1,C2346,Yogyakarta,10,Credit Card,72000
2025-04-03,Chocolate L,Food,57000,2,C0630,Jakarta,10,E-Wallet,102600
2025-04-03,Smartphone B,Electronics,5060000,1,C2313,Malang,5,COD,4807000
2025-04-03,Coffee I,Food,79000,1,C0306,Surabaya,10,Credit Card,71100
2025-04-03,Headphone C,Electronics,761000,1,C1762,Surabaya,10,Bank Transfer,684900
2025-04-03,Laptop A,Electronics,8307000,1,C0946,Bandung,15,E-Wallet,7060950
2025-04-03,T-Shirt G,Fashion,249000,1,C1691,Bandung,10,Credit Card,224100
2025-04-03,Pillow P,Home,180000,2,C1197,Bandung,10,Credit Card,324000
2025-04-03,Chocolate L,Food,63000,1,C1502,Bandung,5,E-Wallet,59850
2025-04-03,Shoes E,Fashion,650000,2,C1205,Bandung,0,E-Wallet,1300000
2025-04-03,Bag H,Fashion,461000,1,C2091,Bandung,0,Bank Transfer,461000
2025-04-03,Chair N,Home,871000,4,C0294,Surabaya,15,Credit Card,2961400
2025-04-03,Tea K,Food,48000,1,C2147,Bandung,0,E-Wallet,48000
2025-04-03,Headphone C,Electronics,730000,3,C0374,Jakarta,20,COD,1752000
2025-04-03,Headphone C,Electronics,707000,2,C1824,Jakarta,15,E-Wallet,1201900
2025-04-03,Table O,Home,1421000,3,C1670,Bandung,10,Bank Transfer,3836700
2025-04-03,Shoes E,Fashion,658000,3,C1001,Jakarta,5,Credit Card,1875300
2025-04-03,Table O,Home,1555000,5,C1964,Malang,0,Credit Card,7775000
2025-04-03,Lamp M,Home,303000,1,C0344,Jakarta,0,Credit Card,303000
2025-04-04,Table O,Home,1646000,2,C0510,Malang,5,E-Wallet,3127400
2025-04-04,T-Shirt G,Fashion,251000,3,C1625,Surabaya,5,Credit Card,715350
2025-04-04,T-Shirt G,Fashion,242000,4,C1939,Surabaya,10,E-Wallet,871200
2025-04-04,Bag H,Fashion,451000,1,C1114,Semarang,5,COD,428450
2025-04-04,Bag H,Fashion,417000,1,C0858,Semarang,0,E-Wallet,417000
2025-04-04,Laptop A,Electronics,8974000,3,C0038,Malang,0,E-Wallet,26922000
2025-04-04,Chocolate L,Food,62000,1,C0974,Surabaya,5,E-Wallet,58900
2025-04-04,Smartphone B,Electronics,5151000,1,C2351,Solo,15,COD,4378350
2025-04-04,Jacket F,Fashion,561000,4,C0494,Malang,5,E-Wallet,2131800
2025-04-04,Smartphone B,Electronics,4785000,1,C2418,Jakarta,5,E-Wallet,4545750
2025-04-04,Lamp M,Home,301000,2,C2012,Jakarta,0,Credit Card,602000
2025-04-05,Smartphone B,Electronics,4483000,3,C1714,Jakarta,15,Bank Transfer,11431650
2025-04-05,Jacket F,Fashion,567000,1,C1538,Semarang,10,Credit Card,510300
2025-04-05,Lamp M,Home,324000,2,C2184,Semarang,0,Credit Card,648000
2025-04-05,Smartphone B,Electronics,5190000,1,C1874,Surabaya,5,Bank Transfer,4930500
2025-04-05,Bag H,Fashion,456000,4,C1375,Bandung,0,Credit Card,1824000
2025-04-05,Lamp M,Home,286000,1,C1896,Semarang,10,Credit Card,257400
2025-04-05,Snack J,Food,33000,1,C1773,Semarang,15,COD,28050
2025-04-05,Table O,Home,1458000,1,C2168,Jakarta,15,Bank Transfer,1239300
2025-04-05,Bag H,Fashion,450000,3,C1763,Surabaya,10,COD,1215000
2025-04-05,Jacket F,Fashion,564000,3,C1818,Bandung,10,Bank Transfer,1522800
2025-04-05,Pillow P,Home,180000,3,C0008,Solo,0,E-Wallet,540000
2025-04-06,Coffee I,Food,74000,1,C2400,Bandung,0,COD,74000
2025-04-06,Shoes E,Fashion,689000,3,C2065,Bandung,0,COD,2067000
2025-04-06,Snack J,Food,37000,3,C2248,Bandung,0,E-Wallet,111000
2025-04-06,Chair N,Home,903000,1,C1612,Surabaya,10,E-Wallet,812700
2025-04-06,Chair N,Home,939000,2,C1212,Solo,5,Bank Transfer,1784100
2025-04-06,Headphone C,Electronics,753000,1,C1808,Surabaya,0,Bank Transfer,753000
2025-04-06,Coffee I,Food,75000,3,C0738,Surabaya,10,E-Wallet,202500
2025-04-06,Chocolate L,Food,60000,1,C0964,Jakarta,0,Bank Transfer,60000
2025-04-06,Table O,Home,1479000,2,C0767,Yogyakarta,0,E-Wallet,2958000
2025-04-06,Monitor D,Electronics,2652000,3,C0939,Jakarta,10,Credit Card,7160400
2025-04-07,T-Shirt G,Fashion,254000,1,C0208,Surabaya,20,E-Wallet,203200
2025-04-07,Monitor D,Electronics,2459000,2,C1468,Jakarta,5,COD,4672100
2025-04-07,Bag H,Fashion,433000,1,C1151,Bandung,0,Bank Transfer,433000
2025-04-07,Lamp M,Home,297000,1,C0269,Bandung,5,E-Wallet,282150
2025-04-07,Coffee I,Food,73000,4,C2242,Surabaya,5,E-Wallet,277400
2025-04-07,Chocolate L,Food,59000,3,C0939,Bandung,10,Bank Transfer,159300
2025-04-07,Smartphone B,Electronics,4746000,1,C0340,Solo,0,Bank Transfer,4746000
2025-04-07,Smartphone B,Electronics,4701000,2,C2302,Surabaya,10,Bank Transfer,8461800
2025-04-07,Coffee I,Food,76000,1,C1024,Jakarta,15,COD,64600
2025-04-07,T-Shirt G,Fashion,251000,1,C0699,Jakarta,15,COD,213350
2025-04-07,Pillow P,Home,181000,2,C0796,Semarang,5,COD,343900
2025-04-07,Smartphone B,Electronics,4790000,2,C0632,Jakarta,10,Credit Card,8622000
2025-04-07,Coffee I,Food,77000,2,C0948,Solo,15,Bank Transfer,130900
2025-04-07,Headphone C,Electronics,777000,3,C1992,Jakarta,0,Credit Card,2331000
2025-04-07,Bag H,Fashion,460000,3,C2015,Malang,20,Credit Card,1104000
2025-04-07,T-Shirt G,Fashion,260000,1,C0284,Surabaya,20,Credit Card,208000
2025-04-07,Monitor D,Electronics,2627000,2,C1734,Malang,5,COD,4991300
2025-04-08,Laptop A,Electronics,8779000,2,C2146,Malang,20,E-Wallet,14046400
2025-04-08,Lamp M,Home,298000,2,C1920,Jakarta,15,Credit Card,506600
2025-04-08,Smartphone B,Electronics,4816000,2,C0550,Jakarta,0,Bank Transfer,9632000
2025-04-08,Tea K,Food,51000,4,C2195,Bandung,0,Credit Card,204000
2025-04-08,Bag H,Fashion,421000,1,C0530,Bandung,10,E-Wallet,378900
2025-04-08,Smartphone B,Electronics,4818000,2,C1569,Yogyakarta,0,E-Wallet,9636000
2025-04-08,Shoes E,Fashion,638000,2,C2412,Jakarta,15,E-Wallet,1084600
2025-04-08,Coffee I,Food,76000,4,C0811,Surabaya,10,Bank Transfer,273600
2025-04-08,Monitor D,Electronics,2534000,1,C1606,Semarang,0,Bank Transfer,2534000
2025-04-08,Bag H,Fashion,449000,1,C1223,Semarang,10,COD,404100
2025-04-08,Coffee I,Food,81000,5,C1566,Semarang,20,E-Wallet,324000
2025-04-08,Tea K,Food,51000,2,C0174,Yogyakarta,20,Credit Card,81600
2025-04-08,T-Shirt G,Fashion,263000,3,C0325,Malang,10,E-Wallet,710100
2025-04-08,Headphone C,Electronics,770000,1,C0842,Malang,10,E-Wallet,693000
2025-04-08,Laptop A,Electronics,7835000,3,C0973,Surabaya,10,Credit Card,21154500
2025-04-08,Snack J,Food,37000,1,C0145,Bandung,5,E-Wallet,35150
2025-04-08,Monitor D,Electronics,2214000,4,C1795,Semarang,15,Bank Transfer,7527600
2025-04-09,Jacket F,Fashion,587000,1,C0584,Surabaya,10,Bank Transfer,528300
2025-04-09,Tea K,Food,51000,1,C0409,Surabaya,10,Bank Transfer,45900
2025-04-09,Coffee I,Food,70000,3,C2097,Surabaya,10,COD,189000
2025-04-09,Coffee I,Food,76000,1,C1809,Malang,15,E-Wallet,64600
2025-04-09,Pillow P,Home,178000,2,C0914,Yogyakarta,5,E-Wallet,338200
2025-04-09,Tea K,Food,49000,2,C0320,Surabaya,0,E-Wallet,98000
2025-04-09,Chair N,Home,973000,5,C0202,Jakarta,15,COD,4135250
2025-04-09,Bag H,Fashion,445000,2,C0469,Yogyakarta,10,E-Wallet,801000
2025-04-09,Monitor D,Electronics,2434000,1,C0698,Bandung,0,COD,2434000
2025-04-09,Tea K,Food,51000,2,C2430,Semarang,5,E-Wallet,96900
2025-04-09,Laptop A,Electronics,8639000,5,C2129,Surabaya,10,Bank Transfer,38875500
2025-04-09,Headphone C,Electronics,765000,2,C1788,Semarang,0,E-Wallet,1530000
2025-04-09,Chair N,Home,912000,1,C0138,Yogyakarta,0,Bank Transfer,912000
2025-04-09,Smartphone B,Electronics,4738000,3,C0408,Jakarta,15,COD,12081900
2025-04-09,T-Shirt G,Fashion,230000,1,C1813,Surabaya,10,Bank Transfer,207000
2025-04-09,Laptop A,Electronics,8511000,3,C0901,Semarang,20,Bank Transfer,20426400
2025-04-10,Shoes E,Fashion,669000,2,C0619,Bandung,10,Bank Transfer,1204200
2025-04-10,Monitor D,Electronics,2419000,1,C1850,Yogyakarta,10,E-Wallet,2177100
2025-04-10,Coffee I,Food,68000,3,C0135,Bandung,10,E-Wallet,183600
2025-04-10,Monitor D,Electronics,2491000,2,C1829,Semarang,0,E-Wallet,4982000
2025-04-10,Lamp M,Home,306000,1,C2445,Yogyakarta,0,Credit Card,306000
2025-04-10,Snack J,Food,31000,1,C1735,Yogyakarta,5,E-Wallet,29450
2025-04-10,Shoes E,Fashion,665000,2,C0279,Jakarta,10,E-Wallet,1197000
2025-04-10,Tea K,Food,51000,1,C1301,Surabaya,10,E-Wallet,45900
2025-04-10,Monitor D,Electronics,2428000,1,C0280,Malang,0,Bank Transfer,2428000
2025-04-10,Bag H,Fashion,445000,3,C0560,Jakarta,10,Credit Card,1201500
2025-04-10,Chair N,Home,867000,4,C2326,Yogyakarta,5,COD,3294600
2025-04-10,Tea K,Food,51000,1,C0718,Malang,0,E-Wallet,51000
2025-04-10,T-Shirt G,Fashion,260000,4,C0520,Surabaya,5,E-Wallet,988000
2025-04-10,Jacket F,Fashion,586000,2,C1794,Yogyakarta,10,COD,1054800
2025-04-10,Snack J,Food,33000,3,C0244,Surabaya,15,Bank Transfer,84150
2025-04-10,Pillow P,Home,191000,2,C1536,Semarang,15,E-Wallet,324700
2025-04-10,Bag H,Fashion,462000,1,C0592,Bandung,10,E-Wallet,415800
2025-04-10,Shoes E,Fashion,663000,5,C2037,Jakarta,10,Bank Transfer,2983500
2025-04-10,Laptop A,Electronics,8525000,2,C2147,Jakarta,5,COD,16197500
2025-04-10,Shoes E,Fashion,636000,2,C2094,Surabaya,10,Credit Card,1144800
2025-04-10,Jacket F,Fashion,578000,2,C1734,Jakarta,15,E-Wallet,982600
2025-04-11,Table O,Home,1577000,1,C1273,Yogyakarta,5,Bank Transfer,1498150
2025-04-11,Table O,Home,1601000,1,C1888,Jakarta,10,Bank Transfer,1440900
2025-04-11,T-Shirt G,Fashion,259000,1,C0843,Surabaya,10,Bank Transfer,233100
2025-04-11,Laptop A,Electronics,8477000,3,C0171,Jakarta,10,Credit Card,22887900
2025-04-11,Monitor D,Electronics,2503000,1,C1799,Jakarta,10,COD,2252700
2025-04-11,Bag H,Fashion,482000,1,C0763,Bandung,0,E-Wallet,482000
2025-04-11,Lamp M,Home,294000,1,C2387,Semarang,0,Bank Transfer,294000
2025-04-11,Smartphone B,Electronics,4775000,3,C0549,Bandung,5,E-Wallet,13608750
2025-04-11,Headphone C,Electronics,788000,1,C0103,Surabaya,0,Bank Transfer,788000
2025-04-11,Bag H,Fashion,449000,1,C2042,Solo,0,E-Wallet,449000
2025-04-11,Jacket F,Fashion,537000,2,C1661,Malang,10,Bank Transfer,966600
2025-04-11,Monitor D,Electronics,2628000,4,C0001,Semarang,10,Credit Card,9460800
2025-04-11,Coffee I,Food,68000,3,C1995,Yogyakarta,20,Credit Card,163200
2025-04-11,Pillow P,Home,186000,1,C1966,Yogyakarta,0,E-Wallet,186000
2025-04-11,Laptop A,Electronics,8293000,2,C0582,Jakarta,10,Credit Card,14927400
2025-04-11,Headphone C,Electronics,681000,1,C1084,Semarang,15,Credit Card,578850
2025-04-12,Laptop A,Electronics,8720000,1,C0843,Surabaya,5,Bank Transfer,8284000
2025-04-12,Laptop A,Electronics,8146000,2,C0852,Surabaya,0,E-Wallet,16292000
2025-04-12,Bag H,Fashion,427000,1,C0394,Solo,0,Credit Card,427000
2025-04-12,Headphone C,Electronics,779000,3,C2278,Solo,0,COD,2337000
2025-04-12,Tea K,Food,48000,3,C0402,Surabaya,0,Bank Transfer,144000
2025-04-12,Chair N,Home,919000,1,C0072,Semarang,0,Bank Transfer,919000
2025-04-12,Chair N,Home,871000,3,C2107,Yogyakarta,0,Credit Card,2613000
2025-04-12,Pillow P,Home,186000,1,C0118,Yogyakarta,20,Bank Transfer,148800
2025-04-12,Headphone C,Electronics,787000,1,C1929,Semarang,0,E-Wallet,787000
2025-04-12,Pillow P,Home,181000,2,C0171,Yogyakarta,5,E-Wallet,343900
2025-04-12,Jacket F,Fashion,588000,3,C1894,Yogyakarta,15,E-Wallet,1499400
2025-04-12,Coffee I,Food,76000,2,C2365,Bandung,0,Bank Transfer,152000
2025-04-12,T-Shirt G,Fashion,259000,2,C2129,Jakarta,5,Bank Transfer,492100
2025-04-12,Chocolate L,Food,60000,1,C1541,Yogyakarta,5,Bank Transfer,57000
2025-04-12,Bag H,Fashion,457000,1,C1422,Jakarta,5,COD,434150
2025-04-12,Chocolate L,Food,61000,1,C2112,Semarang,0,COD,61000
2025-04-12,Bag H,Fashion,465000,2,C0063,Bandung,5,Credit Card,883500
2025-04-12,Lamp M,Home,294000,1,C1849,Jakarta,15,Credit Card,249900
2025-04-13,Tea K,Food,48000,1,C0132,Malang,0,Bank Transfer,48000
2025-04-13,Table O,Home,1532000,1,C0615,Surabaya,15,E-Wallet,1302200
2025-04-13,Chocolate L,Food,62000,1,C2273,Jakarta,0,Bank Transfer,62000
2025-04-13,Bag H,Fashion,445000,3,C1509,Semarang,0,Bank Transfer,1335000
2025-04-13,Laptop A,Electronics,8773000,1,C1861,Surabaya,10,E-Wallet,7895700
2025-04-13,Snack J,Food,37000,1,C0266,Bandung,15,Bank Transfer,31450
2025-04-13,Table O,Home,1514000,3,C1553,Bandung,0,Bank Transfer,4542000
2025-04-13,Smartphone B,Electronics,4978000,2,C1727,Semarang,10,COD,8960400
2025-04-13,Laptop A,Electronics,8007000,2,C0670,Jakarta,15,E-Wallet,13611900
2025-04-13,Chocolate L,Food,60000,1,C0093,Jakarta,0,COD,60000
2025-04-13,Pillow P,Home,187000,1,C2132,Solo,15,E-Wallet,158950
2025-04-13,Snack J,Food,36000,2,C0025,Yogyakarta,15,Bank Transfer,61200
2025-04-13,T-Shirt G,Fashion,253000,2,C2038,Jakarta,5,Bank Transfer,480700
2025-04-13,Laptop A,Electronics,8632000,1,C0127,Jakarta,5,Bank Transfer,8200400
2025-04-13,Tea K,Food,50000,3,C0231,Bandung,10,E-Wallet,135000
2025-04-13,Coffee I,Food,73000,1,C2313,Bandung,15,E-Wallet,62050
2025-04-13,Snack J,Food,33000,2,C0010,Bandung,10,Bank Transfer,59400
2025-04-14,Monitor D,Electronics,2354000,1,C1498,Jakarta,15,COD,2000900
2025-04-14,Monitor D,Electronics,2583000,1,C1447,Jakarta,0,Credit Card,2583000
2025-04-14,Chocolate L,Food,64000,2,C1851,Malang,0,E-Wallet,128000
2025-04-14,Coffee I,Food,74000,1,C1889,Surabaya,10,COD,66600
2025-04-14,Tea K,Food,51000,2,C2082,Malang,0,Credit Card,102000
2025-04-14,Tea K,Food,51000,1,C0897,Semarang,15,E-Wallet,43350
2025-04-14,Snack J,Food,33000,1,C0762,Bandung,20,COD,26400
2025-04-14,Snack J,Food,34000,1,C0026,Yogyakarta,5,Credit Card,32300
2025-04-14,Laptop A,Electronics,8741000,4,C2280,Malang,10,COD,31467600
2025-04-14,Jacket F,Fashion,524000,3,C1758,Jakarta,0,Bank Transfer,1572000
2025-04-14,Chair N,Home,912000,1,C0502,Surabaya,0,Bank Transfer,912000
2025-04-14,Lamp M,Home,300000,3,C1064,Jakarta,0,Bank Transfer,900000
2025-04-14,Bag H,Fashion,469000,3,C2181,Malang,20,Credit Card,1125600
2025-04-14,Shoes E,Fashion,624000,1,C0834,Bandung,0,Bank Transfer,624000
2025-04-15,Chocolate L,Food,59000,2,C2296,Bandung,0,E-Wallet,118000
2025-04-15,Pillow P,Home,170000,1,C0815,Malang,10,E-Wallet,153000
2025-04-15,Monitor D,Electronics,2433000,1,C2072,Bandung,0,Credit Card,2433000
2025-04-15,Laptop A,Electronics,8009000,3,C2230,Solo,10,Bank Transfer,21624300
2025-04-15,Jacket F,Fashion,519000,1,C0783,Malang,15,COD,441150
2025-04-15,Headphone C,Electronics,678000,1,C0062,Surabaya,5,Bank Transfer,644100
2025-04-15,Chair N,Home,849000,2,C0903,Bandung,0,Credit Card,1698000
2025-04-15,Monitor D,Electronics,2652000,2,C0340,Surabaya,0,Bank Transfer,5304000
2025-04-15,Laptop A,Electronics,8628000,3,C0901,Surabaya,0,Credit Card,25884000
2025-04-15,Monitor D,Electronics,2644000,5,C0955,Jakarta,0,Bank Transfer,13220000
2025-04-15,Monitor D,Electronics,2414000,1,C0117,Jakarta,10,Credit Card,2172600
2025-04-15,T-Shirt G,Fashion,250000,1,C0863,Jakarta,15,Credit Card,212500
2025-04-15,T-Shirt G,Fashion,235000,2,C0280,Surabaya,0,E-Wallet,470000
2025-04-15,Smartphone B,Electronics,5016000,1,C0474,Jakarta,0,Credit Card,5016000
2025-04-15,Bag H,Fashion,429000,1,C0014,Jakarta,0,Credit Card,429000
2025-04-15,T-Shirt G,Fashion,250000,1,C0267,Surabaya,20,E-Wallet,200000
2025-04-16,Laptop A,Electronics,8318000,3,C0592,Yogyakarta,0,E-Wallet,24954000
2025-04-16,T-Shirt G,Fashion,238000,2,C0836,Solo,10,E-Wallet,428400
2025-04-16,Tea K,Food,47000,1,C2151,Bandung,0,E-Wallet,47000
2025-04-16,Snack J,Food,36000,1,C0161,Surabaya,15,COD,30600
2025-04-16,Chocolate L,Food,60000,1,C0250,Yogyakarta,10,E-Wallet,54000
2025-04-16,Headphone C,Electronics,857000,2,C1615,Jakarta,10,E-Wallet,1542600
2025-04-16,Smartphone B,Electronics,5056000,2,C2026,Malang,5,Credit Card,9606400
2025-04-16,Smartphone B,Electronics,5112000,4,C2384,Yogyakarta,10,E-Wallet,18403200
2025-04-16,Chocolate L,Food,60000,2,C1968,Bandung,5,Credit Card,114000
2025-04-16,Headphone C,Electronics,736000,2,C1188,Solo,0,Credit Card,1472000
2025-04-16,Bag H,Fashion,475000,3,C1001,Yogyakarta,0,E-Wallet,1425000
2025-04-16,Tea K,Food,51000,1,C1191,Bandung,15,Credit Card,43350
2025-04-16,Shoes E,Fashion,648000,4,C2070,Malang,5,Credit Card,2462400
2025-04-16,Jacket F,Fashion,535000,1,C0152,Solo,10,Credit Card,481500
2025-04-16,Bag H,Fashion,455000,4,C1286,Bandung,10,Credit Card,1638000
2025-04-16,Monitor D,Electronics,2507000,2,C1859,Semarang,15,E-Wallet,4261900
2025-04-17,Coffee I,Food,80000,2,C0416,Jakarta,10,E-Wallet,144000
2025-04-17,Snack J,Food,36000,3,C2431,Yogyakarta,0,Credit Card,108000
2025-04-17,Coffee I,Food,77000,1,C0778,Bandung,0,Bank Transfer,77000
2025-04-17,T-Shirt G,Fashion,239000,4,C0149,Surabaya,0,Bank Transfer,956000
2025-04-17,T-Shirt G,Fashion,249000,5,C1081,Jakarta,15,E-Wallet,1058250
2025-04-17,Tea K,Food,50000,1,C0696,Yogyakarta,10,Bank Transfer,45000
2025-04-17,T-Shirt G,Fashion,233000,1,C2220,Malang,0,E-Wallet,233000
2025-04-17,Laptop A,Electronics,9049000,1,C0286,Yogyakarta,20,E-Wallet,7239200
2025-04-17,Tea K,Food,52000,1,C1707,Surabaya,0,Credit Card,52000
2025-04-17,Shoes E,Fashion,645000,1,C1319,Surabaya,0,E-Wallet,645000
2025-04-17,Laptop A,Electronics,8188000,4,C2276,Surabaya,5,E-Wallet,31114400
2025-04-17,Jacket F,Fashion,540000,1,C2099,Bandung,10,E-Wallet,486000
2025-04-17,Jacket F,Fashion,543000,4,C1846,Malang,0,E-Wallet,2172000
2025-04-17,Headphone C,Electronics,783000,2,C1805,Bandung,5,COD,1487700
2025-04-17,Pillow P,Home,183000,1,C0939,Bandung,0,COD,183000
2025-04-18,Snack J,Food,37000,1,C0421,Solo,0,COD,37000
2025-04-18,Chair N,Home,851000,1,C0369,Surabaya,15,E-Wallet,723350
2025-04-18,T-Shirt G,Fashion,252000,2,C0449,Jakarta,5,Bank Transfer,478800
2025-04-18,Shoes E,Fashion,638000,1,C0064,Surabaya,5,Bank Transfer,606100
2025-04-18,T-Shirt G,Fashion,255000,2,C0662,Solo,5,E-Wallet,484500
2025-04-18,Pillow P,Home,188000,1,C1057,Surabaya,10,COD,169200
2025-04-18,Shoes E,Fashion,664000,5,C1253,Bandung,0,E-Wallet,3320000
2025-04-18,Table O,Home,1524000,1,C0995,Surabaya,0,Credit Card,1524000
2025-04-18,Lamp M,Home,294000,1,C1606,Bandung,0,E-Wallet,294000
2025-04-18,Bag H,Fashion,431000,4,C1071,Surabaya,0,Bank Transfer,1724000
2025-04-18,Chocolate L,Food,60000,2,C1031,Surabaya,10,Bank Transfer,108000
2025-04-18,Lamp M,Home,288000,1,C1814,Yogyakarta,15,Credit Card,244800
2025-04-18,Coffee I,Food,72000,1,C2465,Semarang,15,Bank Transfer,61200
2025-04-18,Snack J,Food,33000,4,C1618,Solo,0,Credit Card,132000
2025-04-18,Table O,Home,1446000,1,C2424,Jakarta,0,Credit Card,1446000
2025-04-18,Pillow P,Home,180000,1,C0170,Semarang,10,Bank Transfer,162000
2025-04-18,Table O,Home,1618000,2,C0818,Yogyakarta,0,Credit Card,3236000
2025-04-18,Snack J,Food,37000,4,C1054,Bandung,15,Bank Transfer,125800
2025-04-18,Tea K,Food,52000,3,C1106,Semarang,0,E-Wallet,156000
2025-04-18,Chocolate L,Food,62000,2,C0077,Malang,10,Credit Card,111600
2025-04-18,Jacket F,Fashion,598000,1,C0756,Bandung,5,Bank Transfer,568100
2025-04-19,Laptop A,Electronics,8140000,2,C1490,Surabaya,5,E-Wallet,15466000
2025-04-19,T-Shirt G,Fashion,246000,2,C1371,Bandung,0,E-Wallet,492000
2025-04-19,Snack J,Food,35000,1,C1774,Yogyakarta,0,Bank Transfer,35000
2025-04-19,Headphone C,Electronics,794000,1,C1995,Bandung,10,Bank Transfer,714600
2025-04-19,Monitor D,Electronics,2399000,1,C2442,Jakarta,15,COD,2039150
2025-04-19,Monitor D,Electronics,2583000,1,C0545,Jakarta,10,E-Wallet,2324700
2025-04-19,Tea K,Food,49000,1,C0317,Jakarta,15,E-Wallet,41650
2025-04-19,Tea K,Food,50000,1,C0088,Jakarta,10,E-Wallet,45000
2025-04-19,Chair N,Home,909000,2,C1931,Jakarta,5,E-Wallet,1727100
2025-04-19,Shoes E,Fashion,647000,1,C0851,Jakarta,0,E-Wallet,647000
2025-04-19,Chocolate L,Food,57000,2,C1020,Jakarta,0,Credit Card,114000
2025-04-19,Laptop A,Electronics,8620000,3,C2430,Surabaya,0,Bank Transfer,25860000
2025-04-19,T-Shirt G,Fashion,258000,3,C1529,Yogyakarta,10,Bank Transfer,696600
2025-04-19,Shoes E,Fashion,605000,1,C1626,Bandung,15,E-Wallet,514250
2025-04-19,Table O,Home,1497000,3,C1774,Jakarta,0,Credit Card,4491000
2025-04-20,Table O,Home,1524000,1,C2120,Solo,10,Bank Transfer,1371600
2025-04-20,Coffee I,Food,76000,1,C0407,Jakarta,15,E-Wallet,64600
2025-04-20,Lamp M,Home,288000,2,C1156,Bandung,5,E-Wallet,547200
2025-04-20,T-Shirt G,Fashion,271000,2,C0325,Yogyakarta,0,COD,542000
2025-04-20,Shoes E,Fashion,665000,2,C1466,Bandung,0,Credit Card,1330000
2025-04-20,Monitor D,Electronics,2460000,2,C0631,Bandung,10,E-Wallet,4428000
2025-04-20,Laptop A,Electronics,8343000,3,C1366,Solo,10,Credit Card,22526100
2025-04-20,Monitor D,Electronics,2388000,1,C1103,Jakarta,15,E-Wallet,2029800
2025-04-20,Pillow P,Home,165000,1,C1387,Semarang,5,E-Wallet,156750
2025-04-20,Laptop A,Electronics,8583000,1,C2126,Semarang,5,Credit Card,8153850
2025-04-20,Lamp M,Home,295000,3,C0568,Yogyakarta,10,E-Wallet,796500
2025-04-20,Coffee I,Food,77000,4,C2433,Bandung,5,COD,292600
2025-04-20,Snack J,Food,35000,2,C0086,Bandung,10,Credit Card,63000
2025-04-20,T-Shirt G,Fashion,235000,1,C1581,Bandung,10,E-Wallet,211500
2025-04-20,Shoes E,Fashion,660000,2,C1986,Yogyakarta,0,Bank Transfer,1320000
2025-04-21,Chocolate L,Food,62000,2,C2310,Solo,0,COD,124000
2025-04-21,Bag H,Fashion,436000,1,C1267,Semarang,5,Bank Transfer,414200
2025-04-21,Snack J,Food,37000,2,C0069,Surabaya,0,E-Wallet,74000
2025-04-21,Chocolate L,Food,60000,2,C1106,Yogyakarta,0,COD,120000
2025-04-21,Shoes E,Fashion,661000,1,C0030,Bandung,0,E-Wallet,661000
2025-04-21,Smartphone B,Electronics,4940000,1,C2276,Surabaya,10,Credit Card,4446000
2025-04-21,Bag H,Fashion,453000,3,C1297,Bandung,10,Credit Card,1223100
2025-04-21,Headphone C,Electronics,750000,3,C1420,Surabaya,5,E-Wallet,2137500
2025-04-21,Jacket F,Fashion,562000,2,C1329,Yogyakarta,10,Credit Card,1011600
2025-04-21,Lamp M,Home,299000,1,C2090,Bandung,10,Credit Card,269100
2025-04-21,Shoes E,Fashion,628000,3,C2129,Jakarta,0,Bank Transfer,1884000
2025-04-21,Shoes E,Fashion,643000,1,C1306,Bandung,10,Bank Transfer,578700
2025-04-21,Laptop A,Electronics,8236000,3,C1981,Semarang,0,E-Wallet,24708000
2025-04-21,Laptop A,Electronics,8009000,2,C1278,Jakarta,20,Bank Transfer,12814400
2025-04-21,Jacket F,Fashion,573000,3,C1199,Jakarta,20,E-Wallet,1375200
2025-04-21,Monitor D,Electronics,2325000,3,C1081,Bandung,15,Bank Transfer,5928750
2025-04-21,Bag H,Fashion,445000,2,C1285,Semarang,0,Bank Transfer,890000
2025-04-22,Laptop A,Electronics,8323000,2,C1763,Yogyakarta,5,Bank Transfer,15813700
2025-04-22,Smartphone B,Electronics,4744000,3,C0809,Surabaya,15,Credit Card,12097200
2025-04-22,Smartphone B,Electronics,5060000,1,C0708,Malang,5,COD,4807000
2025-04-22,Bag H,Fashion,446000,3,C1658,Jakarta,15,Credit Card,1137300
2025-04-22,T-Shirt G,Fashion,268000,1,C0759,Malang,10,E-Wallet,241200
2025-04-22,Tea K,Food,51000,3,C0824,Jakarta,5,Credit Card,145350
2025-04-22,Table O,Home,1481000,1,C1674,Yogyakarta,0,E-Wallet,1481000
2025-04-22,Bag H,Fashion,500000,1,C0550,Surabaya,15,COD,425000
2025-04-22,T-Shirt G,Fashion,255000,3,C0776,Jakarta,0,Credit Card,765000
2025-04-22,Headphone C,Electronics,781000,2,C1969,Jakarta,15,Bank Transfer,1327700
2025-04-22,Pillow P,Home,183000,1,C1864,Semarang,10,Bank Transfer,164700
2025-04-22,Snack J,Food,35000,3,C1963,Bandung,0,Bank Transfer,105000
2025-04-22,Headphone C,Electronics,763000,3,C1359,Bandung,15,Credit Card,1945650
2025-04-22,Laptop A,Electronics,9073000,2,C0718,Semarang,15,COD,15424100
2025-04-22,Jacket F,Fashion,518000,2,C1300,Surabaya,0,Credit Card,1036000
2025-04-22,Lamp M,Home,296000,1,C1738,Surabaya,0,COD,296000
2025-04-23,Headphone C,Electronics,736000,2,C0896,Semarang,5,COD,1398400
2025-04-23,Chocolate L,Food,59000,5,C1353,Surabaya,10,E-Wallet,265500
2025-04-23,Smartphone B,Electronics,4909000,1,C0517,Malang,10,Credit Card,4418100
2025-04-23,Table O,Home,1535000,3,C0263,Semarang,10,E-Wallet,4144500
2025-04-23,Table O,Home,1508000,3,C0527,Semarang,0,Credit Card,4524000
2025-04-23,Laptop A,Electronics,8828000,3,C0658,Bandung,15,Bank Transfer,22511400
2025-04-23,Smartphone B,Electronics,4606000,5,C1987,Surabaya,15,E-Wallet,19575500
2025-04-23,Chair N,Home,832000,2,C0231,Semarang,5,E-Wallet,1580800
2025-04-23,Chocolate L,Food,62000,1,C0135,Surabaya,15,COD,52700
2025-04-23,Smartphone B,Electronics,5036000,2,C0459,Yogyakarta,15,E-Wallet,8561200
2025-04-23,Monitor D,Electronics,2403000,1,C1442,Solo,0,Credit Card,2403000
2025-04-24,Coffee I,Food,73000,3,C0718,Jakarta,10,E-Wallet,197100
2025-04-24,Smartphone B,Electronics,4781000,1,C1216,Yogyakarta,0,Credit Card,4781000
2025-04-24,T-Shirt G,Fashion,261000,2,C2020,Jakarta,10,COD,469800
2025-04-24,Laptop A,Electronics,8669000,2,C0123,Jakarta,20,COD,13870400
2025-04-24,T-Shirt G,Fashion,256000,1,C0644,Jakarta,5,Bank Transfer,243200
2025-04-24,Smartphone B,Electronics,4715000,2,C0715,Jakarta,10,E-Wallet,8487000
2025-04-24,Headphone C,Electronics,761000,2,C1360,Surabaya,20,E-Wallet,1217600
2025-04-24,Jacket F,Fashion,494000,5,C1625,Yogyakarta,0,Bank Transfer,2470000
2025-04-24,Chocolate L,Food,58000,2,C2023,Bandung,10,Credit Card,104400
2025-04-24,Pillow P,Home,162000,5,C0242,Solo,15,Bank Transfer,688500
2025-04-24,Chocolate L,Food,64000,2,C1453,Jakarta,15,E-Wallet,108800
2025-04-24,Bag H,Fashion,493000,1,C0348,Yogyakarta,0,E-Wallet,493000
2025-04-25,Jacket F,Fashion,551000,2,C0475,Jakarta,5,Bank Transfer,1046900
2025-04-25,Laptop A,Electronics,8800000,1,C1613,Jakarta,10,COD,7920000
2025-04-25,Headphone C,Electronics,795000,2,C0460,Malang,0,Bank Transfer,1590000
2025-04-25,T-Shirt G,Fashion,246000,2,C1011,Yogyakarta,10,Credit Card,442800
2025-04-25,Monitor D,Electronics,2517000,1,C2039,Yogyakarta,5,Bank Transfer,2391150
2025-04-25,Bag H,Fashion,455000,4,C2087,Semarang,15,E-Wallet,1547000
2025-04-25,Coffee I,Food,74000,1,C0925,Surabaya,10,E-Wallet,66600
2025-04-25,T-Shirt G,Fashion,253000,1,C2322,Yogyakarta,0,E-Wallet,253000
2025-04-25,Smartphone B,Electronics,5201000,2,C0513,Jakarta,15,E-Wallet,8841700
2025-04-25,Table O,Home,1523000,3,C1174,Semarang,10,COD,4112100
2025-04-25,Lamp M,Home,293000,1,C0281,Yogyakarta,0,Bank Transfer,293000
2025-04-25,Shoes E,Fashion,619000,1,C0554,Bandung,0,Bank Transfer,619000
2025-04-25,Smartphone B,Electronics,4683000,1,C0594,Bandung,15,Bank Transfer,3980550
2025-04-26,Tea K,Food,48000,1,C2076,Semarang,15,Bank Transfer,40800
2025-04-26,Laptop A,Electronics,8468000,2,C0273,Semarang,10,E-Wallet,15242400
2025-04-26,Table O,Home,1445000,1,C0288,Yogyakarta,0,Bank Transfer,1445000
2025-04-26,T-Shirt G,Fashion,259000,1,C2472,Surabaya,5,E-Wallet,246050
2025-04-26,Lamp M,Home,297000,1,C1140,Surabaya,0,E-Wallet,297000
2025-04-26,Laptop A,Electronics,8620000,2,C0920,Solo,20,COD,13792000
2025-04-26,Chocolate L,Food,62000,2,C0127,Surabaya,10,E-Wallet,111600
2025-04-26,Headphone C,Electronics,734000,2,C0399,Surabaya,5,Bank Transfer,1394600
2025-04-26,Snack J,Food,37000,1,C1072,Solo,10,Bank Transfer,33300
2025-04-26,Tea K,Food,52000,2,C1501,Solo,0,Credit Card,104000
2025-04-26,Chocolate L,Food,61000,3,C0573,Semarang,0,E-Wallet,183000
2025-04-26,Shoes E,Fashion,660000,2,C2206,Surabaya,0,COD,1320000
2025-04-26,Tea K,Food,50000,2,C0608,Jakarta,0,E-Wallet,100000
2025-04-26,Laptop A,Electronics,8896000,3,C1626,Surabaya,0,E-Wallet,26688000
2025-04-27,Coffee I,Food,75000,1,C2283,Yogyakarta,0,E-Wallet,75000
2025-04-27,Shoes E,Fashion,663000,5,C0187,Jakarta,5,Credit Card,3149250
2025-04-27,Snack J,Food,34000,2,C2312,Bandung,5,Bank Transfer,64600
2025-04-27,Pillow P,Home,174000,4,C2173,Malang,15,Bank Transfer,591600
2025-04-27,Shoes E,Fashion,644000,3,C2212,Semarang,15,Credit Card,1642200
2025-04-27,Headphone C,Electronics,703000,2,C0286,Jakarta,5,Credit Card,1335700
2025-04-27,Headphone C,Electronics,782000,1,C2357,Solo,0,Bank Transfer,782000
2025-04-27,T-Shirt G,Fashion,256000,1,C1715,Jakarta,10,Bank Transfer,230400
2025-04-27,Pillow P,Home,175000,3,C1946,Jakarta,5,E-Wallet,498750
2025-04-27,Jacket F,Fashion,544000,1,C1649,Bandung,0,Bank Transfer,544000
2025-04-27,Tea K,Food,47000,1,C0265,Jakarta,5,Credit Card,44650
2025-04-27,Tea K,Food,52000,1,C1963,Surabaya,10,COD,46800
2025-04-27,Jacket F,Fashion,514000,2,C0602,Semarang,10,E-Wallet,925200
2025-04-27,Laptop A,Electronics,8258000,2,C0458,Malang,0,COD,16516000
2025-04-27,Monitor D,Electronics,2441000,1,C0182,Surabaya,10,E-Wallet,2196900
2025-04-27,Lamp M,Home,329000,1,C0418,Bandung,5,Bank Transfer,312550
2025-04-27,Pillow P,Home,176000,1,C1758,Semarang,0,Bank Transfer,176000
2025-04-28,Headphone C,Electronics,756000,1,C1624,Jakarta,0,Credit Card,756000
2025-04-28,Bag H,Fashion,447000,3,C1502,Semarang,5,Bank Transfer,1273950
2025-04-28,Headphone C,Electronics,766000,3,C1643,Jakarta,5,E-Wallet,2183100
2025-04-28,Smartphone B,Electronics,5163000,1,C1374,Jakarta,15,Bank Transfer,4388550
2025-04-28,Bag H,Fashion,454000,1,C0649,Semarang,0,Credit Card,454000
2025-04-28,Headphone C,Electronics,737000,2,C2444,Solo,15,COD,1252900
2025-04-28,Jacket F,Fashion,578000,2,C0540,Yogyakarta,0,COD,1156000
2025-04-28,Chocolate L,Food,61000,1,C1183,Surabaya,0,E-Wallet,61000
2025-04-28,Bag H,Fashion,455000,2,C1345,Jakarta,15,Credit Card,773500
2025-04-28,Monitor D,Electronics,2451000,4,C2105,Semarang,10,Credit Card,8823600
2025-04-28,T-Shirt G,Fashion,247000,2,C0730,Jakarta,0,E-Wallet,494000
2025-04-28,Lamp M,Home,296000,1,C0056,Jakarta,0,Bank Transfer,296000
2025-04-28,Coffee I,Food,75000,2,C2248,Yogyakarta,0,Bank Transfer,150000
2025-04-28,Shoes E,Fashion,644000,3,C1397,Bandung,15,Credit Card,1642200
2025-04-28,Headphone C,Electronics,737000,5,C1436,Yogyakarta,10,E-Wallet,3316500
2025-04-28,Shoes E,Fashion,622000,4,C2107,Malang,10,COD,2239200
2025-04-28,Table O,Home,1633000,5,C0121,Bandung,0,Credit Card,8165000
2025-04-28,Table O,Home,1457000,1,C1812,Surabaya,10,Credit Card,1311300
2025-04-28,T-Shirt G,Fashion,257000,4,C1819,Semarang,0,COD,1028000
2025-04-28,Chocolate L,Food,63000,1,C1830,Semarang,10,Bank Transfer,56700
2025-04-28,Chair N,Home,910000,1,C2321,Bandung,15,Credit Card,773500
2025-04-29,Jacket F,Fashion,561000,2,C1760,Bandung,0,E-Wallet,1122000
2025-04-29,Laptop A,Electronics,8384000,1,C1743,Bandung,0,Credit Card,8384000
2025-04-29,Smartphone B,Electronics,4904000,1,C0209,Yogyakarta,0,Credit Card,4904000
2025-04-29,Chocolate L,Food,65000,1,C0613,Jakarta,15,Credit Card,55250
2025-04-29,Coffee I,Food,79000,2,C0951,Jakarta,10,Credit Card,142200
2025-04-29,Table O,Home,1480000,1,C0316,Surabaya,20,E-Wallet,1184000
2025-04-29,Chair N,Home,869000,1,C0207,Jakarta,5,E-Wallet,825550
2025-04-29,Monitor D,Electronics,2571000,4,C1770,Jakarta,0,E-Wallet,10284000
2025-04-29,Headphone C,Electronics,755000,1,C0137,Malang,15,E-Wallet,641750
2025-04-29,Lamp M,Home,296000,1,C0037,Jakarta,5,E-Wallet,281200
2025-04-29,Laptop A,Electronics,8739000,1,C2254,Semarang,20,Bank Transfer,6991200
2025-04-29,Monitor D,Electronics,2366000,3,C2059,Semarang,0,E-Wallet,7098000
2025-04-29,Lamp M,Home,293000,1,C0370,Yogyakarta,10,Credit Card,263700
2025-04-29,Smartphone B,Electronics,4842000,3,C0875,Bandung,5,Credit Card,13799700
2025-04-29,Chocolate L,Food,59000,4,C0264,Jakarta,15,E-Wallet,200600
2025-04-29,Snack J,Food,38000,2,C0440,Jakarta,0,E-Wallet,76000
2025-04-29,Laptop A,Electronics,8222000,2,C1430,Semarang,5,Credit Card,15621800
2025-04-30,T-Shirt G,Fashion,249000,1,C0561,Solo,20,Bank Transfer,199200
2025-04-30,Chair N,Home,989000,1,C2162,Semarang,15,Credit Card,840650
2025-04-30,Monitor D,Electronics,2426000,3,C1140,Solo,15,Credit Card,6186300
2025-04-30,Snack J,Food,35000,1,C0531,Bandung,5,Credit Card,33250
2025-04-30,Jacket F,Fashion,541000,2,C0266,Semarang,10,E-Wallet,973800
2025-04-30,Chair N,Home,873000,1,C0926,Semarang,10,COD,785700
2025-04-30,Chair N,Home,914000,2,C0001,Semarang,20,Credit Card,1462400
2025-04-30,Lamp M,Home,308000,3,C1960,Surabaya,10,Bank Transfer,831600
2025-04-30,Tea K,Food,51000,1,C2295,Bandung,0,Bank Transfer,51000
2025-04-30,T-Shirt G,Fashion,241000,1,C2299,Malang,10,Bank Transfer,216900
2025-04-30,Shoes E,Fashion,638000,1,C0415,Jakarta,5,Credit Card,606100
2025-04-30,Tea K,Food,49000,1,C2191,Bandung,10,Bank Transfer,44100
2025-04-30,Bag H,Fashion,447000,3,C2174,Yogyakarta,20,Credit Card,1072800
2025-04-30,Lamp M,Home,288000,3,C0813,Jakarta,0,E-Wallet,864000
2025-04-30,Snack J,Food,37000,1,C1175,Jakarta,15,Bank Transfer,31450
2025-05-01,Shoes E,Fashion,641000,1,C0887,Bandung,15,Bank Transfer,544850
2025-05-01,Coffee I,Food,76000,3,C0224,Surabaya,0,E-Wallet,228000
2025-05-01,Tea K,Food,50000,3,C1638,Semarang,0,Credit Card,150000
2025-05-01,T-Shirt G,Fashion,238000,1,C0340,Bandung,0,E-Wallet,238000
2025-05-01,T-Shirt G,Fashion,246000,1,C1054,Jakarta,15,COD,209100
2025-05-01,Smartphone B,Electronics,5155000,2,C1675,Semarang,10,Bank Transfer,9279000
2025-05-01,Chocolate L,Food,61000,3,C1701,Jakarta,15,E-Wallet,155550
2025-05-01,Table O,Home,1501000,1,C0921,Jakarta,0,E-Wallet,1501000
2025-05-01,Smartphone B,Electronics,4970000,5,C0955,Malang,0,E-Wallet,24850000
2025-05-01,Shoes E,Fashion,631000,3,C1551,Yogyakarta,5,E-Wallet,1798350
2025-05-01,Tea K,Food,50000,4,C1306,Jakarta,10,E-Wallet,180000
2025-05-01,Lamp M,Home,302000,2,C0623,Yogyakarta,15,Bank Transfer,513400
2025-05-01,Headphone C,Electronics,772000,3,C0187,Jakarta,10,E-Wallet,2084400
2025-05-01,Snack J,Food,35000,1,C1548,Surabaya,10,Bank Transfer,31500
2025-05-01,Headphone C,Electronics,768000,2,C0930,Surabaya,15,Credit Card,1305600
2025-05-01,Coffee I,Food,74000,2,C0321,Bandung,10,Credit Card,133200
2025-05-02,Headphone C,Electronics,782000,1,C0201,Yogyakarta,5,E-Wallet,742900
2025-05-02,Monitor D,Electronics,2499000,1,C1717,Solo,0,Credit Card,2499000
2025-05-02,Chocolate L,Food,62000,2,C0365,Yogyakarta,0,Credit Card,124000
2025-05-02,Monitor D,Electronics,2323000,1,C1446,Semarang,0,E-Wallet,2323000
2025-05-02,Shoes E,Fashion,658000,3,C1423,Jakarta,5,Credit Card,1875300
2025-05-02,Headphone C,Electronics,750000,2,C0592,Jakarta,5,Credit Card,1425000
2025-05-02,Jacket F,Fashion,534000,1,C1351,Yogyakarta,20,Bank Transfer,427200
2025-05-02,Chocolate L,Food,60000,2,C0319,Jakarta,0,E-Wallet,120000
2025-05-02,Chair N,Home,923000,1,C1438,Jakarta,0,COD,923000
2025-05-02,Lamp M,Home,317000,2,C1638,Surabaya,5,Credit Card,602300
2025-05-02,Shoes E,Fashion,641000,2,C0260,Jakarta,5,COD,1217900
2025-05-02,T-Shirt G,Fashion,244000,2,C0609,Malang,0,Credit Card,488000
2025-05-02,Snack J,Food,36000,5,C1345,Yogyakarta,5,COD,171000
2025-05-02,Lamp M,Home,304000,1,C1449,Bandung,5,Credit Card,288800
2025-05-02,Smartphone B,Electronics,4970000,1,C1020,Semarang,15,Bank Transfer,4224500
2025-05-03,Smartphone B,Electronics,5163000,2,C1582,Surabaya,0,E-Wallet,10326000
2025-05-03,Smartphone B,Electronics,4915000,3,C2242,Bandung,0,E-Wallet,14745000
2025-05-03,Bag H,Fashion,473000,2,C1776,Semarang,0,Bank Transfer,946000
2025-05-03,Coffee I,Food,72000,5,C0613,Solo,10,E-Wallet,324000
2025-05-03,Smartphone B,Electronics,4631000,2,C0262,Semarang,10,Credit Card,8335800
2025-05-03,T-Shirt G,Fashion,260000,1,C2493,Bandung,0,E-Wallet,260000
2025-05-03,Tea K,Food,50000,1,C0726,Surabaya,5,COD,47500
2025-05-03,Headphone C,Electronics,801000,3,C1571,Yogyakarta,10,COD,2162700
2025-05-03,Shoes E,Fashion,637000,2,C0948,Surabaya,10,Credit Card,1146600
2025-05-03,Laptop A,Electronics,8615000,1,C0942,Semarang,15,Bank Transfer,7322750
2025-05-03,Smartphone B,Electronics,4924000,1,C0956,Semarang,0,Credit Card,4924000
2025-05-03,Snack J,Food,34000,1,C1885,Jakarta,10,Bank Transfer,30600
2025-05-03,Bag H,Fashion,465000,2,C2312,Bandung,10,Credit Card,837000
2025-05-03,T-Shirt G,Fashion,252000,5,C2390,Semarang,5,E-Wallet,1197000
2025-05-03,Coffee I,Food,70000,3,C0054,Malang,0,E-Wallet,210000
2025-05-03,Pillow P,Home,184000,2,C1626,Bandung,5,E-Wallet,349600
2025-05-03,Table O,Home,1488000,4,C0430,Semarang,0,Bank Transfer,5952000
2025-05-03,Monitor D,Electronics,2480000,1,C1977,Surabaya,10,E-Wallet,2232000
2025-05-03,Headphone C,Electronics,771000,1,C1343,Jakarta,0,Bank Transfer,771000
2025-05-03,Shoes E,Fashion,635000,1,C0990,Solo,0,Credit Card,635000
2025-05-03,Shoes E,Fashion,659000,1,C0620,Yogyakarta,0,Credit Card,659000
2025-05-03,Tea K,Food,49000,1,C1408,Yogyakarta,10,Credit Card,44100
2025-05-04,Table O,Home,1521000,1,C2110,Bandung,0,Credit Card,1521000
2025-05-04,Chocolate L,Food,62000,3,C1379,Semarang,0,Credit Card,186000
2025-05-04,Lamp M,Home,316000,1,C2280,Malang,10,COD,284400
2025-05-04,Laptop A,Electronics,8158000,1,C1772,Malang,10,Credit Card,7342200
2025-05-04,Table O,Home,1478000,4,C0210,Malang,10,Bank Transfer,5320800
2025-05-04,Bag H,Fashion,436000,3,C2025,Malang,0,Bank Transfer,1308000
2025-05-04,Shoes E,Fashion,664000,1,C0109,Bandung,0,COD,664000
2025-05-04,Chocolate L,Food,60000,2,C0898,Solo,5,E-Wallet,114000
2025-05-04,Headphone C,Electronics,708000,2,C2303,Jakarta,0,Bank Transfer,1416000
2025-05-04,Bag H,Fashion,447000,2,C0143,Yogyakarta,15,Credit Card,759900
2025-05-04,Snack J,Food,35000,3,C1583,Jakarta,0,Credit Card,105000
2025-05-04,Smartphone B,Electronics,4544000,2,C1224,Jakarta,15,Credit Card,7724800
2025-05-04,Table O,Home,1481000,2,C1462,Bandung,0,Bank Transfer,2962000
2025-05-04,Smartphone B,Electronics,4806000,1,C0138,Yogyakarta,15,Credit Card,4085100
2025-05-04,Bag H,Fashion,449000,2,C1277,Jakarta,0,Bank Transfer,898000
2025-05-04,Monitor D,Electronics,2577000,3,C0637,Surabaya,0,E-Wallet,7731000
2025-05-04,Headphone C,Electronics,753000,5,C0053,Solo,5,Credit Card,3576750
2025-05-04,Smartphone B,Electronics,5304000,2,C1654,Bandung,5,E-Wallet,10077600
2025-05-04,Monitor D,Electronics,2695000,1,C1437,Semarang,5,Bank Transfer,2560250
2025-05-04,Snack J,Food,36000,2,C0642,Solo,5,E-Wallet,68400
2025-05-04,Coffee I,Food,74000,2,C0470,Jakarta,0,COD,148000
2025-05-04,Chair N,Home,920000,1,C2200,Surabaya,0,Bank Transfer,920000
2025-05-04,Snack J,Food,35000,5,C1546,Malang,5,COD,166250
2025-05-04,Tea K,Food,52000,1,C1370,Semarang,0,E-Wallet,52000
2025-05-05,Table O,Home,1483000,2,C0278,Semarang,5,E-Wallet,2817700
2025-05-05,Pillow P,Home,185000,2,C2149,Semarang,0,E-Wallet,370000
2025-05-05,Pillow P,Home,187000,3,C1399,Surabaya,20,E-Wallet,448800
2025-05-05,Smartphone B,Electronics,4995000,2,C0056,Solo,5,Bank Transfer,9490500
2025-05-05,Bag H,Fashion,475000,1,C2492,Jakarta,0,E-Wallet,475000
2025-05-05,Smartphone B,Electronics,5302000,1,C2205,Bandung,20,E-Wallet,4241600
2025-05-05,Shoes E,Fashion,649000,1,C1893,Solo,15,Bank Transfer,551650
2025-05-05,Bag H,Fashion,465000,5,C1261,Surabaya,0,Credit Card,2325000
2025-05-05,Monitor D,Electronics,2577000,1,C0592,Semarang,10,COD,2319300
2025-05-05,Headphone C,Electronics,763000,2,C1570,Bandung,20,E-Wallet,1220800
2025-05-05,Tea K,Food,51000,2,C0510,Jakarta,15,COD,86700
2025-05-05,Snack J,Food,37000,3,C0276,Malang,0,COD,111000
2025-05-05,Pillow P,Home,184000,1,C1499,Semarang,0,E-Wallet,184000
2025-05-05,Coffee I,Food,78000,3,C2253,Malang,5,Credit Card,222300
2025-05-05,Jacket F,Fashion,573000,2,C1880,Yogyakarta,0,Bank Transfer,1146000
2025-05-05,Monitor D,Electronics,2572000,3,C0476,Solo,5,Credit Card,7330200
2025-05-05,Chair N,Home,919000,2,C1144,Solo,0,COD,1838000
2025-05-05,Smartphone B,Electronics,5232000,1,C1288,Jakarta,5,E-Wallet,4970400
2025-05-05,Jacket F,Fashion,577000,1,C1253,Bandung,0,Bank Transfer,577000
2025-05-05,T-Shirt G,Fashion,260000,5,C1152,Surabaya,10,Bank Transfer,1170000
2025-05-06,Snack J,Food,35000,1,C0220,Bandung,5,Bank Transfer,33250
2025-05-06,Tea K,Food,51000,2,C2473,Jakarta,0,Credit Card,102000
2025-05-06,Jacket F,Fashion,534000,2,C0663,Surabaya,10,COD,961200
2025-05-06,Snack J,Food,34000,1,C1344,Jakarta,20,Credit Card,27200
2025-05-06,Coffee I,Food,77000,1,C2024,Semarang,10,Credit Card,69300
2025-05-06,Laptop A,Electronics,8879000,1,C2242,Malang,0,E-Wallet,8879000
2025-05-06,Shoes E,Fashion,682000,1,C0606,Bandung,5,Bank Transfer,647900
2025-05-06,T-Shirt G,Fashion,244000,1,C2428,Bandung,0,Credit Card,244000
2025-05-06,Pillow P,Home,171000,1,C0707,Surabaya,5,Credit Card,162450
2025-05-06,Coffee I,Food,72000,3,C0370,Semarang,5,Bank Transfer,205200
2025-05-06,Headphone C,Electronics,749000,3,C1813,Semarang,0,Credit Card,2247000
2025-05-06,Pillow P,Home,181000,1,C0328,Malang,0,Credit Card,181000
2025-05-06,Snack J,Food,36000,2,C0582,Surabaya,5,E-Wallet,68400
2025-05-06,Monitor D,Electronics,2471000,1,C0466,Semarang,10,Bank Transfer,2223900
2025-05-06,Jacket F,Fashion,583000,5,C0817,Malang,0,Bank Transfer,2915000
2025-05-06,Tea K,Food,51000,1,C0496,Jakarta,15,Bank Transfer,43350
2025-05-07,Pillow P,Home,188000,1,C2234,Solo,15,Credit Card,159800
2025-05-07,Chocolate L,Food,63000,1,C1119,Solo,0,Bank Transfer,63000
2025-05-07,Laptop A,Electronics,8762000,1,C0308,Semarang,0,E-Wallet,8762000
2025-05-07,Bag H,Fashion,427000,1,C1492,Surabaya,0,Bank Transfer,427000
2025-05-07,Bag H,Fashion,425000,2,C1000,Jakarta,0,Bank Transfer,850000
2025-05-07,Chair N,Home,838000,5,C1202,Surabaya,5,E-Wallet,3980500
2025-05-07,Chair N,Home,926000,2,C0821,Surabaya,5,COD,1759400
2025-05-07,Tea K,Food,50000,2,C2280,Jakarta,20,Bank Transfer,80000
2025-05-07,Snack J,Food,36000,3,C1351,Jakarta,5,Credit Card,102600
2025-05-07,Laptop A,Electronics,8261000,3,C0134,Surabaya,0,Credit Card,24783000
2025-05-07,Bag H,Fashion,436000,1,C2411,Yogyakarta,0,Bank Transfer,436000
2025-05-07,Laptop A,Electronics,8098000,2,C1584,Surabaya,0,Bank Transfer,16196000
2025-05-07,Smartphone B,Electronics,4570000,3,C0184,Bandung,5,E-Wallet,13024500
2025-05-08,Chocolate L,Food,60000,4,C0355,Semarang,5,COD,228000
2025-05-08,Tea K,Food,50000,1,C1320,Solo,0,Bank Transfer,50000
2025-05-08,Shoes E,Fashion,631000,1,C2130,Surabaya,0,E-Wallet,631000
2025-05-08,Laptop A,Electronics,9180000,4,C0240,Solo,0,Bank Transfer,36720000
2025-05-08,Jacket F,Fashion,544000,1,C0963,Jakarta,10,Credit Card,489600
2025-05-08,Pillow P,Home,175000,3,C0267,Yogyakarta,0,Credit Card,525000
2025-05-08,Headphone C,Electronics,776000,2,C1127,Bandung,0,COD,1552000
2025-05-08,Smartphone B,Electronics,4789000,1,C0760,Jakarta,15,Credit Card,4070650
2025-05-08,Jacket F,Fashion,559000,3,C0555,Bandung,0,Bank Transfer,1677000
2025-05-08,T-Shirt G,Fashion,252000,1,C2145,Bandung,15,E-Wallet,214200
2025-05-08,Table O,Home,1531000,1,C2463,Malang,15,Credit Card,1301350
2025-05-08,Laptop A,Electronics,8913000,1,C0817,Solo,15,E-Wallet,7576050
2025-05-08,Headphone C,Electronics,726000,1,C2198,Surabaya,0,E-Wallet,726000
2025-05-08,Jacket F,Fashion,568000,1,C2474,Semarang,15,COD,482800
2025-05-08,Lamp M,Home,314000,5,C2463,Solo,5,E-Wallet,1491500
2025-05-09,Headphone C,Electronics,777000,4,C0489,Surabaya,0,E-Wallet,3108000
2025-05-09,Tea K,Food,49000,1,C0648,Semarang,15,Credit Card,41650
2025-05-09,Table O,Home,1627000,1,C1226,Bandung,5,Bank Transfer,1545650
2025-05-09,Headphone C,Electronics,750000,2,C1959,Jakarta,5,Credit Card,1425000
2025-05-09,Tea K,Food,50000,3,C1060,Yogyakarta,0,Credit Card,150000
2025-05-09,Chair N,Home,856000,4,C0766,Malang,0,E-Wallet,3424000
2025-05-09,Bag H,Fashion,435000,1,C2118,Jakarta,15,COD,369750
2025-05-09,Lamp M,Home,278000,1,C2209,Jakarta,0,Bank Transfer,278000
2025-05-09,Pillow P,Home,192000,1,C1147,Jakarta,0,Bank Transfer,192000
2025-05-09,Shoes E,Fashion,663000,2,C2100,Jakarta,10,Bank Transfer,1193400
2025-05-09,Lamp M,Home,289000,1,C1265,Surabaya,0,Credit Card,289000
2025-05-09,T-Shirt G,Fashion,261000,1,C1220,Yogyakarta,15,Credit Card,221850
2025-05-09,Smartphone B,Electronics,4726000,3,C1478,Bandung,20,E-Wallet,11342400
2025-05-09,Chocolate L,Food,58000,3,C2021,Bandung,0,E-Wallet,174000
2025-05-09,Chocolate L,Food,59000,4,C2077,Semarang,0,E-Wallet,236000
2025-05-09,Chocolate L,Food,62000,1,C0022,Jakarta,10,E-Wallet,55800
2025-05-09,Laptop A,Electronics,8896000,2,C0479,Bandung,0,COD,17792000
2025-05-09,Pillow P,Home,179000,1,C0271,Jakarta,0,Credit Card,179000
2025-05-09,Table O,Home,1572000,1,C1150,Semarang,10,Credit Card,1414800
2025-05-09,Snack J,Food,35000,2,C1513,Jakarta,10,Bank Transfer,63000
2025-05-09,Smartphone B,Electronics,5360000,1,C1862,Surabaya,10,Credit Card,4824000
2025-05-09,Chair N,Home,861000,1,C0545,Surabaya,0,Bank Transfer,861000
2025-05-10,Lamp M,Home,296000,3,C1553,Yogyakarta,10,E-Wallet,799200
2025-05-10,Shoes E,Fashion,681000,3,C0614,Semarang,10,E-Wallet,1838700
2025-05-10,Bag H,Fashion,469000,2,C0556,Malang,10,Credit Card,844200
2025-05-10,Headphone C,Electronics,688000,2,C0340,Surabaya,15,Bank Transfer,1169600
2025-05-10,Jacket F,Fashion,554000,2,C2296,Surabaya,0,E-Wallet,1108000
2025-05-10,Monitor D,Electronics,2453000,1,C0237,Malang,10,Bank Transfer,2207700
2025-05-10,Lamp M,Home,306000,1,C0235,Surabaya,0,Credit Card,306000
2025-05-10,Chair N,Home,838000,1,C1230,Bandung,0,E-Wallet,838000
2025-05-10,Bag H,Fashion,418000,2,C0900,Yogyakarta,5,Credit Card,794200
2025-05-10,Tea K,Food,50000,1,C0531,Surabaya,10,E-Wallet,45000
2025-05-10,Headphone C,Electronics,736000,3,C1395,Jakarta,10,Credit Card,1987200
2025-05-10,Table O,Home,1552000,3,C1078,Semarang,15,Credit Card,3957600
2025-05-10,Laptop A,Electronics,8063000,1,C0891,Bandung,0,COD,8063000
2025-05-10,Chocolate L,Food,61000,1,C1259,Semarang,5,Bank Transfer,57950
2025-05-10,Chocolate L,Food,63000,5,C0117,Jakarta,5,COD,299250
2025-05-11,T-Shirt G,Fashion,246000,3,C2431,Malang,0,E-Wallet,738000
2025-05-11,Headphone C,Electronics,734000,2,C2400,Bandung,0,Bank Transfer,1468000
2025-05-11,Bag H,Fashion,465000,1,C2205,Jakarta,0,Bank Transfer,465000
2025-05-11,Chocolate L,Food,63000,3,C2131,Jakarta,0,Credit Card,189000
2025-05-11,Jacket F,Fashion,572000,2,C0686,Jakarta,10,E-Wallet,1029600
2025-05-11,Monitor D,Electronics,2778000,1,C2127,Bandung,0,E-Wallet,2778000
2025-05-11,Chocolate L,Food,63000,2,C1709,Malang,10,Bank Transfer,113400
2025-05-11,Coffee I,Food,81000,4,C2070,Yogyakarta,10,Bank Transfer,291600
2025-05-11,Bag H,Fashion,444000,2,C0109,Jakarta,15,COD,754800
2025-05-11,Jacket F,Fashion,510000,1,C1581,Jakarta,5,E-Wallet,484500
2025-05-11,Laptop A,Electronics,8341000,3,C0949,Bandung,5,Credit Card,23771850
2025-05-11,Chocolate L,Food,59000,1,C1793,Jakarta,5,Bank Transfer,56050
2025-05-11,Headphone C,Electronics,758000,5,C1458,Yogyakarta,0,E-Wallet,3790000
2025-05-11,Monitor D,Electronics,2607000,3,C1884,Jakarta,20,COD,6256800
2025-05-11,Table O,Home,1477000,1,C2435,Surabaya,0,E-Wallet,1477000
2025-05-11,Monitor D,Electronics,2417000,2,C1444,Yogyakarta,10,E-Wallet,4350600
2025-05-11,Bag H,Fashion,452000,1,C2348,Yogyakarta,0,COD,452000
2025-05-11,Jacket F,Fashion,495000,1,C1696,Jakarta,10,COD,445500
2025-05-11,Chocolate L,Food,61000,2,C1960,Surabaya,5,Credit Card,115900
2025-05-11,Chair N,Home,854000,3,C1085,Bandung,10,COD,2305800
2025-05-11,Monitor D,Electronics,2733000,1,C1280,Jakarta,0,COD,2733000
2025-05-11,Bag H,Fashion,434000,1,C1540,Jakarta,15,Bank Transfer,368900
2025-05-11,Shoes E,Fashion,637000,2,C1738,Surabaya,0,E-Wallet,1274000
2025-05-12,Smartphone B,Electronics,5020000,1,C1599,Yogyakarta,10,Bank Transfer,4518000
2025-05-12,Laptop A,Electronics,8599000,1,C0370,Jakarta,0,Bank Transfer,8599000
2025-05-12,Pillow P,Home,175000,4,C1825,Yogyakarta,0,E-Wallet,700000
2025-05-12,Chocolate L,Food,58000,4,C1223,Semarang,5,Credit Card,220400
2025-05-12,Snack J,Food,34000,1,C2130,Jakarta,10,Bank Transfer,30600
2025-05-12,Shoes E,Fashion,599000,1,C1437,Semarang,0,Bank Transfer,599000
2025-05-12,Coffee I,Food,79000,1,C1692,Jakarta,15,Credit Card,67150
2025-05-12,T-Shirt G,Fashion,261000,3,C1996,Malang,10,E-Wallet,704700
2025-05-12,Pillow P,Home,178000,1,C2391,Malang,20,E-Wallet,142400
2025-05-12,Snack J,Food,34000,3,C0004,Jakarta,0,E-Wallet,102000
2025-05-12,Chocolate L,Food,63000,1,C1628,Yogyakarta,5,Bank Transfer,59850
2025-05-12,Monitor D,Electronics,2658000,1,C1497,Jakarta,5,Credit Card,2525100
2025-05-12,Coffee I,Food,77000,2,C1378,Jakarta,0,E-Wallet,154000
2025-05-12,T-Shirt G,Fashion,253000,5,C0562,Bandung,5,Credit Card,1201750
2025-05-12,Monitor D,Electronics,2629000,1,C2316,Semarang,0,Bank Transfer,2629000
2025-05-12,Bag H,Fashion,468000,1,C2359,Malang,10,E-Wallet,421200
2025-05-12,Chocolate L,Food,56000,1,C1005,Jakarta,0,Bank Transfer,56000
2025-05-12,Tea K,Food,51000,3,C0989,Jakarta,5,Credit Card,145350
2025-05-12,Monitor D,Electronics,2426000,2,C2382,Surabaya,10,Bank Transfer,4366800
2025-05-12,Tea K,Food,55000,2,C0203,Surabaya,5,Credit Card,104500
2025-05-13,Laptop A,Electronics,9127000,4,C2452,Semarang,5,Credit Card,34682600
2025-05-13,Laptop A,Electronics,9018000,4,C1691,Bandung,5,COD,34268400
2025-05-13,Headphone C,Electronics,756000,2,C0131,Surabaya,20,E-Wallet,1209600
2025-05-13,Headphone C,Electronics,768000,1,C2042,Yogyakarta,15,Bank Transfer,652800
2025-05-13,Chair N,Home,835000,1,C0569,Jakarta,15,Credit Card,709750
2025-05-13,T-Shirt G,Fashion,243000,2,C1424,Malang,15,Credit Card,413100
2025-05-13,Smartphone B,Electronics,4950000,1,C1512,Bandung,0,Credit Card,4950000
2025-05-13,Jacket F,Fashion,562000,1,C2005,Malang,5,Bank Transfer,533900
2025-05-13,Shoes E,Fashion,637000,1,C0589,Semarang,0,Credit Card,637000
2025-05-13,Bag H,Fashion,455000,1,C0688,Jakarta,15,Credit Card,386750
2025-05-13,Tea K,Food,51000,3,C0688,Jakarta,5,E-Wallet,145350
2025-05-13,Tea K,Food,49000,4,C2448,Jakarta,10,Credit Card,176400
2025-05-14,Monitor D,Electronics,2374000,2,C1638,Semarang,15,Bank Transfer,4035800
2025-05-14,Snack J,Food,35000,2,C0036,Jakarta,5,Bank Transfer,66500
2025-05-14,T-Shirt G,Fashion,254000,4,C1748,Bandung,10,E-Wallet,914400
2025-05-14,Headphone C,Electronics,803000,2,C1538,Semarang,0,Credit Card,1606000
2025-05-14,Coffee I,Food,71000,1,C2021,Semarang,0,E-Wallet,71000
2025-05-14,Jacket F,Fashion,559000,1,C2165,Solo,0,COD,559000
2025-05-14,T-Shirt G,Fashion,242000,2,C1626,Bandung,5,COD,459800
2025-05-14,Tea K,Food,50000,2,C0463,Surabaya,15,E-Wallet,85000
2025-05-14,Chair N,Home,949000,1,C1603,Surabaya,0,COD,949000
2025-05-14,Bag H,Fashion,445000,1,C0255,Bandung,10,E-Wallet,400500
2025-05-14,Monitor D,Electronics,2383000,4,C1143,Semarang,15,COD,8102200
2025-05-14,Jacket F,Fashion,566000,1,C0193,Surabaya,15,Bank Transfer,481100
2025-05-14,Shoes E,Fashion,641000,2,C0708,Semarang,5,COD,1217900
2025-05-15,Coffee I,Food,76000,1,C1214,Yogyakarta,10,Bank Transfer,68400
2025-05-15,Monitor D,Electronics,2535000,2,C1087,Jakarta,0,COD,5070000
2025-05-15,Bag H,Fashion,455000,1,C1770,Jakarta,5,Credit Card,432250
2025-05-15,Bag H,Fashion,449000,1,C1075,Surabaya,5,Bank Transfer,426550
2025-05-15,Tea K,Food,50000,1,C1951,Jakarta,0,COD,50000
2025-05-15,Laptop A,Electronics,8239000,1,C2350,Solo,10,E-Wallet,7415100
2025-05-15,Shoes E,Fashion,658000,2,C2303,Semarang,0,E-Wallet,1316000
2025-05-15,Tea K,Food,48000,2,C0843,Surabaya,0,Credit Card,96000
2025-05-15,Pillow P,Home,176000,2,C0411,Jakarta,5,Bank Transfer,334400
2025-05-15,Tea K,Food,48000,2,C0518,Surabaya,0,E-Wallet,96000
2025-05-15,Snack J,Food,35000,1,C0929,Surabaya,0,Credit Card,35000
2025-05-15,Shoes E,Fashion,650000,2,C1004,Bandung,0,Credit Card,1300000
2025-05-15,Chair N,Home,882000,3,C2478,Jakarta,10,Bank Transfer,2381400
2025-05-15,Lamp M,Home,322000,1,C2470,Yogyakarta,0,Bank Transfer,322000
2025-05-15,Chair N,Home,916000,2,C2393,Yogyakarta,10,E-Wallet,1648800
2025-05-15,Jacket F,Fashion,573000,2,C2488,Jakarta,0,E-Wallet,1146000
2025-05-15,Smartphone B,Electronics,5046000,2,C0741,Surabaya,0,Credit Card,10092000
2025-05-15,Shoes E,Fashion,683000,1,C2145,Yogyakarta,0,COD,683000
2025-05-16,Shoes E,Fashion,629000,1,C2330,Jakarta,10,COD,566100
2025-05-16,Jacket F,Fashion,580000,2,C0778,Surabaya,0,E-Wallet,1160000
2025-05-16,Jacket F,Fashion,574000,2,C1606,Surabaya,5,Bank Transfer,1090600
2025-05-16,Bag H,Fashion,427000,1,C0808,Solo,20,Bank Transfer,341600
2025-05-16,Jacket F,Fashion,568000,2,C0337,Surabaya,0,COD,1136000
2025-05-16,Laptop A,Electronics,8712000,1,C1134,Yogyakarta,10,Credit Card,7840800
2025-05-16,Tea K,Food,49000,1,C0666,Bandung,10,E-Wallet,44100
2025-05-16,Tea K,Food,50000,1,C2421,Solo,0,Bank Transfer,50000
2025-05-16,Lamp M,Home,302000,3,C0707,Surabaya,15,COD,770100
2025-05-16,Laptop A,Electronics,8595000,2,C1343,Semarang,5,Bank Transfer,16330500
2025-05-16,Chocolate L,Food,62000,5,C1097,Semarang,0,Credit Card,310000
2025-05-16,Headphone C,Electronics,750000,2,C0104,Jakarta,0,E-Wallet,1500000
2025-05-16,Monitor D,Electronics,2368000,1,C1741,Jakarta,5,Bank Transfer,2249600
2025-05-17,Shoes E,Fashion,647000,1,C0716,Bandung,10,E-Wallet,582300
2025-05-17,Snack J,Food,34000,1,C1500,Semarang,5,Bank Transfer,32300
2025-05-17,Coffee I,Food,73000,3,C2472,Bandung,15,E-Wallet,186150
2025-05-17,Bag H,Fashion,468000,1,C0754,Yogyakarta,15,Credit Card,397800
2025-05-17,Chocolate L,Food,65000,2,C2475,Yogyakarta,5,E-Wallet,123500
2025-05-17,Tea K,Food,48000,2,C1215,Semarang,0,Credit Card,96000
2025-05-17,Shoes E,Fashion,681000,1,C1427,Jakarta,5,E-Wallet,646950
2025-05-17,Bag H,Fashion,455000,1,C0363,Jakarta,10,E-Wallet,409500
2025-05-17,Lamp M,Home,305000,5,C0736,Bandung,5,E-Wallet,1448750
2025-05-17,Bag H,Fashion,464000,2,C1829,Jakarta,0,E-Wallet,928000
2025-05-17,Shoes E,Fashion,638000,1,C1263,Malang,15,E-Wallet,542300
2025-05-17,Table O,Home,1458000,2,C0309,Solo,0,E-Wallet,2916000
2025-05-17,Bag H,Fashion,449000,1,C1582,Jakarta,0,E-Wallet,449000
2025-05-17,Pillow P,Home,178000,3,C2254,Jakarta,0,Bank Transfer,534000
2025-05-17,Chocolate L,Food,63000,1,C0177,Jakarta,0,Credit Card,63000
2025-05-17,Laptop A,Electronics,8018000,2,C1744,Bandung,10,Bank Transfer,14432400
2025-05-17,Tea K,Food,51000,1,C0338,Semarang,15,E-Wallet,43350
2025-05-17,Monitor D,Electronics,2398000,4,C0858,Bandung,15,E-Wallet,8153200
2025-05-18,Headphone C,Electronics,742000,1,C2350,Solo,10,E-Wallet,667800
2025-05-18,Lamp M,Home,294000,3,C2246,Bandung,15,E-Wallet,749700
2025-05-18,Headphone C,Electronics,742000,2,C0115,Malang,10,COD,1335600
2025-05-18,Pillow P,Home,171000,1,C2355,Solo,0,COD,171000
2025-05-18,Smartphone B,Electronics,5089000,1,C2441,Semarang,10,E-Wallet,4580100
2025-05-18,Tea K,Food,48000,4,C2258,Malang,10,Bank Transfer,172800
2025-05-18,Laptop A,Electronics,8377000,2,C2106,Semarang,10,E-Wallet,15078600
2025-05-18,Smartphone B,Electronics,5018000,4,C1285,Solo,0,E-Wallet,20072000
2025-05-18,Monitor D,Electronics,2497000,1,C1149,Bandung,10,Bank Transfer,2247300
2025-05-18,Pillow P,Home,182000,1,C2397,Jakarta,0,Bank Transfer,182000
2025-05-18,Monitor D,Electronics,2513000,3,C1764,Surabaya,0,Credit Card,7539000
2025-05-18,Coffee I,Food,73000,2,C0118,Surabaya,0,Bank Transfer,146000
2025-05-18,Snack J,Food,36000,4,C0584,Yogyakarta,0,COD,144000
2025-05-18,Smartphone B,Electronics,4713000,2,C2451,Jakarta,15,Credit Card,8012100
2025-05-18,Snack J,Food,37000,2,C2405,Jakarta,5,Credit Card,70300
2025-05-18,Shoes E,Fashion,600000,3,C1305,Bandung,0,Bank Transfer,1800000
2025-05-18,Bag H,Fashion,448000,2,C2177,Surabaya,5,Credit Card,851200
2025-05-19,Headphone C,Electronics,750000,1,C2372,Yogyakarta,10,Credit Card,675000
2025-05-19,Headphone C,Electronics,714000,2,C1641,Jakarta,20,E-Wallet,1142400
2025-05-19,Monitor D,Electronics,2544000,4,C2457,Yogyakarta,0,E-Wallet,10176000
2025-05-19,Smartphone B,Electronics,5064000,1,C0497,Surabaya,0,Credit Card,5064000
2025-05-19,Smartphone B,Electronics,4591000,1,C1567,Jakarta,10,E-Wallet,4131900
2025-05-19,Table O,Home,1656000,2,C1737,Bandung,0,Credit Card,3312000
2025-05-19,T-Shirt G,Fashion,242000,2,C2500,Surabaya,10,Bank Transfer,435600
2025-05-19,Laptop A,Electronics,8075000,2,C1065,Surabaya,10,E-Wallet,14535000
2025-05-19,Shoes E,Fashion,656000,2,C0407,Jakarta,10,Bank Transfer,1180800
2025-05-19,Jacket F,Fashion,544000,1,C1832,Solo,10,Credit Card,489600
2025-05-19,Bag H,Fashion,451000,1,C0711,Semarang,10,Credit Card,405900
2025-05-19,Table O,Home,1456000,2,C0130,Malang,0,Credit Card,2912000
2025-05-19,Tea K,Food,51000,1,C2392,Yogyakarta,10,Bank Transfer,45900
2025-05-20,Chair N,Home,908000,4,C0395,Bandung,20,Credit Card,2905600
2025-05-20,Chocolate L,Food,61000,1,C1484,Bandung,0,Bank Transfer,61000
2025-05-20,Tea K,Food,53000,5,C2402,Yogyakarta,0,COD,265000
2025-05-20,Tea K,Food,50000,3,C1308,Yogyakarta,15,COD,127500
2025-05-20,Snack J,Food,32000,3,C2031,Surabaya,10,Credit Card,86400
2025-05-20,Headphone C,Electronics,696000,3,C1542,Bandung,0,E-Wallet,2088000
2025-05-20,Laptop A,Electronics,8269000,3,C0707,Jakarta,10,E-Wallet,22326300
2025-05-20,Headphone C,Electronics,771000,3,C0499,Semarang,0,Credit Card,2313000
2025-05-20,Chair N,Home,917000,1,C2014,Solo,0,Credit Card,917000
2025-05-20,Headphone C,Electronics,749000,1,C0832,Semarang,0,Credit Card,749000
2025-05-20,Headphone C,Electronics,726000,2,C2090,Malang,0,E-Wallet,1452000
2025-05-20,Pillow P,Home,180000,2,C0270,Surabaya,5,Credit Card,342000
2025-05-21,Smartphone B,Electronics,4849000,1,C0689,Jakarta,10,Credit Card,4364100
2025-05-21,Shoes E,Fashion,649000,1,C2135,Jakarta,0,Credit Card,649000
2025-05-21,Lamp M,Home,305000,4,C0820,Surabaya,15,Bank Transfer,1037000
2025-05-21,Tea K,Food,50000,2,C1672,Jakarta,0,COD,100000
2025-05-21,Monitor D,Electronics,2598000,1,C0839,Yogyakarta,0,E-Wallet,2598000
2025-05-21,Monitor D,Electronics,2441000,2,C0583,Yogyakarta,15,COD,4149700
2025-05-21,T-Shirt G,Fashion,247000,1,C1566,Bandung,0,E-Wallet,247000
2025-05-21,Smartphone B,Electronics,4993000,1,C0790,Semarang,0,E-Wallet,4993000
2025-05-21,Monitor D,Electronics,2391000,1,C0267,Solo,0,E-Wallet,2391000
2025-05-21,Table O,Home,1532000,2,C2010,Surabaya,10,Credit Card,2757600
2025-05-21,Chocolate L,Food,61000,1,C0208,Yogyakarta,10,Credit Card,54900
2025-05-21,Smartphone B,Electronics,5142000,3,C0119,Surabaya,0,Credit Card,15426000
2025-05-21,Coffee I,Food,76000,2,C0481,Bandung,5,COD,144400
2025-05-21,Table O,Home,1525000,3,C1634,Jakarta,20,Credit Card,3660000
2025-05-21,Coffee I,Food,73000,5,C1292,Yogyakarta,15,Credit Card,310250
2025-05-21,Chocolate L,Food,57000,5,C1065,Jakarta,0,Bank Transfer,285000
2025-05-21,Laptop A,Electronics,8415000,2,C1803,Jakarta,10,E-Wallet,15147000
2025-05-21,T-Shirt G,Fashion,252000,3,C1194,Semarang,15,E-Wallet,642600
2025-05-22,Snack J,Food,36000,1,C0596,Malang,0,Credit Card,36000
2025-05-22,T-Shirt G,Fashion,254000,2,C1789,Malang,5,E-Wallet,482600
2025-05-22,Coffee I,Food,79000,2,C2493,Jakarta,5,E-Wallet,150100
2025-05-22,Snack J,Food,32000,1,C2220,Surabaya,0,Bank Transfer,32000
2025-05-22,Chair N,Home,902000,1,C2126,Malang,0,Credit Card,902000
2025-05-22,Headphone C,Electronics,736000,2,C0205,Jakarta,0,Bank Transfer,1472000
2025-05-22,Laptop A,Electronics,8512000,2,C0430,Semarang,10,Credit Card,15321600
2025-05-22,Chair N,Home,861000,4,C0946,Surabaya,10,Bank Transfer,3099600
2025-05-22,Jacket F,Fashion,546000,2,C1046,Jakarta,15,Credit Card,928200
2025-05-22,Tea K,Food,51000,2,C2172,Bandung,0,COD,102000
2025-05-22,Coffee I,Food,78000,4,C1789,Jakarta,15,E-Wallet,265200
2025-05-22,T-Shirt G,Fashion,244000,1,C1671,Jakarta,15,E-Wallet,207400
2025-05-22,Monitor D,Electronics,2494000,5,C0666,Jakarta,0,E-Wallet,12470000
2025-05-22,Bag H,Fashion,460000,2,C0767,Jakarta,15,Bank Transfer,782000
2025-05-22,Jacket F,Fashion,514000,1,C1992,Jakarta,0,Credit Card,514000
2025-05-22,Headphone C,Electronics,754000,2,C1595,Jakarta,15,E-Wallet,1281800
2025-05-22,Table O,Home,1460000,1,C2298,Semarang,10,Bank Transfer,1314000
2025-05-22,Pillow P,Home,183000,2,C0269,Solo,0,Credit Card,366000
2025-05-22,Pillow P,Home,179000,2,C2305,Jakarta,5,COD,340100
2025-05-23,Shoes E,Fashion,632000,1,C1401,Malang,10,Bank Transfer,568800
2025-05-23,Monitor D,Electronics,2483000,3,C1803,Bandung,10,Credit Card,6704100
2025-05-23,Smartphone B,Electronics,4724000,1,C1350,Malang,10,Credit Card,4251600
2025-05-23,Snack J,Food,36000,2,C2347,Solo,0,Credit Card,72000
2025-05-23,Headphone C,Electronics,752000,1,C0733,Jakarta,0,Credit Card,752000
2025-05-23,Laptop A,Electronics,7631000,1,C0206,Yogyakarta,15,E-Wallet,6486350
2025-05-23,Headphone C,Electronics,783000,2,C1319,Bandung,15,Bank Transfer,1331100
2025-05-23,Jacket F,Fashion,549000,1,C1366,Semarang,5,Bank Transfer,521550
2025-05-23,Jacket F,Fashion,548000,1,C1070,Jakarta,5,Bank Transfer,520600
2025-05-23,Chocolate L,Food,61000,2,C1633,Jakarta,0,Bank Transfer,122000
2025-05-23,Smartphone B,Electronics,4751000,2,C2431,Surabaya,5,Credit Card,9026900
2025-05-23,T-Shirt G,Fashion,246000,1,C1464,Surabaya,0,E-Wallet,246000
2025-05-23,Smartphone B,Electronics,4747000,1,C1343,Jakarta,15,COD,4034950
2025-05-23,Bag H,Fashion,459000,1,C2151,Solo,10,E-Wallet,413100
2025-05-24,Monitor D,Electronics,2549000,1,C1499,Surabaya,5,E-Wallet,2421550
2025-05-24,Snack J,Food,37000,2,C0359,Jakarta,5,E-Wallet,70300
2025-05-24,Coffee I,Food,75000,4,C1008,Yogyakarta,5,COD,285000
2025-05-24,Bag H,Fashion,433000,1,C1129,Surabaya,15,E-Wallet,368050
2025-05-24,Chair N,Home,929000,2,C0531,Jakarta,5,Bank Transfer,1765100
2025-05-24,Headphone C,Electronics,820000,2,C0996,Semarang,15,E-Wallet,1394000
2025-05-24,Bag H,Fashion,443000,1,C0186,Semarang,15,Bank Transfer,376550
2025-05-24,T-Shirt G,Fashion,255000,4,C1722,Malang,20,Bank Transfer,816000
2025-05-24,Tea K,Food,49000,4,C0652,Jakarta,0,E-Wallet,196000
2025-05-24,Headphone C,Electronics,744000,2,C1185,Surabaya,15,COD,1264800
2025-05-24,Snack J,Food,34000,1,C0441,Jakarta,10,E-Wallet,30600
2025-05-24,Tea K,Food,50000,4,C0967,Bandung,5,COD,190000
2025-05-24,Pillow P,Home,169000,2,C1964,Jakarta,0,Bank Transfer,338000
2025-05-24,Snack J,Food,36000,2,C1080,Yogyakarta,5,E-Wallet,68400
2025-05-24,Lamp M,Home,296000,2,C2301,Yogyakarta,5,Bank Transfer,562400
2025-05-24,Coffee I,Food,79000,1,C1733,Jakarta,15,Credit Card,67150
2025-05-25,Coffee I,Food,76000,5,C2032,Surabaya,15,Bank Transfer,323000
2025-05-25,Pillow P,Home,180000,2,C0388,Yogyakarta,5,Bank Transfer,342000
2025-05-25,Headphone C,Electronics,732000,1,C0896,Jakarta,0,Bank Transfer,732000
2025-05-25,Snack J,Food,32000,2,C1617,Yogyakarta,0,E-Wallet,64000
2025-05-25,Smartphone B,Electronics,5234000,2,C0515,Solo,15,Bank Transfer,8897800
2025-05-25,Lamp M,Home,313000,2,C0068,Semarang,0,Credit Card,626000
2025-05-25,Jacket F,Fashion,537000,3,C0977,Jakarta,0,Bank Transfer,1611000
2025-05-25,Chocolate L,Food,59000,3,C0171,Surabaya,5,Credit Card,168150
2025-05-25,Tea K,Food,45000,3,C0086,Semarang,10,COD,121500
2025-05-25,Tea K,Food,51000,1,C1578,Malang,10,Bank Transfer,45900
2025-05-25,Headphone C,Electronics,767000,4,C2478,Bandung,5,COD,2914600
2025-05-25,Monitor D,Electronics,2619000,2,C2374,Malang,10,Bank Transfer,4714200
2025-05-26,Lamp M,Home,304000,2,C1187,Jakarta,0,COD,608000
2025-05-26,Laptop A,Electronics,8376000,2,C1474,Malang,5,E-Wallet,15914400
2025-05-26,Pillow P,Home,178000,3,C2143,Surabaya,15,Credit Card,453900
2025-05-26,Tea K,Food,48000,4,C0965,Jakarta,10,E-Wallet,172800
2025-05-26,Coffee I,Food,75000,5,C1267,Jakarta,0,E-Wallet,375000
2025-05-26,Snack J,Food,36000,2,C0997,Jakarta,5,Credit Card,68400
2025-05-26,Monitor D,Electronics,2510000,4,C2068,Bandung,5,Bank Transfer,9538000
2025-05-26,Snack J,Food,36000,2,C2436,Surabaya,0,Credit Card,72000
2025-05-26,Pillow P,Home,179000,2,C1089,Surabaya,0,Bank Transfer,358000
2025-05-26,Table O,Home,1504000,3,C0516,Semarang,5,Bank Transfer,4286400
2025-05-26,Table O,Home,1471000,1,C1583,Jakarta,0,Credit Card,1471000
2025-05-26,Smartphone B,Electronics,4992000,1,C1971,Yogyakarta,0,Bank Transfer,4992000
2025-05-27,Pillow P,Home,175000,1,C1770,Jakarta,10,COD,157500
2025-05-27,Tea K,Food,47000,3,C2347,Solo,5,E-Wallet,133950
2025-05-27,Coffee I,Food,75000,4,C0957,Yogyakarta,5,COD,285000
2025-05-27,T-Shirt G,Fashion,263000,3,C0866,Semarang,5,COD,749550
2025-05-27,Chair N,Home,883000,1,C2410,Surabaya,10,Credit Card,794700
2025-05-27,Laptop A,Electronics,8692000,1,C1610,Jakarta,0,Bank Transfer,8692000
2025-05-27,Smartphone B,Electronics,4941000,1,C0768,Semarang,10,Credit Card,4446900
2025-05-27,Headphone C,Electronics,747000,2,C0996,Jakarta,0,Bank Transfer,1494000
2025-05-27,T-Shirt G,Fashion,242000,4,C1267,Bandung,20,COD,774400
2025-05-27,Smartphone B,Electronics,5091000,1,C1906,Surabaya,15,E-Wallet,4327350
2025-05-27,Monitor D,Electronics,2412000,1,C1086,Jakarta,15,E-Wallet,2050200
2025-05-28,Smartphone B,Electronics,5005000,2,C2375,Solo,20,E-Wallet,8008000
2025-05-28,Jacket F,Fashion,537000,1,C0283,Bandung,5,COD,510150
2025-05-28,Tea K,Food,50000,2,C1801,Jakarta,15,COD,85000
2025-05-28,Table O,Home,1520000,1,C0205,Yogyakarta,15,Credit Card,1292000
2025-05-28,T-Shirt G,Fashion,236000,1,C0679,Jakarta,20,Bank Transfer,188800
2025-05-28,Coffee I,Food,71000,1,C2120,Malang,0,E-Wallet,71000
2025-05-28,Laptop A,Electronics,8411000,3,C2259,Yogyakarta,5,Credit Card,23971350
2025-05-28,T-Shirt G,Fashion,236000,4,C1547,Surabaya,5,Credit Card,896800
2025-05-28,Jacket F,Fashion,553000,1,C1854,Malang,10,E-Wallet,497700
2025-05-28,Headphone C,Electronics,722000,1,C1528,Surabaya,15,Bank Transfer,613700
2025-05-28,Shoes E,Fashion,647000,1,C0700,Malang,0,E-Wallet,647000
2025-05-28,Shoes E,Fashion,676000,3,C1514,Bandung,0,Credit Card,2028000
2025-05-29,Tea K,Food,50000,2,C0673,Semarang,0,Credit Card,100000
2025-05-29,Snack J,Food,34000,1,C0339,Bandung,5,Bank Transfer,32300
2025-05-29,Coffee I,Food,74000,2,C1680,Surabaya,5,E-Wallet,140600
2025-05-29,Lamp M,Home,296000,2,C0860,Jakarta,0,Bank Transfer,592000
2025-05-29,Snack J,Food,35000,2,C0623,Yogyakarta,0,Bank Transfer,70000
2025-05-29,Snack J,Food,35000,1,C0806,Surabaya,0,Bank Transfer,35000
2025-05-29,Bag H,Fashion,450000,1,C1161,Malang,10,E-Wallet,405000
2025-05-29,Tea K,Food,49000,4,C0044,Semarang,10,E-Wallet,176400
2025-05-29,Table O,Home,1581000,4,C1400,Jakarta,0,E-Wallet,6324000
2025-05-29,Headphone C,Electronics,744000,1,C1597,Malang,15,Bank Transfer,632400
2025-05-29,T-Shirt G,Fashion,252000,3,C0674,Jakarta,0,E-Wallet,756000
2025-05-29,Smartphone B,Electronics,4795000,3,C0265,Malang,5,E-Wallet,13665750
2025-05-29,Snack J,Food,36000,1,C2093,Malang,5,E-Wallet,34200
2025-05-29,Coffee I,Food,72000,1,C1383,Surabaya,15,Credit Card,61200
2025-05-29,Snack J,Food,36000,3,C2195,Yogyakarta,5,Bank Transfer,102600
2025-05-29,Tea K,Food,49000,1,C1347,Semarang,5,E-Wallet,46550
2025-05-29,Jacket F,Fashion,567000,4,C0574,Yogyakarta,0,COD,2268000
2025-05-29,Jacket F,Fashion,571000,3,C1006,Bandung,15,COD,1456050
2025-05-29,Chair N,Home,854000,2,C0718,Bandung,10,Bank Transfer,1537200
2025-05-29,Chair N,Home,905000,3,C1386,Jakarta,0,Credit Card,2715000
2025-05-29,Bag H,Fashion,443000,3,C0817,Semarang,15,Bank Transfer,1129650
2025-05-29,Tea K,Food,48000,1,C0016,Semarang,10,Credit Card,43200
2025-05-30,Chocolate L,Food,60000,1,C1000,Semarang,15,E-Wallet,51000
2025-05-30,Monitor D,Electronics,2418000,2,C0051,Bandung,0,E-Wallet,4836000
2025-05-30,Monitor D,Electronics,2503000,2,C0172,Jakarta,10,E-Wallet,4505400
2025-05-30,Monitor D,Electronics,2500000,4,C1447,Semarang,0,Credit Card,10000000
2025-05-30,Smartphone B,Electronics,4664000,5,C1235,Bandung,10,Bank Transfer,20988000
2025-05-30,Headphone C,Electronics,768000,3,C0023,Malang,0,E-Wallet,2304000
2025-05-30,Snack J,Food,37000,2,C0835,Jakarta,10,E-Wallet,66600
2025-05-30,Jacket F,Fashion,547000,3,C0619,Surabaya,0,Credit Card,1641000
2025-05-30,Coffee I,Food,78000,2,C0857,Jakarta,0,Bank Transfer,156000
2025-05-30,Monitor D,Electronics,2604000,1,C1325,Jakarta,0,Bank Transfer,2604000
2025-05-30,Table O,Home,1480000,2,C0602,Jakarta,5,Credit Card,2812000
2025-05-30,Monitor D,Electronics,2295000,3,C1857,Malang,10,Credit Card,6196500
2025-05-30,Tea K,Food,49000,3,C0253,Jakarta,10,E-Wallet,132300
2025-05-31,Table O,Home,1541000,2,C0533,Semarang,20,E-Wallet,2465600
2025-05-31,Jacket F,Fashion,533000,1,C1892,Solo,10,Bank Transfer,479700
2025-05-31,Monitor D,Electronics,2587000,1,C0033,Semarang,0,Bank Transfer,2587000
2025-05-31,Headphone C,Electronics,718000,3,C0609,Yogyakarta,15,Bank Transfer,1830900
2025-05-31,Headphone C,Electronics,728000,1,C0969,Bandung,5,Bank Transfer,691600
2025-05-31,Monitor D,Electronics,2347000,2,C1976,Malang,5,Bank Transfer,4459300
2025-05-31,Jacket F,Fashion,543000,1,C1007,Surabaya,0,Credit Card,543000
2025-05-31,Coffee I,Food,74000,5,C0884,Surabaya,15,E-Wallet,314500
2025-05-31,Tea K,Food,52000,1,C1000,Solo,0,Bank Transfer,52000
2025-05-31,Jacket F,Fashion,547000,2,C0882,Yogyakarta,0,Bank Transfer,1094000
2025-05-31,Bag H,Fashion,471000,2,C1464,Semarang,15,Credit Card,800700
2025-05-31,Shoes E,Fashion,630000,3,C1045,Jakarta,0,COD,1890000
2025-05-31,Chocolate L,Food,64000,3,C2428,Jakarta,0,COD,192000
2025-05-31,Monitor D,Electronics,2343000,1,C2472,Malang,10,E-Wallet,2108700
2025-05-31,Jacket F,Fashion,523000,2,C0808,Malang,15,Credit Card,889100
2025-05-31,T-Shirt G,Fashion,258000,5,C2422,Jakarta,15,E-Wallet,1096500
2025-05-31,Chair N,Home,932000,1,C0690,Solo,0,Credit Card,932000
2025-05-31,Lamp M,Home,305000,1,C2429,Bandung,5,E-Wallet,289750
2025-05-31,Monitor D,Electronics,2423000,1,C0307,Yogyakarta,10,Credit Card,2180700
2025-05-31,Tea K,Food,47000,1,C2469,Yogyakarta,0,COD,47000
2025-05-31,Headphone C,Electronics,760000,1,C1594,Surabaya,0,Bank Transfer,760000
2025-06-01,Shoes E,Fashion,683000,1,C2493,Semarang,0,Credit Card,683000
2025-06-01,Smartphone B,Electronics,4933000,1,C0597,Yogyakarta,10,E-Wallet,4439700
2025-06-01,Chair N,Home,890000,1,C1246,Yogyakarta,0,COD,890000
2025-06-01,Coffee I,Food,74000,1,C1373,Solo,0,Credit Card,74000
2025-06-01,Headphone C,Electronics,781000,1,C0774,Bandung,0,Credit Card,781000
2025-06-01,Shoes E,Fashion,655000,1,C1182,Surabaya,0,Bank Transfer,655000
2025-06-01,Monitor D,Electronics,2515000,1,C2307,Yogyakarta,5,Credit Card,2389250
2025-06-01,Lamp M,Home,314000,4,C0641,Bandung,5,E-Wallet,1193200
2025-06-01,Chocolate L,Food,61000,4,C2105,Yogyakarta,0,COD,244000
2025-06-01,Table O,Home,1493000,1,C0526,Bandung,15,Credit Card,1269050
2025-06-01,Lamp M,Home,299000,1,C1617,Solo,15,E-Wallet,254150
2025-06-02,T-Shirt G,Fashion,246000,2,C2442,Semarang,20,Bank Transfer,393600
2025-06-02,Tea K,Food,48000,2,C2138,Bandung,10,E-Wallet,86400
2025-06-02,Jacket F,Fashion,548000,3,C0959,Jakarta,10,Credit Card,1479600
2025-06-02,Jacket F,Fashion,510000,2,C2242,Jakarta,0,Credit Card,1020000
2025-06-02,Chocolate L,Food,59000,1,C1773,Surabaya,5,Bank Transfer,56050
2025-06-02,Bag H,Fashion,474000,1,C0621,Semarang,10,E-Wallet,426600
2025-06-02,Snack J,Food,34000,4,C2456,Malang,0,Bank Transfer,136000
2025-06-02,Headphone C,Electronics,748000,2,C0733,Surabaya,15,Credit Card,1271600
2025-06-02,Monitor D,Electronics,2503000,2,C2016,Solo,10,Credit Card,4505400
2025-06-02,Coffee I,Food,74000,1,C1137,Solo,20,COD,59200
2025-06-02,Bag H,Fashion,452000,1,C2241,Semarang,5,Bank Transfer,429400
2025-06-02,Headphone C,Electronics,772000,3,C2312,Bandung,0,E-Wallet,2316000
2025-06-02,T-Shirt G,Fashion,237000,3,C0007,Yogyakarta,0,Bank Transfer,711000
2025-06-02,Jacket F,Fashion,543000,1,C0410,Surabaya,0,Bank Transfer,543000
2025-06-02,Shoes E,Fashion,642000,3,C1240,Solo,15,Bank Transfer,1637100
2025-06-03,Tea K,Food,51000,1,C0671,Bandung,10,COD,45900
2025-06-03,Lamp M,Home,291000,1,C1763,Jakarta,10,Credit Card,261900
2025-06-03,Bag H,Fashion,468000,1,C1923,Semarang,15,Credit Card,397800
2025-06-03,Pillow P,Home,181000,5,C1955,Malang,0,E-Wallet,905000
2025-06-03,Monitor D,Electronics,2527000,1,C1187,Jakarta,20,Bank Transfer,2021600
2025-06-03,Bag H,Fashion,472000,4,C0973,Malang,10,Credit Card,1699200
2025-06-03,Chair N,Home,889000,4,C1166,Solo,5,COD,3378200
2025-06-03,Laptop A,Electronics,8263000,2,C1519,Surabaya,10,E-Wallet,14873400
2025-06-03,Bag H,Fashion,425000,1,C0816,Jakarta,10,Credit Card,382500
2025-06-03,Coffee I,Food,81000,5,C2004,Surabaya,5,Bank Transfer,384750
2025-06-03,Tea K,Food,47000,2,C0519,Surabaya,0,E-Wallet,94000
2025-06-03,Headphone C,Electronics,713000,4,C2251,Yogyakarta,10,Bank Transfer,2566800
2025-06-04,Snack J,Food,34000,4,C1836,Bandung,0,E-Wallet,136000
2025-06-04,Pillow P,Home,173000,1,C2232,Semarang,5,E-Wallet,164350
2025-06-04,Bag H,Fashion,455000,1,C1460,Malang,10,COD,409500
2025-06-04,Smartphone B,Electronics,4884000,1,C2193,Semarang,0,E-Wallet,4884000
2025-06-04,Pillow P,Home,181000,2,C1411,Jakarta,10,E-Wallet,325800
2025-06-04,Monitor D,Electronics,2428000,4,C1197,Yogyakarta,0,Credit Card,9712000
2025-06-04,T-Shirt G,Fashion,265000,4,C0931,Jakarta,15,Bank Transfer,901000
2025-06-04,Shoes E,Fashion,646000,1,C1019,Surabaya,15,Bank Transfer,549100
2025-06-04,Pillow P,Home,187000,1,C0772,Malang,5,Bank Transfer,177650
2025-06-04,Chair N,Home,879000,1,C1956,Yogyakarta,10,E-Wallet,791100
2025-06-04,Shoes E,Fashion,681000,2,C0291,Semarang,10,Bank Transfer,1225800
2025-06-04,Jacket F,Fashion,557000,1,C2349,Surabaya,10,Bank Transfer,501300
2025-06-04,Monitor D,Electronics,2501000,4,C1662,Semarang,0,E-Wallet,10004000
2025-06-05,Chair N,Home,907000,2,C0152,Malang,10,Bank Transfer,1632600
2025-06-05,Lamp M,Home,309000,2,C1309,Malang,5,COD,587100
2025-06-05,Headphone C,Electronics,769000,2,C1273,Semarang,5,E-Wallet,1461100
2025-06-05,Chocolate L,Food,53000,4,C0943,Jakarta,5,COD,201400
2025-06-05,Monitor D,Electronics,2638000,1,C0071,Bandung,10,E-Wallet,2374200
2025-06-05,Snack J,Food,34000,5,C0550,Malang,10,Credit Card,153000
2025-06-05,Chair N,Home,896000,2,C0549,Semarang,0,Credit Card,1792000
2025-06-05,Coffee I,Food,76000,3,C0758,Solo,10,E-Wallet,205200
2025-06-05,Monitor D,Electronics,2463000,3,C1267,Surabaya,0,E-Wallet,7389000
2025-06-05,T-Shirt G,Fashion,251000,2,C1255,Jakarta,5,Bank Transfer,476900
2025-06-05,Bag H,Fashion,423000,3,C2002,Semarang,0,E-Wallet,1269000
2025-06-05,Headphone C,Electronics,775000,2,C2320,Malang,20,E-Wallet,1240000
2025-06-05,Jacket F,Fashion,523000,1,C2281,Semarang,20,Bank Transfer,418400
2025-06-05,Laptop A,Electronics,8393000,2,C2000,Jakarta,15,Bank Transfer,14268100
2025-06-05,Table O,Home,1499000,3,C1931,Yogyakarta,20,Credit Card,3597600
2025-06-05,Jacket F,Fashion,563000,1,C2011,Semarang,0,Credit Card,563000
2025-06-05,Chocolate L,Food,62000,1,C1691,Jakarta,10,Bank Transfer,55800
2025-06-05,Pillow P,Home,190000,1,C1367,Solo,0,E-Wallet,190000
2025-06-05,Chocolate L,Food,63000,3,C0205,Solo,5,COD,179550
2025-06-05,Table O,Home,1533000,1,C1434,Bandung,10,Credit Card,1379700
2025-06-05,Shoes E,Fashion,626000,1,C1956,Bandung,0,Credit Card,626000
2025-06-05,Shoes E,Fashion,606000,3,C2114,Jakarta,0,Credit Card,1818000
2025-06-05,Tea K,Food,54000,2,C1581,Bandung,5,E-Wallet,102600
2025-06-05,Smartphone B,Electronics,5093000,3,C2297,Jakarta,10,Bank Transfer,13751100
2025-06-05,Snack J,Food,31000,1,C1593,Semarang,0,E-Wallet,31000
2025-06-05,Shoes E,Fashion,631000,1,C1182,Bandung,15,Credit Card,536350
2025-06-06,Jacket F,Fashion,564000,3,C0091,Semarang,0,Bank Transfer,1692000
2025-06-06,Shoes E,Fashion,601000,1,C1848,Solo,10,Bank Transfer,540900
2025-06-06,Pillow P,Home,183000,1,C1179,Malang,15,E-Wallet,155550
2025-06-06,Coffee I,Food,68000,1,C2369,Jakarta,5,Bank Transfer,64600
2025-06-06,Table O,Home,1455000,1,C0545,Malang,0,Credit Card,1455000
2025-06-06,Jacket F,Fashion,526000,5,C1850,Malang,0,E-Wallet,2630000
2025-06-06,Shoes E,Fashion,633000,3,C0491,Jakarta,10,E-Wallet,1709100
2025-06-06,T-Shirt G,Fashion,250000,2,C0341,Jakarta,10,Credit Card,450000
2025-06-06,Headphone C,Electronics,747000,1,C0886,Malang,15,E-Wallet,634950
2025-06-06,Tea K,Food,50000,2,C0546,Jakarta,10,E-Wallet,90000
2025-06-06,Shoes E,Fashion,636000,2,C1077,Semarang,0,Credit Card,1272000
2025-06-06,T-Shirt G,Fashion,254000,1,C2191,Bandung,0,E-Wallet,254000
2025-06-06,Laptop A,Electronics,7761000,2,C1424,Jakarta,15,Credit Card,13193700
2025-06-06,Shoes E,Fashion,663000,3,C2376,Jakarta,0,E-Wallet,1989000
2025-06-06,Coffee I,Food,73000,5,C1401,Surabaya,20,Credit Card,292000
2025-06-06,Lamp M,Home,279000,1,C2210,Semarang,0,E-Wallet,279000
2025-06-06,Laptop A,Electronics,8881000,1,C1157,Jakarta,15,Credit Card,7548850
2025-06-06,T-Shirt G,Fashion,243000,1,C1447,Bandung,10,E-Wallet,218700
2025-06-06,Headphone C,Electronics,752000,3,C1987,Jakarta,0,Bank Transfer,2256000
2025-06-06,Headphone C,Electronics,722000,2,C1329,Semarang,20,E-Wallet,1155200
2025-06-07,Snack J,Food,33000,1,C2440,Surabaya,10,E-Wallet,29700
2025-06-07,Chocolate L,Food,57000,5,C1999,Jakarta,5,E-Wallet,270750
2025-06-07,T-Shirt G,Fashion,256000,3,C1006,Yogyakarta,10,COD,691200
2025-06-07,Smartphone B,Electronics,5262000,2,C2014,Jakarta,15,E-Wallet,8945400
2025-06-07,Chocolate L,Food,58000,1,C1140,Jakarta,0,Bank Transfer,58000
2025-06-07,Smartphone B,Electronics,5020000,2,C0675,Jakarta,15,E-Wallet,8534000
2025-06-07,Monitor D,Electronics,2487000,1,C2075,Jakarta,0,COD,2487000
2025-06-07,Chocolate L,Food,62000,1,C1824,Bandung,5,Bank Transfer,58900
2025-06-07,Jacket F,Fashion,525000,1,C0966,Jakarta,5,E-Wallet,498750
2025-06-07,Shoes E,Fashion,681000,3,C0710,Yogyakarta,0,Bank Transfer,2043000
2025-06-07,Jacket F,Fashion,518000,1,C1132,Jakarta,0,E-Wallet,518000
2025-06-07,Snack J,Food,36000,2,C2260,Jakarta,0,Bank Transfer,72000
2025-06-07,Chocolate L,Food,62000,1,C0333,Bandung,0,Bank Transfer,62000
2025-06-07,Table O,Home,1570000,1,C0418,Semarang,0,E-Wallet,1570000
2025-06-07,Lamp M,Home,308000,2,C1604,Malang,0,Bank Transfer,616000
2025-06-07,Snack J,Food,35000,1,C0948,Jakarta,0,E-Wallet,35000
2025-06-07,Monitor D,Electronics,2301000,1,C1794,Jakarta,0,Credit Card,2301000
2025-06-07,Snack J,Food,34000,3,C0228,Solo,5,Bank Transfer,96900
2025-06-07,Pillow P,Home,184000,1,C0946,Jakarta,20,COD,147200
2025-06-08,Bag H,Fashion,481000,2,C1960,Malang,10,COD,865800
2025-06-08,Snack J,Food,34000,1,C1134,Bandung,0,Bank Transfer,34000
2025-06-08,Bag H,Fashion,442000,2,C2148,Yogyakarta,0,E-Wallet,884000
2025-06-08,Smartphone B,Electronics,4816000,2,C2003,Yogyakarta,10,Credit Card,8668800
2025-06-08,Smartphone B,Electronics,4789000,2,C0823,Surabaya,15,Bank Transfer,8141300
2025-06-08,Pillow P,Home,175000,1,C0220,Bandung,0,Bank Transfer,175000
2025-06-08,T-Shirt G,Fashion,241000,2,C0144,Bandung,10,Credit Card,433800
2025-06-08,Snack J,Food,36000,4,C1011,Surabaya,10,COD,129600
2025-06-08,Headphone C,Electronics,765000,1,C0060,Bandung,0,E-Wallet,765000
2025-06-08,Shoes E,Fashion,725000,2,C2179,Semarang,0,E-Wallet,1450000
2025-06-08,Tea K,Food,51000,1,C2010,Semarang,5,COD,48450
2025-06-08,Snack J,Food,35000,2,C1939,Semarang,0,E-Wallet,70000
2025-06-08,Laptop A,Electronics,7831000,1,C0873,Malang,10,COD,7047900
2025-06-08,Tea K,Food,47000,1,C0906,Jakarta,15,Credit Card,39950
2025-06-08,Lamp M,Home,281000,3,C1171,Semarang,5,Bank Transfer,800850
2025-06-08,Coffee I,Food,80000,3,C2438,Jakarta,0,Bank Transfer,240000
2025-06-08,Jacket F,Fashion,569000,2,C1339,Surabaya,10,Bank Transfer,1024200
2025-06-08,Smartphone B,Electronics,5191000,2,C1371,Semarang,10,COD,9343800
2025-06-09,Coffee I,Food,73000,4,C2169,Solo,0,E-Wallet,292000
2025-06-09,Jacket F,Fashion,543000,1,C1740,Surabaya,0,E-Wallet,543000
2025-06-09,T-Shirt G,Fashion,249000,2,C0168,Solo,15,E-Wallet,423300
2025-06-09,Monitor D,Electronics,2537000,1,C1704,Solo,15,Bank Transfer,2156450
2025-06-09,Coffee I,Food,74000,1,C0297,Semarang,15,Credit Card,62900
2025-06-09,Tea K,Food,50000,1,C1909,Semarang,0,COD,50000
2025-06-09,Smartphone B,Electronics,5236000,1,C2136,Surabaya,10,Credit Card,4712400
2025-06-09,Pillow P,Home,192000,1,C1165,Semarang,10,Bank Transfer,172800
2025-06-09,T-Shirt G,Fashion,234000,2,C0754,Yogyakarta,15,Credit Card,397800
2025-06-09,Laptop A,Electronics,8303000,1,C1014,Yogyakarta,0,Bank Transfer,8303000
2025-06-10,Smartphone B,Electronics,5186000,1,C0396,Semarang,15,E-Wallet,4408100
2025-06-10,Laptop A,Electronics,7984000,1,C0577,Yogyakarta,0,E-Wallet,7984000
2025-06-10,Table O,Home,1495000,1,C1388,Malang,0,E-Wallet,1495000
2025-06-10,Laptop A,Electronics,8692000,2,C0135,Surabaya,0,E-Wallet,17384000
2025-06-10,Monitor D,Electronics,2490000,1,C2079,Bandung,5,E-Wallet,2365500
2025-06-10,Coffee I,Food,75000,2,C2284,Malang,5,Credit Card,142500
2025-06-10,Snack J,Food,33000,2,C0246,Jakarta,0,Bank Transfer,66000
2025-06-10,Coffee I,Food,74000,1,C1823,Semarang,10,Credit Card,66600
2025-06-10,Snack J,Food,36000,1,C0900,Malang,5,Credit Card,34200
2025-06-10,Smartphone B,Electronics,4962000,1,C1123,Surabaya,15,Bank Transfer,4217700
2025-06-10,Chair N,Home,939000,3,C1786,Semarang,15,E-Wallet,2394450
2025-06-10,Tea K,Food,46000,1,C2002,Yogyakarta,0,Bank Transfer,46000
2025-06-10,T-Shirt G,Fashion,238000,2,C1051,Yogyakarta,0,E-Wallet,476000
2025-06-10,Smartphone B,Electronics,4860000,2,C1188,Jakarta,0,E-Wallet,9720000
2025-06-10,Lamp M,Home,302000,2,C2192,Jakarta,0,Bank Transfer,604000
2025-06-10,Table O,Home,1514000,1,C2261,Jakarta,0,Credit Card,1514000
2025-06-10,Table O,Home,1513000,2,C0375,Yogyakarta,10,Credit Card,2723400
2025-06-10,T-Shirt G,Fashion,238000,2,C2364,Surabaya,0,Bank Transfer,476000
2025-06-11,Laptop A,Electronics,8702000,1,C2170,Solo,5,Credit Card,8266900
2025-06-11,Snack J,Food,36000,1,C1866,Bandung,0,COD,36000
2025-06-11,Snack J,Food,35000,1,C0407,Jakarta,0,E-Wallet,35000
2025-06-11,Snack J,Food,35000,1,C2438,Semarang,15,E-Wallet,29750
2025-06-11,Snack J,Food,35000,2,C1463,Jakarta,5,Bank Transfer,66500
2025-06-11,Pillow P,Home,175000,3,C1814,Jakarta,20,Credit Card,420000
2025-06-11,Jacket F,Fashion,545000,1,C1454,Jakarta,5,E-Wallet,517750
2025-06-11,Smartphone B,Electronics,5045000,2,C0460,Solo,0,COD,10090000
2025-06-12,Shoes E,Fashion,701000,3,C0477,Semarang,5,Credit Card,1997850
2025-06-12,Snack J,Food,36000,1,C2030,Surabaya,0,E-Wallet,36000
2025-06-12,Table O,Home,1332000,4,C1603,Surabaya,10,E-Wallet,4795200
2025-06-12,Lamp M,Home,299000,2,C1322,Yogyakarta,15,E-Wallet,508300
2025-06-12,Table O,Home,1491000,3,C2239,Jakarta,10,Credit Card,4025700
2025-06-12,Jacket F,Fashion,541000,3,C1885,Surabaya,0,Bank Transfer,1623000
2025-06-12,Headphone C,Electronics,778000,1,C1162,Jakarta,5,Bank Transfer,739100
2025-06-12,Bag H,Fashion,447000,3,C0872,Jakarta,0,E-Wallet,1341000
2025-06-12,Chair N,Home,910000,1,C1254,Jakarta,10,COD,819000
2025-06-12,Headphone C,Electronics,759000,1,C0736,Semarang,0,Credit Card,759000
2025-06-12,Chair N,Home,906000,4,C2468,Malang,0,Bank Transfer,3624000
2025-06-12,Pillow P,Home,189000,2,C0340,Solo,5,Bank Transfer,359100
2025-06-12,Smartphone B,Electronics,5159000,4,C2447,Semarang,15,E-Wallet,17540600
2025-06-12,Chocolate L,Food,63000,1,C0127,Bandung,0,Bank Transfer,63000
2025-06-12,Bag H,Fashion,456000,1,C2332,Semarang,20,COD,364800
2025-06-12,Bag H,Fashion,429000,1,C0701,Semarang,5,E-Wallet,407550
2025-06-12,Tea K,Food,52000,2,C1084,Jakarta,0,Bank Transfer,104000
2025-06-12,Table O,Home,1523000,3,C0547,Jakarta,5,E-Wallet,4340550
2025-06-12,Shoes E,Fashion,640000,4,C1348,Yogyakarta,5,COD,2432000
2025-06-12,Table O,Home,1614000,1,C0794,Jakarta,5,Credit Card,1533300
2025-06-12,Snack J,Food,38000,1,C0141,Solo,0,COD,38000
2025-06-12,Smartphone B,Electronics,5109000,1,C1474,Semarang,5,E-Wallet,4853550
2025-06-13,Shoes E,Fashion,613000,2,C0348,Malang,15,Credit Card,1042100
2025-06-13,T-Shirt G,Fashion,257000,1,C0104,Semarang,0,E-Wallet,257000
2025-06-13,Smartphone B,Electronics,4605000,3,C1541,Jakarta,0,COD,13815000
2025-06-13,Pillow P,Home,189000,1,C0819,Jakarta,5,Credit Card,179550
2025-06-13,Headphone C,Electronics,756000,1,C2303,Semarang,10,Credit Card,680400
2025-06-13,Chocolate L,Food,59000,1,C1686,Jakarta,0,Bank Transfer,59000
2025-06-13,Shoes E,Fashion,678000,3,C0221,Surabaya,10,COD,1830600
2025-06-13,Tea K,Food,48000,2,C1331,Solo,15,Credit Card,81600
2025-06-13,Chair N,Home,888000,1,C1465,Bandung,10,Bank Transfer,799200
2025-06-13,Monitor D,Electronics,2605000,1,C0877,Malang,0,COD,2605000
2025-06-13,Snack J,Food,32000,3,C2458,Jakarta,5,E-Wallet,91200
2025-06-13,Laptop A,Electronics,8282000,3,C0304,Jakarta,0,E-Wallet,24846000
2025-06-13,Laptop A,Electronics,8122000,1,C2479,Jakarta,15,Credit Card,6903700
2025-06-13,Chocolate L,Food,61000,3,C0978,Jakarta,0,Credit Card,183000
2025-06-13,Lamp M,Home,288000,1,C0635,Jakarta,0,COD,288000
2025-06-13,Monitor D,Electronics,2497000,1,C0601,Solo,15,E-Wallet,2122450
2025-06-14,Headphone C,Electronics,769000,1,C0095,Semarang,0,COD,769000
2025-06-14,Bag H,Fashion,430000,1,C1289,Malang,15,Credit Card,365500
2025-06-14,Chocolate L,Food,62000,1,C0691,Malang,10,E-Wallet,55800
2025-06-14,Bag H,Fashion,466000,3,C2242,Surabaya,5,E-Wallet,1328100
2025-06-14,Shoes E,Fashion,651000,1,C1269,Surabaya,0,Bank Transfer,651000
2025-06-14,T-Shirt G,Fashion,248000,3,C0960,Jakarta,20,Credit Card,595200
2025-06-14,Table O,Home,1535000,1,C1744,Surabaya,15,E-Wallet,1304750
2025-06-14,Tea K,Food,52000,2,C2106,Bandung,5,COD,98800
2025-06-14,Bag H,Fashion,453000,1,C1081,Jakarta,15,E-Wallet,385050
2025-06-14,T-Shirt G,Fashion,235000,2,C0294,Yogyakarta,10,Bank Transfer,423000
2025-06-14,Shoes E,Fashion,652000,2,C0794,Bandung,20,E-Wallet,1043200
2025-06-14,Shoes E,Fashion,679000,1,C0185,Yogyakarta,10,Bank Transfer,611100
2025-06-14,Chair N,Home,842000,3,C1085,Jakarta,10,E-Wallet,2273400
2025-06-14,Smartphone B,Electronics,5099000,1,C2030,Malang,15,Credit Card,4334150
2025-06-14,Pillow P,Home,181000,5,C2478,Malang,20,E-Wallet,724000
2025-06-15,Jacket F,Fashion,544000,1,C0751,Jakarta,0,E-Wallet,544000
2025-06-15,Chair N,Home,918000,2,C1367,Surabaya,5,E-Wallet,1744200
2025-06-15,Snack J,Food,34000,2,C1510,Malang,0,E-Wallet,68000
2025-06-15,Chocolate L,Food,60000,1,C1465,Jakarta,15,E-Wallet,51000
2025-06-15,Laptop A,Electronics,8892000,2,C1774,Yogyakarta,0,Credit Card,17784000
2025-06-15,Shoes E,Fashion,671000,5,C0769,Semarang,0,E-Wallet,3355000
2025-06-15,Tea K,Food,48000,3,C0779,Surabaya,10,Bank Transfer,129600
2025-06-15,Monitor D,Electronics,2499000,1,C1638,Bandung,0,Bank Transfer,2499000
2025-06-15,Lamp M,Home,291000,2,C1637,Semarang,10,E-Wallet,523800
2025-06-15,Monitor D,Electronics,2393000,2,C1769,Jakarta,15,E-Wallet,4068100
2025-06-15,Monitor D,Electronics,2630000,1,C0333,Jakarta,0,Bank Transfer,2630000
2025-06-15,Jacket F,Fashion,554000,1,C0657,Bandung,15,Credit Card,470900
2025-06-15,Headphone C,Electronics,784000,1,C1053,Malang,5,Bank Transfer,744800
2025-06-15,Jacket F,Fashion,566000,1,C0568,Bandung,10,E-Wallet,509400
2025-06-15,Jacket F,Fashion,560000,2,C0566,Bandung,0,E-Wallet,1120000
2025-06-15,Pillow P,Home,185000,1,C1895,Jakarta,0,COD,185000
2025-06-15,Jacket F,Fashion,545000,3,C0523,Yogyakarta,0,E-Wallet,1635000
2025-06-16,Monitor D,Electronics,2531000,1,C2367,Semarang,5,E-Wallet,2404450
2025-06-16,Bag H,Fashion,449000,1,C2151,Bandung,0,Bank Transfer,449000
2025-06-16,Table O,Home,1427000,4,C0514,Yogyakarta,5,Credit Card,5422600
2025-06-16,Snack J,Food,37000,5,C0416,Jakarta,5,E-Wallet,175750
2025-06-16,Shoes E,Fashion,678000,5,C2006,Surabaya,10,Credit Card,3051000
2025-06-16,Lamp M,Home,290000,1,C0863,Malang,5,E-Wallet,275500
2025-06-16,Laptop A,Electronics,7977000,1,C1295,Bandung,5,E-Wallet,7578150
2025-06-16,Chair N,Home,901000,2,C1815,Surabaya,0,E-Wallet,1802000
2025-06-16,Headphone C,Electronics,754000,1,C0450,Malang,5,E-Wallet,716300
2025-06-16,Jacket F,Fashion,611000,2,C0889,Jakarta,0,Bank Transfer,1222000
2025-06-16,Smartphone B,Electronics,4922000,2,C1367,Semarang,15,Credit Card,8367400
2025-06-16,Shoes E,Fashion,608000,1,C0445,Semarang,15,Credit Card,516800
2025-06-16,Headphone C,Electronics,745000,4,C1491,Surabaya,5,Credit Card,2831000
2025-06-16,Coffee I,Food,72000,1,C0989,Semarang,5,Bank Transfer,68400
2025-06-16,Laptop A,Electronics,7987000,3,C2049,Jakarta,5,E-Wallet,22762950
2025-06-16,Pillow P,Home,170000,3,C2330,Bandung,0,COD,510000
2025-06-16,Tea K,Food,50000,2,C0274,Yogyakarta,5,Credit Card,95000
2025-06-16,Coffee I,Food,75000,1,C1392,Surabaya,10,Credit Card,67500
2025-06-16,Pillow P,Home,173000,1,C1312,Semarang,0,E-Wallet,173000
2025-06-17,Shoes E,Fashion,652000,1,C1570,Semarang,10,Credit Card,586800
2025-06-17,Snack J,Food,36000,2,C2222,Malang,10,E-Wallet,64800
2025-06-17,Jacket F,Fashion,519000,2,C0307,Surabaya,15,Bank Transfer,882300
2025-06-17,Tea K,Food,49000,1,C1473,Semarang,0,E-Wallet,49000
2025-06-17,Table O,Home,1535000,1,C0190,Jakarta,5,Credit Card,1458250
2025-06-17,Table O,Home,1511000,1,C0359,Jakarta,15,Credit Card,1284350
2025-06-17,Shoes E,Fashion,649000,1,C2316,Yogyakarta,10,COD,584100
2025-06-17,Smartphone B,Electronics,4848000,1,C0642,Semarang,10,COD,4363200
2025-06-17,Monitor D,Electronics,2274000,2,C0254,Surabaya,10,E-Wallet,4093200
2025-06-17,Chocolate L,Food,62000,2,C1628,Surabaya,0,Bank Transfer,124000
2025-06-17,Table O,Home,1419000,2,C0532,Semarang,5,Credit Card,2696100
2025-06-17,Chocolate L,Food,57000,3,C1880,Surabaya,10,Bank Transfer,153900
2025-06-17,Shoes E,Fashion,612000,2,C2012,Surabaya,10,COD,1101600
2025-06-17,Bag H,Fashion,426000,2,C1450,Yogyakarta,5,E-Wallet,809400
2025-06-17,Monitor D,Electronics,2341000,2,C2139,Bandung,15,COD,3979700
2025-06-17,T-Shirt G,Fashion,244000,4,C0395,Bandung,5,Bank Transfer,927200
2025-06-17,Shoes E,Fashion,658000,2,C1507,Jakarta,0,E-Wallet,1316000
2025-06-18,Lamp M,Home,295000,1,C2404,Semarang,10,Bank Transfer,265500
2025-06-18,Shoes E,Fashion,653000,4,C0011,Solo,15,COD,2220200
2025-06-18,Table O,Home,1415000,1,C2492,Semarang,5,E-Wallet,1344250
2025-06-18,Chocolate L,Food,59000,1,C1975,Jakarta,0,E-Wallet,59000
2025-06-18,Chocolate L,Food,63000,3,C0592,Bandung,20,Credit Card,151200
2025-06-18,Headphone C,Electronics,715000,1,C2413,Jakarta,15,E-Wallet,607750
2025-06-18,Table O,Home,1489000,5,C2362,Jakarta,10,E-Wallet,6700500
2025-06-18,Lamp M,Home,284000,1,C1879,Surabaya,0,E-Wallet,284000
2025-06-18,Chocolate L,Food,60000,1,C0359,Malang,0,COD,60000
2025-06-18,T-Shirt G,Fashion,237000,2,C1561,Bandung,10,COD,426600
2025-06-18,Jacket F,Fashion,542000,2,C1581,Semarang,0,E-Wallet,1084000
2025-06-18,Tea K,Food,50000,1,C1673,Surabaya,0,E-Wallet,50000
2025-06-18,Chair N,Home,925000,5,C1378,Malang,0,E-Wallet,4625000
2025-06-18,Pillow P,Home,196000,1,C0921,Surabaya,5,COD,186200
2025-06-18,Pillow P,Home,176000,1,C0351,Semarang,0,E-Wallet,176000
2025-06-19,Coffee I,Food,74000,1,C2429,Jakarta,0,Bank Transfer,74000
2025-06-19,Coffee I,Food,70000,2,C0708,Malang,10,E-Wallet,126000
2025-06-19,Monitor D,Electronics,2421000,4,C0418,Surabaya,10,Credit Card,8715600
2025-06-19,T-Shirt G,Fashion,254000,3,C0418,Semarang,0,Bank Transfer,762000
2025-06-19,T-Shirt G,Fashion,257000,1,C2151,Surabaya,5,COD,244150
2025-06-19,Monitor D,Electronics,2450000,1,C1656,Semarang,15,Bank Transfer,2082500
2025-06-19,Laptop A,Electronics,8622000,1,C0874,Bandung,5,E-Wallet,8190900
2025-06-19,Pillow P,Home,177000,2,C2407,Semarang,5,E-Wallet,336300
2025-06-19,Table O,Home,1505000,2,C0451,Yogyakarta,0,E-Wallet,3010000
2025-06-19,Pillow P,Home,174000,3,C0378,Surabaya,0,Bank Transfer,522000
2025-06-19,Coffee I,Food,73000,5,C0775,Bandung,20,E-Wallet,292000
2025-06-19,Lamp M,Home,278000,1,C2494,Jakarta,10,Bank Transfer,250200
2025-06-19,Bag H,Fashion,441000,2,C2014,Semarang,0,Credit Card,882000
2025-06-20,Tea K,Food,52000,4,C0452,Solo,10,Bank Transfer,187200
2025-06-20,Shoes E,Fashion,724000,2,C1624,Semarang,10,Bank Transfer,1303200
2025-06-20,Shoes E,Fashion,635000,2,C1336,Semarang,15,COD,1079500
2025-06-20,T-Shirt G,Fashion,261000,1,C1891,Surabaya,5,Bank Transfer,247950
2025-06-20,Headphone C,Electronics,791000,1,C2479,Yogyakarta,0,Credit Card,791000
2025-06-20,Lamp M,Home,305000,1,C1069,Surabaya,0,Bank Transfer,305000
2025-06-20,Chocolate L,Food,59000,3,C1614,Malang,5,E-Wallet,168150
2025-06-20,Table O,Home,1421000,2,C0707,Malang,5,COD,2699900
2025-06-20,Laptop A,Electronics,9159000,1,C1833,Surabaya,20,COD,7327200
2025-06-20,Table O,Home,1559000,4,C1783,Surabaya,10,Credit Card,5612400
2025-06-20,Tea K,Food,53000,1,C1298,Bandung,15,E-Wallet,45050
2025-06-20,Chocolate L,Food,60000,1,C1538,Semarang,0,COD,60000
2025-06-20,Tea K,Food,48000,3,C1204,Malang,0,Bank Transfer,144000
2025-06-20,Shoes E,Fashion,689000,2,C0644,Yogyakarta,10,E-Wallet,1240200
2025-06-20,Smartphone B,Electronics,5052000,4,C2277,Surabaya,10,E-Wallet,18187200
2025-06-21,Shoes E,Fashion,660000,4,C1792,Surabaya,0,Credit Card,2640000
2025-06-21,T-Shirt G,Fashion,269000,3,C1718,Semarang,20,COD,645600
2025-06-21,Monitor D,Electronics,2345000,4,C1549,Semarang,10,Credit Card,8442000
2025-06-21,Laptop A,Electronics,8410000,4,C2391,Malang,10,Bank Transfer,30276000
2025-06-21,Tea K,Food,47000,3,C1477,Jakarta,10,E-Wallet,126900
2025-06-21,Monitor D,Electronics,2592000,1,C1042,Yogyakarta,0,Credit Card,2592000
2025-06-21,Table O,Home,1513000,1,C1728,Surabaya,10,Credit Card,1361700
2025-06-21,Snack J,Food,34000,2,C0142,Yogyakarta,15,Bank Transfer,57800
2025-06-21,Lamp M,Home,305000,3,C2469,Semarang,0,COD,915000
2025-06-21,Tea K,Food,48000,1,C2480,Bandung,15,Bank Transfer,40800
2025-06-21,Headphone C,Electronics,758000,1,C1419,Jakarta,0,COD,758000
2025-06-21,T-Shirt G,Fashion,242000,2,C2186,Jakarta,5,Credit Card,459800
2025-06-21,Coffee I,Food,81000,1,C1087,Surabaya,5,Bank Transfer,76950
2025-06-21,Shoes E,Fashion,642000,1,C0641,Jakarta,0,E-Wallet,642000
2025-06-22,Jacket F,Fashion,573000,1,C0302,Malang,0,E-Wallet,573000
2025-06-22,Laptop A,Electronics,8269000,3,C2142,Bandung,10,Credit Card,22326300
2025-06-22,Laptop A,Electronics,8404000,5,C2043,Semarang,15,Credit Card,35717000
2025-06-22,Snack J,Food,35000,4,C2111,Jakarta,10,COD,126000
2025-06-22,Smartphone B,Electronics,5108000,1,C1694,Solo,5,E-Wallet,4852600
2025-06-22,Pillow P,Home,182000,2,C2355,Malang,0,E-Wallet,364000
2025-06-22,Smartphone B,Electronics,4939000,1,C2081,Surabaya,5,Credit Card,4692050
2025-06-22,Tea K,Food,47000,2,C0391,Jakarta,10,Bank Transfer,84600
2025-06-22,Monitor D,Electronics,2519000,3,C1887,Malang,0,E-Wallet,7557000
2025-06-22,Bag H,Fashion,456000,1,C0803,Surabaya,20,Bank Transfer,364800
2025-06-22,Monitor D,Electronics,2698000,1,C1630,Jakarta,0,Bank Transfer,2698000
2025-06-22,Coffee I,Food,80000,2,C0872,Jakarta,5,Credit Card,152000
2025-06-22,Pillow P,Home,178000,4,C0207,Jakarta,20,E-Wallet,569600
2025-06-22,Table O,Home,1467000,2,C0912,Surabaya,10,Credit Card,2640600
2025-06-22,Headphone C,Electronics,752000,2,C1229,Jakarta,0,Credit Card,1504000
2025-06-22,Monitor D,Electronics,2421000,1,C0899,Semarang,5,Bank Transfer,2299950
2025-06-22,Chocolate L,Food,61000,1,C1772,Bandung,10,E-Wallet,54900
2025-06-22,Lamp M,Home,280000,2,C0447,Surabaya,0,E-Wallet,560000
2025-06-23,Snack J,Food,37000,2,C2366,Bandung,10,E-Wallet,66600
2025-06-23,Chocolate L,Food,58000,2,C1498,Yogyakarta,10,Credit Card,104400
2025-06-23,Snack J,Food,33000,2,C2221,Yogyakarta,0,Credit Card,66000
2025-06-23,Lamp M,Home,275000,1,C0001,Semarang,0,E-Wallet,275000
2025-06-23,Snack J,Food,32000,4,C0617,Semarang,10,COD,115200
2025-06-23,Shoes E,Fashion,661000,1,C1780,Bandung,5,E-Wallet,627950
2025-06-23,T-Shirt G,Fashion,258000,1,C0075,Surabaya,5,E-Wallet,245100
2025-06-23,Lamp M,Home,308000,2,C2372,Jakarta,15,COD,523600
2025-06-23,Smartphone B,Electronics,4845000,1,C2316,Solo,5,E-Wallet,4602750
2025-06-23,T-Shirt G,Fashion,255000,1,C1871,Surabaya,0,Bank Transfer,255000
2025-06-23,Smartphone B,Electronics,4828000,2,C1274,Malang,10,E-Wallet,8690400
2025-06-23,Bag H,Fashion,460000,1,C2035,Bandung,0,Credit Card,460000
2025-06-24,Snack J,Food,35000,1,C2058,Semarang,0,Bank Transfer,35000
2025-06-24,Smartphone B,Electronics,4712000,2,C0422,Jakarta,0,COD,9424000
2025-06-24,Lamp M,Home,292000,1,C1356,Bandung,15,E-Wallet,248200
2025-06-24,T-Shirt G,Fashion,225000,2,C2083,Malang,5,COD,427500
2025-06-24,Tea K,Food,51000,2,C0232,Bandung,10,Credit Card,91800
2025-06-24,Lamp M,Home,276000,2,C0704,Jakarta,5,E-Wallet,524400
2025-06-24,Lamp M,Home,292000,2,C0179,Jakarta,10,E-Wallet,525600
2025-06-24,Monitor D,Electronics,2464000,1,C2460,Semarang,10,Credit Card,2217600
2025-06-24,Snack J,Food,33000,1,C0317,Jakarta,15,E-Wallet,28050
2025-06-24,Coffee I,Food,78000,3,C1080,Jakarta,10,E-Wallet,210600
2025-06-24,Snack J,Food,36000,2,C1013,Surabaya,0,E-Wallet,72000
2025-06-24,Chair N,Home,838000,3,C1859,Semarang,0,E-Wallet,2514000
2025-06-24,Jacket F,Fashion,549000,1,C1553,Bandung,0,E-Wallet,549000
2025-06-24,Pillow P,Home,187000,1,C2394,Malang,10,Bank Transfer,168300
2025-06-24,Lamp M,Home,296000,3,C0111,Solo,15,E-Wallet,754800
2025-06-24,Laptop A,Electronics,7914000,1,C1663,Yogyakarta,5,Bank Transfer,7518300
2025-06-24,Table O,Home,1468000,1,C0194,Malang,0,Bank Transfer,1468000
2025-06-24,Smartphone B,Electronics,5356000,2,C0711,Jakarta,0,E-Wallet,10712000
2025-06-24,T-Shirt G,Fashion,260000,2,C0595,Surabaya,10,COD,468000
2025-06-24,Snack J,Food,34000,1,C0353,Bandung,0,Bank Transfer,34000
2025-06-24,Chocolate L,Food,61000,3,C1130,Jakarta,10,Bank Transfer,164700
2025-06-24,Smartphone B,Electronics,5051000,1,C1081,Jakarta,10,Credit Card,4545900
2025-06-24,Shoes E,Fashion,694000,4,C0633,Jakarta,10,E-Wallet,2498400
2025-06-25,Shoes E,Fashion,648000,4,C1196,Malang,10,COD,2332800
2025-06-25,Chair N,Home,927000,1,C1825,Jakarta,5,COD,880650
2025-06-25,Coffee I,Food,71000,1,C0782,Surabaya,5,Bank Transfer,67450
2025-06-25,Jacket F,Fashion,550000,1,C2116,Bandung,5,E-Wallet,522500
2025-06-25,Headphone C,Electronics,726000,1,C0106,Surabaya,10,Bank Transfer,653400
2025-06-25,Laptop A,Electronics,8771000,4,C0909,Yogyakarta,0,E-Wallet,35084000
2025-06-26,Smartphone B,Electronics,4996000,2,C0213,Bandung,0,E-Wallet,9992000
2025-06-26,Tea K,Food,52000,1,C2490,Yogyakarta,15,COD,44200
2025-06-26,Laptop A,Electronics,9194000,2,C1578,Jakarta,10,E-Wallet,16549200
2025-06-26,Smartphone B,Electronics,4982000,1,C1974,Yogyakarta,15,E-Wallet,4234700
2025-06-26,T-Shirt G,Fashion,256000,3,C1643,Surabaya,10,E-Wallet,691200
2025-06-26,Headphone C,Electronics,712000,1,C1385,Bandung,10,Credit Card,640800
2025-06-26,Lamp M,Home,301000,2,C1482,Solo,0,Bank Transfer,602000
2025-06-26,Tea K,Food,49000,2,C0938,Yogyakarta,10,Credit Card,88200
2025-06-26,Monitor D,Electronics,2535000,1,C1898,Surabaya,0,COD,2535000
2025-06-26,Table O,Home,1467000,2,C0741,Surabaya,10,E-Wallet,2640600
2025-06-26,Shoes E,Fashion,689000,5,C0650,Malang,10,E-Wallet,3100500
2025-06-26,Shoes E,Fashion,676000,3,C0993,Surabaya,0,Credit Card,2028000
2025-06-26,Jacket F,Fashion,583000,2,C1537,Semarang,0,Bank Transfer,1166000
2025-06-27,Shoes E,Fashion,647000,3,C0487,Bandung,0,E-Wallet,1941000
2025-06-27,Chair N,Home,878000,3,C0961,Surabaya,15,E-Wallet,2238900
2025-06-27,Chair N,Home,898000,4,C2437,Surabaya,0,Bank Transfer,3592000
2025-06-27,Laptop A,Electronics,8522000,3,C1250,Surabaya,20,E-Wallet,20452800
2025-06-27,Pillow P,Home,189000,3,C1880,Malang,5,COD,538650
2025-06-27,Jacket F,Fashion,529000,1,C2010,Jakarta,0,Credit Card,529000
2025-06-27,Snack J,Food,32000,4,C1387,Bandung,10,Credit Card,115200
2025-06-27,Bag H,Fashion,485000,1,C0286,Malang,0,E-Wallet,485000
2025-06-27,Bag H,Fashion,426000,2,C1515,Surabaya,15,COD,724200
2025-06-27,Coffee I,Food,75000,1,C0760,Jakarta,5,E-Wallet,71250
2025-06-27,Chocolate L,Food,62000,1,C0558,Jakarta,0,Credit Card,62000
2025-06-27,Coffee I,Food,74000,3,C1571,Yogyakarta,0,Credit Card,222000
2025-06-27,Chair N,Home,967000,5,C1656,Solo,0,Credit Card,4835000
2025-06-27,Headphone C,Electronics,737000,3,C0747,Jakarta,10,E-Wallet,1989900
2025-06-27,Bag H,Fashion,442000,2,C0517,Yogyakarta,10,Bank Transfer,795600
2025-06-27,Monitor D,Electronics,2340000,5,C2480,Yogyakarta,15,Credit Card,9945000
2025-06-27,Headphone C,Electronics,765000,1,C0408,Malang,15,E-Wallet,650250
2025-06-27,Coffee I,Food,75000,1,C0501,Malang,0,E-Wallet,75000
2025-06-27,Snack J,Food,38000,2,C0985,Bandung,10,E-Wallet,68400
2025-06-27,Lamp M,Home,287000,3,C0408,Yogyakarta,20,COD,688800
2025-06-27,Tea K,Food,50000,1,C1711,Surabaya,5,COD,47500
2025-06-27,Bag H,Fashion,406000,2,C0839,Surabaya,5,E-Wallet,771400
2025-06-27,Smartphone B,Electronics,4609000,1,C2481,Jakarta,10,Credit Card,4148100
2025-06-28,Smartphone B,Electronics,5091000,1,C0018,Bandung,15,Bank Transfer,4327350
2025-06-28,Coffee I,Food,72000,2,C1503,Bandung,10,Credit Card,129600
2025-06-28,Laptop A,Electronics,8851000,1,C0568,Bandung,10,E-Wallet,7965900
2025-06-28,Pillow P,Home,201000,2,C1775,Jakarta,0,E-Wallet,402000
2025-06-28,Snack J,Food,37000,3,C1347,Semarang,15,Bank Transfer,94350
2025-06-28,T-Shirt G,Fashion,253000,2,C1867,Surabaya,0,Bank Transfer,506000
2025-06-28,Laptop A,Electronics,8069000,3,C1121,Jakarta,0,COD,24207000
2025-06-28,T-Shirt G,Fashion,240000,2,C0150,Jakarta,0,COD,480000
2025-06-28,Chocolate L,Food,58000,3,C0896,Surabaya,0,E-Wallet,174000
2025-06-28,Laptop A,Electronics,8767000,3,C2441,Bandung,0,E-Wallet,26301000
2025-06-28,T-Shirt G,Fashion,249000,1,C0740,Bandung,0,COD,249000
2025-06-28,Headphone C,Electronics,716000,1,C0935,Semarang,10,Bank Transfer,644400
2025-06-28,Laptop A,Electronics,8284000,5,C0915,Jakarta,0,Credit Card,41420000
2025-06-28,Tea K,Food,49000,2,C0545,Surabaya,0,E-Wallet,98000
2025-06-28,Coffee I,Food,74000,1,C0244,Jakarta,15,E-Wallet,62900
2025-06-28,Chair N,Home,944000,1,C1617,Yogyakarta,10,COD,849600
2025-06-28,Monitor D,Electronics,2561000,4,C1405,Semarang,0,Bank Transfer,10244000
2025-06-28,Monitor D,Electronics,2485000,2,C0432,Jakarta,0,E-Wallet,4970000
2025-06-28,Bag H,Fashion,461000,2,C0083,Bandung,0,E-Wallet,922000
2025-06-28,Bag H,Fashion,438000,3,C2480,Jakarta,15,COD,1116900
2025-06-29,Headphone C,Electronics,685000,3,C0020,Surabaya,5,Credit Card,1952250
2025-06-29,Snack J,Food,39000,2,C0476,Semarang,5,Bank Transfer,74100
2025-06-29,Shoes E,Fashion,694000,4,C0522,Surabaya,0,Credit Card,2776000
2025-06-29,Chair N,Home,922000,1,C1160,Semarang,5,COD,875900
2025-06-29,Tea K,Food,51000,2,C1574,Jakarta,10,Credit Card,91800
2025-06-29,Chair N,Home,937000,3,C1800,Bandung,0,Bank Transfer,2811000
2025-06-29,Jacket F,Fashion,564000,2,C1530,Jakarta,0,Credit Card,1128000
2025-06-29,Lamp M,Home,298000,3,C0164,Yogyakarta,0,Bank Transfer,894000
2025-06-29,Jacket F,Fashion,580000,2,C1471,Surabaya,10,COD,1044000
2025-06-29,Tea K,Food,51000,1,C0377,Malang,5,E-Wallet,48450
2025-06-29,Bag H,Fashion,502000,2,C1078,Malang,0,Credit Card,1004000
2025-06-29,Tea K,Food,51000,2,C0443,Solo,5,Credit Card,96900
2025-06-29,Snack J,Food,39000,5,C1915,Bandung,0,E-Wallet,195000
2025-06-29,Lamp M,Home,286000,1,C0977,Malang,0,COD,286000
2025-06-29,Bag H,Fashion,439000,2,C0543,Solo,10,Credit Card,790200
2025-06-30,Snack J,Food,36000,2,C2029,Solo,15,Bank Transfer,61200
2025-06-30,Monitor D,Electronics,2376000,2,C0711,Bandung,0,Credit Card,4752000
2025-06-30,Shoes E,Fashion,669000,2,C2143,Jakarta,0,Bank Transfer,1338000
2025-06-30,Chocolate L,Food,58000,1,C2200,Jakarta,0,Bank Transfer,58000
2025-06-30,Headphone C,Electronics,675000,1,C1186,Surabaya,10,E-Wallet,607500
2025-06-30,Chocolate L,Food,59000,2,C1168,Solo,0,COD,118000
2025-06-30,Laptop A,Electronics,8901000,2,C2156,Bandung,0,E-Wallet,17802000
2025-06-30,Snack J,Food,34000,3,C1578,Jakarta,0,E-Wallet,102000
2025-06-30,Jacket F,Fashion,583000,1,C0061,Surabaya,10,E-Wallet,524700
2025-06-30,Smartphone B,Electronics,5059000,3,C2088,Jakarta,0,E-Wallet,15177000
2025-07-01,Tea K,Food,53000,3,C2373,Surabaya,0,E-Wallet,159000
2025-07-01,Tea K,Food,50000,1,C0415,Semarang,10,E-Wallet,45000
2025-07-01,Smartphone B,Electronics,5248000,2,C1245,Surabaya,0,Bank Transfer,10496000
2025-07-01,Headphone C,Electronics,791000,2,C1118,Solo,5,Bank Transfer,1502900
2025-07-01,Tea K,Food,49000,3,C0858,Yogyakarta,5,Credit Card,139650
2025-07-01,Monitor D,Electronics,2459000,1,C2370,Bandung,0,Bank Transfer,2459000
2025-07-01,Tea K,Food,50000,2,C2358,Bandung,15,Bank Transfer,85000
2025-07-01,Headphone C,Electronics,749000,1,C0181,Yogyakarta,10,Bank Transfer,674100
2025-07-01,Table O,Home,1594000,3,C0487,Bandung,15,Credit Card,4064700
2025-07-01,Jacket F,Fashion,557000,2,C1357,Jakarta,5,COD,1058300
2025-07-01,Jacket F,Fashion,557000,1,C0158,Jakarta,15,E-Wallet,473450
2025-07-02,Bag H,Fashion,439000,2,C1232,Surabaya,5,E-Wallet,834100
2025-07-02,Pillow P,Home,171000,3,C1683,Solo,5,Bank Transfer,487350
2025-07-02,Lamp M,Home,289000,3,C2181,Yogyakarta,15,Bank Transfer,736950
2025-07-02,Headphone C,Electronics,756000,2,C2494,Surabaya,0,E-Wallet,1512000
2025-07-02,Chocolate L,Food,58000,2,C1573,Jakarta,0,Bank Transfer,116000
2025-07-02,Coffee I,Food,74000,1,C0151,Surabaya,5,Bank Transfer,70300
2025-07-02,T-Shirt G,Fashion,274000,1,C0550,Surabaya,15,E-Wallet,232900
2025-07-02,Coffee I,Food,79000,4,C1426,Jakarta,0,E-Wallet,316000
2025-07-02,Lamp M,Home,316000,2,C0970,Bandung,5,E-Wallet,600400
2025-07-02,Lamp M,Home,306000,3,C0918,Jakarta,0,Bank Transfer,918000
2025-07-02,Jacket F,Fashion,510000,1,C1895,Bandung,0,COD,510000
2025-07-02,Laptop A,Electronics,8469000,1,C2397,Surabaya,0,Bank Transfer,8469000
2025-07-02,Monitor D,Electronics,2480000,1,C1609,Yogyakarta,0,COD,2480000
2025-07-02,Tea K,Food,50000,1,C1181,Jakarta,15,E-Wallet,42500
2025-07-02,Smartphone B,Electronics,4814000,1,C0527,Jakarta,5,Bank Transfer,4573300
2025-07-02,Chocolate L,Food,59000,2,C1571,Bandung,10,Bank Transfer,106200
2025-07-02,Smartphone B,Electronics,4832000,1,C0552,Bandung,0,E-Wallet,4832000
2025-07-02,Chocolate L,Food,62000,2,C2036,Jakarta,0,COD,124000
2025-07-03,Chair N,Home,899000,3,C1851,Semarang,0,COD,2697000
2025-07-03,Tea K,Food,51000,2,C0829,Jakarta,0,Bank Transfer,102000
2025-07-03,Laptop A,Electronics,8305000,2,C0462,Malang,10,COD,14949000
2025-07-03,Snack J,Food,36000,2,C2258,Solo,10,E-Wallet,64800
2025-07-03,Monitor D,Electronics,2224000,1,C1808,Malang,10,E-Wallet,2001600
2025-07-03,Monitor D,Electronics,2465000,1,C1832,Surabaya,15,Credit Card,2095250
2025-07-03,Monitor D,Electronics,2544000,1,C0442,Surabaya,5,Bank Transfer,2416800
2025-07-03,Shoes E,Fashion,632000,4,C0078,Malang,10,Bank Transfer,2275200
2025-07-03,Table O,Home,1436000,2,C2258,Yogyakarta,0,COD,2872000
2025-07-03,Jacket F,Fashion,570000,1,C2237,Malang,5,E-Wallet,541500
2025-07-03,Laptop A,Electronics,8378000,1,C1469,Jakarta,10,COD,7540200
2025-07-03,Smartphone B,Electronics,4889000,1,C1905,Surabaya,0,COD,4889000
2025-07-03,Lamp M,Home,284000,4,C2238,Surabaya,10,E-Wallet,1022400
2025-07-03,Bag H,Fashion,452000,3,C1650,Semarang,0,Credit Card,1356000
2025-07-03,Chocolate L,Food,62000,1,C1962,Jakarta,0,E-Wallet,62000
2025-07-03,Chair N,Home,910000,1,C2055,Bandung,15,E-Wallet,773500
2025-07-03,Monitor D,Electronics,2342000,1,C1243,Bandung,15,Credit Card,1990700
2025-07-04,Chocolate L,Food,63000,1,C2478,Malang,0,COD,63000
2025-07-04,T-Shirt G,Fashion,258000,1,C0037,Semarang,15,COD,219300
2025-07-04,Chair N,Home,951000,1,C0212,Semarang,0,Credit Card,951000
2025-07-04,Bag H,Fashion,452000,2,C0076,Surabaya,0,Credit Card,904000
2025-07-04,Chocolate L,Food,61000,3,C1571,Solo,0,Credit Card,183000
2025-07-04,Chocolate L,Food,63000,1,C1564,Surabaya,0,E-Wallet,63000
2025-07-04,Lamp M,Home,278000,2,C1182,Jakarta,0,Credit Card,556000
2025-07-04,Headphone C,Electronics,706000,1,C0469,Jakarta,15,Bank Transfer,600100
2025-07-04,Chocolate L,Food,61000,3,C0872,Jakarta,5,E-Wallet,173850
2025-07-04,Headphone C,Electronics,729000,2,C0920,Yogyakarta,5,E-Wallet,1385100
2025-07-04,Table O,Home,1534000,5,C1408,Bandung,20,Credit Card,6136000
2025-07-04,Pillow P,Home,176000,1,C1195,Surabaya,0,E-Wallet,176000
2025-07-04,Monitor D,Electronics,2206000,1,C0269,Solo,10,Bank Transfer,1985400
2025-07-04,Smartphone B,Electronics,4960000,1,C0445,Bandung,0,COD,4960000
2025-07-04,Lamp M,Home,294000,2,C1235,Bandung,0,COD,588000
2025-07-04,Shoes E,Fashion,632000,2,C0878,Yogyakarta,0,Credit Card,1264000
2025-07-04,Jacket F,Fashion,544000,4,C0945,Semarang,0,E-Wallet,2176000
2025-07-05,Laptop A,Electronics,9298000,2,C1297,Bandung,0,E-Wallet,18596000
2025-07-05,Laptop A,Electronics,8339000,3,C0493,Bandung,0,Bank Transfer,25017000
2025-07-05,Laptop A,Electronics,8705000,1,C0668,Yogyakarta,0,Credit Card,8705000
2025-07-05,Bag H,Fashion,469000,1,C2205,Solo,10,Credit Card,422100
2025-07-05,Tea K,Food,53000,4,C2167,Malang,20,E-Wallet,169600
2025-07-05,Laptop A,Electronics,8579000,1,C2080,Solo,0,Bank Transfer,8579000
2025-07-05,Laptop A,Electronics,8871000,3,C1770,Solo,0,E-Wallet,26613000
2025-07-05,Lamp M,Home,295000,2,C1540,Yogyakarta,5,Bank Transfer,560500
2025-07-05,Jacket F,Fashion,533000,1,C2430,Jakarta,10,E-Wallet,479700
2025-07-05,Smartphone B,Electronics,4978000,5,C0011,Surabaya,10,COD,22401000
2025-07-05,Headphone C,Electronics,795000,2,C2025,Jakarta,0,E-Wallet,1590000
2025-07-05,Tea K,Food,55000,1,C1173,Yogyakarta,10,Credit Card,49500
2025-07-06,Laptop A,Electronics,8951000,1,C1279,Surabaya,10,Credit Card,8055900
2025-07-06,Chocolate L,Food,56000,1,C1646,Jakarta,15,COD,47600
2025-07-06,Table O,Home,1418000,4,C0127,Yogyakarta,0,Bank Transfer,5672000
2025-07-06,Chocolate L,Food,59000,4,C0429,Jakarta,10,Credit Card,212400
2025-07-06,T-Shirt G,Fashion,248000,1,C1744,Semarang,5,E-Wallet,235600
2025-07-06,Chair N,Home,888000,1,C0256,Bandung,15,COD,754800
2025-07-06,Chocolate L,Food,55000,3,C1204,Jakarta,0,Credit Card,165000
2025-07-06,Chocolate L,Food,65000,1,C0821,Surabaya,0,E-Wallet,65000
2025-07-06,Coffee I,Food,76000,1,C0427,Semarang,0,Bank Transfer,76000
2025-07-06,Jacket F,Fashion,540000,1,C1461,Surabaya,0,E-Wallet,540000
2025-07-06,Chocolate L,Food,60000,2,C0354,Bandung,5,Credit Card,114000
2025-07-06,Jacket F,Fashion,574000,2,C0438,Bandung,10,E-Wallet,1033200
2025-07-06,Shoes E,Fashion,670000,2,C1750,Surabaya,0,E-Wallet,1340000
2025-07-06,Monitor D,Electronics,2477000,4,C0153,Jakarta,0,Bank Transfer,9908000
2025-07-06,Chair N,Home,899000,2,C1089,Jakarta,5,Credit Card,1708100
2025-07-06,Smartphone B,Electronics,4972000,2,C1644,Yogyakarta,15,E-Wallet,8452400
2025-07-06,Pillow P,Home,178000,4,C1681,Bandung,10,Credit Card,640800
2025-07-06,Jacket F,Fashion,551000,1,C2366,Solo,10,Bank Transfer,495900
2025-07-06,Coffee I,Food,78000,3,C0942,Semarang,15,Credit Card,198900
2025-07-07,Monitor D,Electronics,2187000,2,C0402,Surabaya,10,COD,3936600
2025-07-07,Snack J,Food,35000,2,C1943,Bandung,5,Credit Card,66500
2025-07-07,Coffee I,Food,77000,4,C1869,Semarang,5,E-Wallet,292600
2025-07-07,Jacket F,Fashion,536000,2,C2303,Surabaya,0,COD,1072000
2025-07-07,Shoes E,Fashion,657000,2,C0378,Solo,10,COD,1182600
2025-07-07,Pillow P,Home,178000,3,C1152,Yogyakarta,5,COD,507300
2025-07-07,Headphone C,Electronics,712000,2,C2123,Jakarta,15,Credit Card,1210400
2025-07-07,Coffee I,Food,75000,1,C0862,Bandung,0,Bank Transfer,75000
2025-07-07,Chair N,Home,890000,2,C0463,Semarang,15,COD,1513000
2025-07-07,Headphone C,Electronics,729000,1,C1816,Solo,15,E-Wallet,619650
2025-07-07,Tea K,Food,50000,1,C1023,Jakarta,10,Credit Card,45000
2025-07-07,T-Shirt G,Fashion,235000,4,C1244,Jakarta,10,COD,846000
2025-07-07,Bag H,Fashion,495000,3,C0343,Bandung,20,E-Wallet,1188000
2025-07-07,Table O,Home,1420000,3,C2382,Solo,0,E-Wallet,4260000
2025-07-07,Table O,Home,1448000,3,C2398,Semarang,0,E-Wallet,4344000
2025-07-07,Shoes E,Fashion,625000,3,C2187,Semarang,0,Bank Transfer,1875000
2025-07-07,Shoes E,Fashion,611000,1,C1640,Yogyakarta,0,Credit Card,611000
2025-07-07,Coffee I,Food,73000,2,C0110,Surabaya,20,Bank Transfer,116800
2025-07-07,Snack J,Food,37000,2,C0717,Yogyakarta,10,E-Wallet,66600
2025-07-07,Chair N,Home,855000,3,C0473,Jakarta,15,Credit Card,2180250
2025-07-07,Laptop A,Electronics,7821000,2,C1416,Yogyakarta,0,Credit Card,15642000
2025-07-07,Coffee I,Food,75000,1,C2055,Semarang,15,E-Wallet,63750
2025-07-07,Chocolate L,Food,60000,4,C0178,Semarang,0,Bank Transfer,240000
2025-07-07,Chair N,Home,977000,2,C2439,Solo,0,Credit Card,1954000
2025-07-07,Coffee I,Food,74000,2,C2164,Semarang,10,COD,133200
2025-07-08,Monitor D,Electronics,2367000,1,C1532,Jakarta,0,Credit Card,2367000
2025-07-08,Tea K,Food,49000,5,C0292,Malang,10,Bank Transfer,220500
2025-07-08,Smartphone B,Electronics,5168000,4,C1129,Jakarta,10,E-Wallet,18604800
2025-07-08,Smartphone B,Electronics,5044000,1,C0014,Bandung,5,Credit Card,4791800
2025-07-08,Coffee I,Food,75000,1,C0132,Yogyakarta,0,Credit Card,75000
2025-07-08,Tea K,Food,51000,5,C2497,Malang,0,E-Wallet,255000
2025-07-08,Bag H,Fashion,459000,1,C0068,Bandung,5,Credit Card,436050
2025-07-08,Shoes E,Fashion,655000,1,C0341,Yogyakarta,0,Bank Transfer,655000
2025-07-08,Table O,Home,1406000,1,C1751,Jakarta,10,Credit Card,1265400
2025-07-08,Chocolate L,Food,61000,1,C0954,Semarang,10,Credit Card,54900
2025-07-08,Chocolate L,Food,62000,3,C1107,Surabaya,5,E-Wallet,176700
2025-07-09,Chocolate L,Food,61000,2,C0879,Jakarta,10,E-Wallet,109800
2025-07-09,Pillow P,Home,182000,1,C0440,Surabaya,0,Credit Card,182000
2025-07-09,Lamp M,Home,303000,1,C0025,Solo,5,Bank Transfer,287850
2025-07-09,Headphone C,Electronics,781000,4,C2164,Jakarta,15,Bank Transfer,2655400
2025-07-09,Monitor D,Electronics,2408000,1,C1924,Bandung,0,Bank Transfer,2408000
2025-07-09,Laptop A,Electronics,8585000,3,C1761,Semarang,10,COD,23179500
2025-07-09,Table O,Home,1517000,1,C0976,Surabaya,5,E-Wallet,1441150
2025-07-09,Jacket F,Fashion,569000,3,C0723,Surabaya,0,E-Wallet,1707000
2025-07-09,Smartphone B,Electronics,5295000,2,C1175,Bandung,15,E-Wallet,9001500
2025-07-09,Bag H,Fashion,465000,1,C0066,Jakarta,0,Credit Card,465000
2025-07-09,Smartphone B,Electronics,4593000,1,C1889,Surabaya,5,Bank Transfer,4363350
2025-07-09,Tea K,Food,52000,1,C1903,Yogyakarta,10,Bank Transfer,46800
2025-07-09,Headphone C,Electronics,777000,1,C1711,Jakarta,5,E-Wallet,738150
2025-07-09,Jacket F,Fashion,570000,2,C1984,Jakarta,10,COD,1026000
2025-07-09,Pillow P,Home,170000,1,C0666,Jakarta,0,Credit Card,170000
2025-07-09,Chair N,Home,915000,2,C1747,Jakarta,10,E-Wallet,1647000
2025-07-09,Tea K,Food,51000,2,C0290,Semarang,10,COD,91800
2025-07-09,Bag H,Fashion,447000,1,C1807,Surabaya,10,Credit Card,402300
2025-07-10,Shoes E,Fashion,657000,2,C0443,Yogyakarta,10,Credit Card,1182600
2025-07-10,Jacket F,Fashion,574000,2,C1016,Bandung,20,Bank Transfer,918400
2025-07-10,Coffee I,Food,81000,2,C1513,Malang,5,E-Wallet,153900
2025-07-10,Pillow P,Home,176000,1,C1002,Bandung,0,COD,176000
2025-07-10,T-Shirt G,Fashion,253000,1,C0637,Jakarta,5,Credit Card,240350
2025-07-10,Monitor D,Electronics,2396000,1,C1179,Malang,0,E-Wallet,2396000
2025-07-10,Pillow P,Home,174000,1,C2369,Semarang,15,E-Wallet,147900
2025-07-10,Coffee I,Food,77000,1,C1981,Jakarta,10,E-Wallet,69300
2025-07-10,Bag H,Fashion,449000,1,C2331,Surabaya,10,E-Wallet,404100
2025-07-10,T-Shirt G,Fashion,240000,1,C0882,Semarang,0,Credit Card,240000
2025-07-10,Coffee I,Food,76000,2,C2003,Surabaya,5,COD,144400
2025-07-10,Bag H,Fashion,446000,1,C0947,Bandung,0,Credit Card,446000
2025-07-10,Laptop A,Electronics,8643000,3,C2405,Semarang,10,Bank Transfer,23336100
2025-07-10,Bag H,Fashion,449000,3,C0736,Jakarta,5,Credit Card,1279650
2025-07-10,Coffee I,Food,72000,1,C0610,Jakarta,0,E-Wallet,72000
2025-07-11,Headphone C,Electronics,733000,3,C0897,Jakarta,10,E-Wallet,1979100
2025-07-11,T-Shirt G,Fashion,254000,1,C0585,Semarang,20,Credit Card,203200
2025-07-11,Pillow P,Home,172000,1,C2217,Jakarta,20,E-Wallet,137600
2025-07-11,Coffee I,Food,77000,1,C2299,Jakarta,0,E-Wallet,77000
2025-07-11,Table O,Home,1563000,2,C1917,Solo,15,E-Wallet,2657100
2025-07-11,Coffee I,Food,72000,1,C1631,Jakarta,15,E-Wallet,61200
2025-07-11,Table O,Home,1457000,2,C0208,Malang,10,E-Wallet,2622600
2025-07-11,Snack J,Food,36000,2,C2175,Jakarta,0,E-Wallet,72000
2025-07-11,Smartphone B,Electronics,4884000,1,C1886,Bandung,0,E-Wallet,4884000
2025-07-11,Smartphone B,Electronics,5046000,1,C2406,Surabaya,15,E-Wallet,4289100
2025-07-11,Headphone C,Electronics,766000,4,C1681,Jakarta,15,Credit Card,2604400
2025-07-11,T-Shirt G,Fashion,240000,1,C1637,Jakarta,0,Bank Transfer,240000
2025-07-11,Snack J,Food,34000,3,C1217,Bandung,0,E-Wallet,102000
2025-07-11,Chair N,Home,921000,4,C2028,Bandung,0,Credit Card,3684000
2025-07-11,Pillow P,Home,179000,3,C2237,Bandung,0,E-Wallet,537000
2025-07-11,Headphone C,Electronics,752000,2,C0345,Jakarta,0,Bank Transfer,1504000
2025-07-11,Laptop A,Electronics,8447000,3,C0653,Jakarta,10,Credit Card,22806900
2025-07-11,Table O,Home,1612000,2,C1738,Surabaya,0,COD,3224000
2025-07-12,Shoes E,Fashion,610000,1,C0187,Jakarta,5,Credit Card,579500
2025-07-12,Chocolate L,Food,61000,1,C1179,Yogyakarta,5,Bank Transfer,57950
2025-07-12,Laptop A,Electronics,8164000,1,C2276,Jakarta,0,Bank Transfer,8164000
2025-07-12,Chocolate L,Food,62000,1,C0498,Solo,0,Credit Card,62000
2025-07-12,Chocolate L,Food,64000,1,C2140,Jakarta,5,Bank Transfer,60800
2025-07-12,Headphone C,Electronics,784000,2,C2432,Jakarta,0,COD,1568000
2025-07-12,Laptop A,Electronics,9303000,1,C2417,Jakarta,5,E-Wallet,8837850
2025-07-12,Tea K,Food,49000,2,C0111,Malang,15,E-Wallet,83300
2025-07-12,Table O,Home,1469000,3,C2157,Surabaya,10,E-Wallet,3966300
2025-07-12,Table O,Home,1570000,3,C0995,Surabaya,10,Credit Card,4239000
2025-07-12,Table O,Home,1556000,1,C1217,Semarang,10,Bank Transfer,1400400
2025-07-12,Headphone C,Electronics,765000,1,C0874,Malang,0,E-Wallet,765000
2025-07-12,Snack J,Food,36000,2,C1583,Yogyakarta,5,COD,68400
2025-07-12,Chocolate L,Food,62000,1,C2318,Malang,20,Credit Card,49600
2025-07-12,Lamp M,Home,301000,2,C0621,Malang,5,Credit Card,571900
2025-07-12,Chair N,Home,905000,4,C0064,Malang,15,Bank Transfer,3077000
2025-07-12,Headphone C,Electronics,790000,2,C1325,Semarang,0,E-Wallet,1580000
2025-07-12,Pillow P,Home,178000,1,C0904,Jakarta,10,Bank Transfer,160200
2025-07-13,Coffee I,Food,80000,2,C0544,Semarang,10,COD,144000
2025-07-13,Table O,Home,1297000,2,C0904,Yogyakarta,0,Bank Transfer,2594000
2025-07-13,Headphone C,Electronics,756000,4,C0376,Bandung,0,Bank Transfer,3024000
2025-07-13,Coffee I,Food,73000,3,C0573,Semarang,10,Credit Card,197100
2025-07-13,Laptop A,Electronics,8337000,4,C1495,Malang,0,Bank Transfer,33348000
2025-07-13,Chair N,Home,910000,1,C2229,Yogyakarta,0,Credit Card,910000
2025-07-13,Headphone C,Electronics,746000,4,C0155,Yogyakarta,10,E-Wallet,2685600
2025-07-13,Bag H,Fashion,452000,2,C1031,Jakarta,20,E-Wallet,723200
2025-07-13,Shoes E,Fashion,618000,3,C1229,Bandung,10,COD,1668600
2025-07-13,Jacket F,Fashion,548000,4,C0748,Jakarta,10,E-Wallet,1972800
2025-07-13,Headphone C,Electronics,805000,2,C1438,Bandung,5,E-Wallet,1529500
2025-07-13,Table O,Home,1484000,2,C1740,Malang,20,E-Wallet,2374400
2025-07-13,Smartphone B,Electronics,4810000,2,C0262,Jakarta,0,E-Wallet,9620000
2025-07-13,Coffee I,Food,75000,3,C1609,Malang,15,Credit Card,191250
2025-07-13,Table O,Home,1478000,1,C1808,Bandung,10,Bank Transfer,1330200
2025-07-13,Laptop A,Electronics,8589000,3,C1048,Jakarta,5,E-Wallet,24478650
2025-07-13,Coffee I,Food,73000,1,C0709,Bandung,10,COD,65700
2025-07-13,Smartphone B,Electronics,5038000,3,C1969,Solo,5,Bank Transfer,14358300
2025-07-13,Lamp M,Home,287000,1,C0804,Malang,0,E-Wallet,287000
2025-07-13,Snack J,Food,34000,5,C2306,Solo,0,Bank Transfer,170000
2025-07-14,T-Shirt G,Fashion,258000,1,C1646,Malang,0,E-Wallet,258000
2025-07-14,Tea K,Food,56000,2,C1658,Yogyakarta,0,Credit Card,112000
2025-07-14,Shoes E,Fashion,690000,1,C0850,Semarang,0,COD,690000
2025-07-14,Monitor D,Electronics,2465000,2,C2360,Jakarta,15,Credit Card,4190500
2025-07-14,Monitor D,Electronics,2547000,2,C1856,Bandung,10,Credit Card,4584600
2025-07-14,Jacket F,Fashion,531000,1,C1932,Bandung,10,Credit Card,477900
2025-07-14,Bag H,Fashion,481000,5,C0598,Jakarta,0,Bank Transfer,2405000
2025-07-14,Headphone C,Electronics,740000,1,C0649,Semarang,0,Bank Transfer,740000
2025-07-14,Headphone C,Electronics,803000,5,C2398,Yogyakarta,5,E-Wallet,3814250
2025-07-14,Smartphone B,Electronics,4617000,1,C1730,Yogyakarta,15,COD,3924450
2025-07-14,Table O,Home,1589000,2,C0084,Solo,15,E-Wallet,2701300
2025-07-14,Laptop A,Electronics,8822000,5,C1432,Jakarta,5,E-Wallet,41904500
2025-07-14,Snack J,Food,37000,2,C1726,Jakarta,0,E-Wallet,74000
2025-07-14,Table O,Home,1474000,1,C1856,Malang,10,Bank Transfer,1326600
2025-07-14,T-Shirt G,Fashion,271000,5,C1096,Surabaya,10,E-Wallet,1219500
2025-07-14,Bag H,Fashion,462000,2,C1390,Semarang,0,Bank Transfer,924000
2025-07-15,Chair N,Home,897000,4,C0010,Bandung,10,Bank Transfer,3229200
2025-07-15,Lamp M,Home,300000,4,C0011,Solo,5,Bank Transfer,1140000
2025-07-15,Lamp M,Home,294000,3,C1274,Bandung,0,E-Wallet,882000
2025-07-15,Smartphone B,Electronics,5034000,1,C1438,Yogyakarta,0,COD,5034000
2025-07-15,Tea K,Food,52000,2,C0673,Jakarta,0,E-Wallet,104000
2025-07-15,Pillow P,Home,177000,1,C0702,Surabaya,0,E-Wallet,177000
2025-07-15,Snack J,Food,35000,4,C1854,Solo,0,Credit Card,140000
2025-07-15,Jacket F,Fashion,534000,2,C1950,Jakarta,0,E-Wallet,1068000
2025-07-15,Shoes E,Fashion,612000,1,C0917,Semarang,0,Credit Card,612000
2025-07-15,Smartphone B,Electronics,4871000,2,C1576,Surabaya,0,COD,9742000
2025-07-15,Snack J,Food,37000,3,C2155,Surabaya,0,Bank Transfer,111000
2025-07-15,Coffee I,Food,77000,4,C1724,Solo,0,E-Wallet,308000
2025-07-15,Smartphone B,Electronics,5214000,1,C1663,Surabaya,0,COD,5214000
2025-07-15,Pillow P,Home,177000,3,C0632,Bandung,10,Bank Transfer,477900
2025-07-15,Tea K,Food,50000,1,C0251,Semarang,5,Bank Transfer,47500
2025-07-15,Shoes E,Fashion,671000,2,C2463,Bandung,5,Credit Card,1274900
2025-07-15,Tea K,Food,47000,3,C0766,Solo,10,COD,126900
2025-07-15,Smartphone B,Electronics,4996000,1,C1948,Semarang,10,COD,4496400
2025-07-15,Chocolate L,Food,63000,4,C0652,Malang,5,E-Wallet,239400
2025-07-15,Smartphone B,Electronics,4907000,4,C1633,Semarang,15,E-Wallet,16683800
2025-07-15,Monitor D,Electronics,2608000,2,C2425,Malang,15,Bank Transfer,4433600
2025-07-15,Monitor D,Electronics,2608000,1,C0560,Bandung,15,E-Wallet,2216800
2025-07-15,Snack J,Food,34000,1,C1947,Jakarta,10,Credit Card,30600
2025-07-15,Monitor D,Electronics,2421000,4,C1239,Jakarta,10,COD,8715600
2025-07-16,Lamp M,Home,286000,3,C1683,Solo,5,Credit Card,815100
2025-07-16,Snack J,Food,34000,1,C0078,Bandung,5,E-Wallet,32300
2025-07-16,Bag H,Fashion,462000,2,C2114,Jakarta,10,Bank Transfer,831600
2025-07-16,Bag H,Fashion,476000,3,C0497,Jakarta,10,Bank Transfer,1285200
2025-07-16,Table O,Home,1459000,2,C1022,Yogyakarta,5,E-Wallet,2772100
2025-07-16,Laptop A,Electronics,8177000,1,C1140,Jakarta,0,Bank Transfer,8177000
2025-07-16,Chair N,Home,896000,5,C2230,Bandung,15,Bank Transfer,3808000
2025-07-16,Coffee I,Food,79000,1,C1859,Semarang,0,Credit Card,79000
2025-07-16,Snack J,Food,35000,2,C0446,Surabaya,5,COD,66500
2025-07-16,Lamp M,Home,309000,3,C1681,Semarang,5,Credit Card,880650
2025-07-16,Jacket F,Fashion,580000,2,C1791,Jakarta,5,Credit Card,1102000
2025-07-16,Snack J,Food,35000,1,C1650,Jakarta,15,E-Wallet,29750
2025-07-17,Smartphone B,Electronics,4894000,1,C0529,Semarang,0,Credit Card,4894000
2025-07-17,Pillow P,Home,185000,1,C0929,Yogyakarta,10,Credit Card,166500
2025-07-17,Bag H,Fashion,484000,1,C1912,Jakarta,15,Bank Transfer,411400
2025-07-17,Tea K,Food,50000,1,C0442,Bandung,10,Bank Transfer,45000
2025-07-17,Coffee I,Food,77000,3,C1688,Jakarta,0,Bank Transfer,231000
2025-07-17,Snack J,Food,35000,1,C1948,Bandung,0,Credit Card,35000
2025-07-17,Coffee I,Food,71000,1,C1656,Solo,0,E-Wallet,71000
2025-07-17,Shoes E,Fashion,642000,4,C0889,Bandung,0,COD,2568000
2025-07-18,Snack J,Food,35000,3,C1799,Jakarta,10,COD,94500
2025-07-18,Pillow P,Home,181000,2,C0296,Malang,15,Bank Transfer,307700
2025-07-18,Bag H,Fashion,457000,1,C1220,Jakarta,5,Bank Transfer,434150
2025-07-18,Lamp M,Home,304000,1,C0158,Semarang,0,Bank Transfer,304000
2025-07-18,Shoes E,Fashion,634000,2,C0576,Semarang,0,Bank Transfer,1268000
2025-07-18,Tea K,Food,49000,4,C2147,Bandung,0,COD,196000
2025-07-18,Monitor D,Electronics,2521000,2,C0162,Yogyakarta,5,E-Wallet,4789900
2025-07-18,Monitor D,Electronics,2494000,5,C0757,Jakarta,0,Credit Card,12470000
2025-07-18,Headphone C,Electronics,778000,1,C0809,Bandung,0,Bank Transfer,778000
2025-07-18,Headphone C,Electronics,785000,1,C2195,Malang,0,Bank Transfer,785000
2025-07-18,Chair N,Home,907000,5,C1039,Bandung,0,Bank Transfer,4535000
2025-07-18,Coffee I,Food,74000,1,C1110,Solo,5,Bank Transfer,70300
2025-07-18,T-Shirt G,Fashion,248000,1,C2238,Yogyakarta,10,Bank Transfer,223200
2025-07-18,Laptop A,Electronics,8151000,1,C0062,Surabaya,10,Credit Card,7335900
2025-07-18,Shoes E,Fashion,649000,2,C1004,Malang,10,E-Wallet,1168200
2025-07-18,Monitor D,Electronics,2440000,1,C0582,Jakarta,15,Bank Transfer,2074000
2025-07-18,Jacket F,Fashion,548000,3,C1352,Jakarta,0,Credit Card,1644000
2025-07-18,Shoes E,Fashion,651000,1,C1995,Jakarta,15,E-Wallet,553350
2025-07-19,T-Shirt G,Fashion,262000,1,C1529,Semarang,0,Bank Transfer,262000
2025-07-19,Jacket F,Fashion,595000,1,C0370,Jakarta,10,Bank Transfer,535500
2025-07-19,Snack J,Food,35000,2,C1537,Yogyakarta,0,E-Wallet,70000
2025-07-19,Chair N,Home,891000,5,C0169,Semarang,15,Credit Card,3786750
2025-07-19,Chocolate L,Food,55000,3,C0220,Yogyakarta,10,Bank Transfer,148500
2025-07-19,Smartphone B,Electronics,4800000,2,C0483,Jakarta,5,Credit Card,9120000
2025-07-19,Laptop A,Electronics,8848000,2,C0553,Yogyakarta,15,Bank Transfer,15041600
2025-07-19,Tea K,Food,46000,3,C0334,Solo,20,Bank Transfer,110400
2025-07-19,Tea K,Food,48000,5,C2266,Surabaya,0,E-Wallet,240000
2025-07-19,Snack J,Food,36000,1,C0777,Semarang,10,Bank Transfer,32400
2025-07-19,Shoes E,Fashion,605000,4,C2287,Semarang,10,Bank Transfer,2178000
2025-07-19,Pillow P,Home,178000,2,C0709,Semarang,10,COD,320400
2025-07-19,Monitor D,Electronics,2477000,3,C0901,Malang,0,Credit Card,7431000
2025-07-20,T-Shirt G,Fashion,248000,2,C0215,Jakarta,5,Bank Transfer,471200
2025-07-20,Monitor D,Electronics,2432000,1,C1392,Jakarta,20,Credit Card,1945600
2025-07-20,Bag H,Fashion,415000,2,C1745,Malang,5,E-Wallet,788500
2025-07-20,Coffee I,Food,74000,1,C1009,Bandung,10,E-Wallet,66600
2025-07-20,Chocolate L,Food,62000,2,C2030,Surabaya,10,E-Wallet,111600
2025-07-20,Pillow P,Home,185000,1,C1330,Semarang,0,Credit Card,185000
2025-07-20,Laptop A,Electronics,8501000,1,C1125,Bandung,0,Bank Transfer,8501000
2025-07-20,Headphone C,Electronics,741000,1,C2067,Yogyakarta,10,E-Wallet,666900
2025-07-20,Smartphone B,Electronics,5328000,5,C2187,Semarang,0,Credit Card,26640000
2025-07-20,Snack J,Food,34000,1,C0855,Jakarta,5,Bank Transfer,32300
2025-07-20,Snack J,Food,34000,2,C0337,Yogyakarta,10,E-Wallet,61200
2025-07-20,Lamp M,Home,294000,1,C1720,Jakarta,10,COD,264600
2025-07-20,Chair N,Home,898000,2,C1331,Yogyakarta,15,E-Wallet,1526600
2025-07-20,Snack J,Food,35000,3,C2380,Bandung,15,Bank Transfer,89250
2025-07-20,Table O,Home,1408000,5,C0604,Surabaya,10,Bank Transfer,6336000
2025-07-20,Coffee I,Food,74000,2,C0876,Jakarta,0,E-Wallet,148000
2025-07-20,Bag H,Fashion,439000,3,C1594,Yogyakarta,5,COD,1251150
2025-07-21,Headphone C,Electronics,761000,1,C1472,Bandung,10,COD,684900
2025-07-21,Snack J,Food,34000,1,C1650,Semarang,5,Credit Card,32300
2025-07-21,Jacket F,Fashion,522000,1,C1738,Solo,5,E-Wallet,495900
2025-07-21,Monitor D,Electronics,2476000,2,C2164,Jakarta,0,E-Wallet,4952000
2025-07-21,Snack J,Food,35000,1,C0004,Yogyakarta,0,Bank Transfer,35000
2025-07-21,Chair N,Home,857000,1,C0923,Bandung,10,E-Wallet,771300
2025-07-21,Smartphone B,Electronics,5138000,4,C2465,Bandung,5,Bank Transfer,19524400
2025-07-21,Shoes E,Fashion,680000,2,C0770,Solo,0,Credit Card,1360000
2025-07-21,Smartphone B,Electronics,4790000,1,C1652,Bandung,15,Credit Card,4071500
2025-07-21,Headphone C,Electronics,731000,1,C1131,Solo,10,Credit Card,657900
2025-07-22,Table O,Home,1447000,1,C2450,Solo,15,Credit Card,1229950
2025-07-22,Table O,Home,1564000,2,C2475,Jakarta,15,Credit Card,2658800
2025-07-22,Coffee I,Food,76000,1,C1660,Semarang,15,E-Wallet,64600
2025-07-22,Tea K,Food,50000,2,C1211,Malang,0,Bank Transfer,100000
2025-07-22,Coffee I,Food,72000,3,C0749,Jakarta,5,Bank Transfer,205200
2025-07-22,Bag H,Fashion,443000,2,C1727,Bandung,0,Bank Transfer,886000
2025-07-22,Coffee I,Food,75000,2,C0693,Surabaya,0,Credit Card,150000
2025-07-22,Bag H,Fashion,471000,4,C0706,Jakarta,5,Bank Transfer,1789800
2025-07-22,Headphone C,Electronics,793000,2,C1247,Jakarta,10,Bank Transfer,1427400
2025-07-22,Coffee I,Food,82000,3,C1367,Malang,0,E-Wallet,246000
2025-07-22,Smartphone B,Electronics,5132000,1,C0226,Yogyakarta,20,E-Wallet,4105600
2025-07-22,Tea K,Food,50000,1,C0544,Surabaya,0,Bank Transfer,50000
2025-07-22,Laptop A,Electronics,8612000,1,C1758,Surabaya,0,Credit Card,8612000
2025-07-22,Chocolate L,Food,55000,1,C1108,Bandung,0,E-Wallet,55000
2025-07-22,Shoes E,Fashion,664000,2,C2282,Malang,10,Bank Transfer,1195200
2025-07-22,Coffee I,Food,77000,2,C1842,Solo,10,COD,138600
2025-07-23,Shoes E,Fashion,592000,2,C1874,Yogyakarta,5,E-Wallet,1124800
2025-07-23,Laptop A,Electronics,8833000,1,C2247,Semarang,10,Credit Card,7949700
2025-07-23,Shoes E,Fashion,659000,1,C0634,Jakarta,15,E-Wallet,560150
2025-07-23,Monitor D,Electronics,2181000,4,C1796,Malang,15,E-Wallet,7415400
2025-07-23,Headphone C,Electronics,757000,3,C1181,Malang,10,Credit Card,2043900
2025-07-23,Laptop A,Electronics,8273000,1,C2296,Surabaya,10,Bank Transfer,7445700
2025-07-23,Bag H,Fashion,464000,1,C1966,Yogyakarta,10,Bank Transfer,417600
2025-07-23,Smartphone B,Electronics,5177000,1,C1084,Jakarta,5,E-Wallet,4918150
2025-07-23,Coffee I,Food,71000,4,C2189,Jakarta,15,Credit Card,241400
2025-07-23,Table O,Home,1491000,1,C0242,Malang,20,Credit Card,1192800
2025-07-23,Laptop A,Electronics,8354000,1,C1492,Bandung,5,E-Wallet,7936300
2025-07-23,Chair N,Home,879000,2,C1607,Jakarta,5,E-Wallet,1670100
2025-07-23,Jacket F,Fashion,532000,1,C0450,Semarang,5,E-Wallet,505400
2025-07-24,T-Shirt G,Fashion,250000,2,C2060,Malang,0,Bank Transfer,500000
2025-07-24,Chocolate L,Food,62000,3,C1057,Bandung,10,E-Wallet,167400
2025-07-24,Headphone C,Electronics,720000,1,C1389,Malang,10,E-Wallet,648000
2025-07-24,Chair N,Home,990000,2,C0680,Jakarta,0,Credit Card,1980000
2025-07-24,T-Shirt G,Fashion,255000,2,C0963,Bandung,0,E-Wallet,510000
2025-07-24,Bag H,Fashion,433000,1,C0723,Semarang,10,Credit Card,389700
2025-07-24,Tea K,Food,52000,2,C0927,Semarang,0,Credit Card,104000
2025-07-24,Bag H,Fashion,438000,2,C1083,Jakarta,0,E-Wallet,876000
2025-07-24,Lamp M,Home,310000,2,C2330,Yogyakarta,0,COD,620000
2025-07-24,Jacket F,Fashion,572000,1,C2465,Surabaya,5,Bank Transfer,543400
2025-07-24,Coffee I,Food,72000,2,C0721,Jakarta,15,Bank Transfer,122400
2025-07-24,Shoes E,Fashion,647000,1,C0961,Yogyakarta,10,COD,582300
2025-07-24,Monitor D,Electronics,2456000,2,C2183,Jakarta,5,Credit Card,4666400
2025-07-24,Headphone C,Electronics,724000,2,C0790,Yogyakarta,10,Credit Card,1303200
2025-07-24,Smartphone B,Electronics,4818000,2,C0976,Surabaya,5,E-Wallet,9154200
2025-07-25,Pillow P,Home,181000,2,C0659,Solo,10,E-Wallet,325800
2025-07-25,Chocolate L,Food,60000,4,C2152,Jakarta,0,E-Wallet,240000
2025-07-25,Shoes E,Fashion,647000,1,C1433,Bandung,5,E-Wallet,614650
2025-07-25,Lamp M,Home,304000,1,C1158,Bandung,5,E-Wallet,288800
2025-07-25,Coffee I,Food,76000,1,C0804,Surabaya,15,E-Wallet,64600
2025-07-25,Chair N,Home,905000,1,C2119,Semarang,15,Bank Transfer,769250
2025-07-25,Snack J,Food,36000,4,C1511,Surabaya,0,E-Wallet,144000
2025-07-25,Snack J,Food,34000,1,C1724,Malang,0,E-Wallet,34000
2025-07-25,Bag H,Fashion,473000,1,C0458,Jakarta,15,Bank Transfer,402050
2025-07-25,Laptop A,Electronics,8067000,4,C2270,Bandung,15,E-Wallet,27427800
2025-07-25,Headphone C,Electronics,747000,5,C1585,Solo,15,COD,3174750
2025-07-25,Chocolate L,Food,60000,4,C0841,Malang,15,Bank Transfer,204000
2025-07-25,Smartphone B,Electronics,5155000,2,C0768,Surabaya,0,E-Wallet,10310000
2025-07-25,Snack J,Food,37000,4,C2470,Solo,5,Bank Transfer,140600
2025-07-25,Shoes E,Fashion,618000,1,C0568,Surabaya,5,E-Wallet,587100
2025-07-25,T-Shirt G,Fashion,253000,2,C1391,Malang,5,Credit Card,480700
2025-07-25,Monitor D,Electronics,2425000,3,C0891,Malang,10,Bank Transfer,6547500
2025-07-25,T-Shirt G,Fashion,243000,1,C2269,Semarang,10,E-Wallet,218700
2025-07-26,Tea K,Food,53000,1,C0588,Surabaya,0,Credit Card,53000
2025-07-26,Coffee I,Food,72000,3,C2019,Jakarta,5,E-Wallet,205200
2025-07-26,Pillow P,Home,189000,1,C1853,Semarang,5,COD,179550
2025-07-26,Shoes E,Fashion,681000,1,C1822,Semarang,5,COD,646950
2025-07-26,Jacket F,Fashion,537000,1,C2340,Jakarta,5,E-Wallet,510150
2025-07-26,Lamp M,Home,316000,1,C1390,Bandung,0,Credit Card,316000
2025-07-26,Chair N,Home,952000,5,C2370,Jakarta,10,COD,4284000
2025-07-26,Laptop A,Electronics,8456000,3,C0328,Solo,5,COD,24099600
2025-07-26,Lamp M,Home,300000,1,C0845,Malang,15,Bank Transfer,255000
2025-07-26,Snack J,Food,33000,2,C0996,Solo,0,Bank Transfer,66000
2025-07-26,Lamp M,Home,314000,1,C1655,Solo,0,E-Wallet,314000
2025-07-26,Jacket F,Fashion,567000,2,C1504,Jakarta,15,E-Wallet,963900
2025-07-26,Bag H,Fashion,457000,4,C0876,Yogyakarta,10,E-Wallet,1645200
2025-07-26,Coffee I,Food,79000,1,C2195,Jakarta,10,E-Wallet,71100
2025-07-26,Headphone C,Electronics,776000,2,C0930,Semarang,0,COD,1552000
2025-07-26,Laptop A,Electronics,8398000,2,C0937,Malang,15,Bank Transfer,14276600
2025-07-26,Bag H,Fashion,448000,1,C1451,Malang,5,Bank Transfer,425600
2025-07-26,Shoes E,Fashion,605000,5,C0160,Semarang,10,Bank Transfer,2722500
2025-07-26,Lamp M,Home,306000,1,C1199,Solo,10,Credit Card,275400
2025-07-27,Chair N,Home,885000,1,C0647,Jakarta,5,Bank Transfer,840750
2025-07-27,Laptop A,Electronics,7960000,2,C0168,Surabaya,15,COD,13532000
2025-07-27,Table O,Home,1491000,1,C0299,Malang,0,Bank Transfer,1491000
2025-07-27,Laptop A,Electronics,8543000,4,C1825,Surabaya,0,Credit Card,34172000
2025-07-27,Pillow P,Home,182000,2,C2204,Solo,10,COD,327600
2025-07-27,Tea K,Food,53000,2,C1912,Jakarta,20,Bank Transfer,84800
2025-07-27,Table O,Home,1452000,1,C0696,Solo,0,Bank Transfer,1452000
2025-07-27,Smartphone B,Electronics,4722000,1,C2266,Semarang,20,COD,3777600
2025-07-27,Shoes E,Fashion,653000,3,C1968,Bandung,10,Credit Card,1763100
2025-07-27,Monitor D,Electronics,2629000,2,C1707,Surabaya,20,E-Wallet,4206400
2025-07-27,Shoes E,Fashion,628000,2,C1331,Malang,10,E-Wallet,1130400
2025-07-27,Shoes E,Fashion,630000,3,C0897,Surabaya,10,E-Wallet,1701000
2025-07-27,Headphone C,Electronics,741000,3,C1747,Jakarta,10,COD,2000700
2025-07-27,Table O,Home,1379000,2,C0375,Yogyakarta,0,Bank Transfer,2758000
2025-07-27,Bag H,Fashion,444000,1,C1840,Jakarta,15,COD,377400
2025-07-27,Shoes E,Fashion,673000,4,C0395,Bandung,15,Bank Transfer,2288200
2025-07-27,Monitor D,Electronics,2475000,1,C0197,Bandung,5,Credit Card,2351250
2025-07-27,Pillow P,Home,166000,2,C0515,Semarang,15,Bank Transfer,282200
2025-07-27,Jacket F,Fashion,572000,2,C1872,Surabaya,5,COD,1086800
2025-07-27,Headphone C,Electronics,736000,3,C1319,Semarang,15,Credit Card,1876800
2025-07-27,Lamp M,Home,308000,4,C1892,Surabaya,0,Credit Card,1232000
2025-07-28,Chocolate L,Food,56000,3,C2221,Yogyakarta,15,COD,142800
2025-07-28,Monitor D,Electronics,2413000,1,C1572,Malang,20,Credit Card,1930400
2025-07-28,Bag H,Fashion,447000,2,C1282,Bandung,5,Bank Transfer,849300
2025-07-28,Chocolate L,Food,59000,1,C0037,Semarang,0,Credit Card,59000
2025-07-28,Smartphone B,Electronics,4562000,1,C0347,Solo,20,Credit Card,3649600
2025-07-28,Snack J,Food,36000,1,C1515,Solo,10,Bank Transfer,32400
2025-07-28,Chocolate L,Food,57000,1,C1609,Semarang,5,E-Wallet,54150
2025-07-28,Pillow P,Home,175000,5,C1931,Surabaya,20,E-Wallet,700000
2025-07-28,Smartphone B,Electronics,4707000,2,C2274,Bandung,0,Bank Transfer,9414000
2025-07-28,Pillow P,Home,191000,1,C1102,Jakarta,0,E-Wallet,191000
2025-07-28,Tea K,Food,49000,1,C0738,Bandung,10,E-Wallet,44100
2025-07-28,Headphone C,Electronics,753000,1,C1702,Yogyakarta,10,Bank Transfer,677700
2025-07-28,Smartphone B,Electronics,4953000,1,C1592,Jakarta,5,Credit Card,4705350
2025-07-28,Smartphone B,Electronics,4630000,1,C1143,Bandung,15,E-Wallet,3935500
2025-07-28,Jacket F,Fashion,555000,1,C0959,Jakarta,10,COD,499500
2025-07-28,Smartphone B,Electronics,5115000,1,C2210,Yogyakarta,0,Credit Card,5115000
2025-07-28,Smartphone B,Electronics,4886000,1,C0876,Jakarta,15,Credit Card,4153100
2025-07-28,Monitor D,Electronics,2429000,3,C0822,Yogyakarta,10,Bank Transfer,6558300
2025-07-28,Monitor D,Electronics,2599000,1,C1874,Bandung,5,COD,2469050
2025-07-29,Snack J,Food,34000,2,C1411,Surabaya,15,Credit Card,57800
2025-07-29,Monitor D,Electronics,2511000,2,C1371,Semarang,0,E-Wallet,5022000
2025-07-29,Smartphone B,Electronics,4707000,2,C0519,Solo,10,Bank Transfer,8472600
2025-07-29,Lamp M,Home,300000,5,C2142,Yogyakarta,15,E-Wallet,1275000
2025-07-29,T-Shirt G,Fashion,233000,3,C1451,Bandung,15,COD,594150
2025-07-29,Laptop A,Electronics,8616000,3,C1695,Bandung,15,E-Wallet,21970800
2025-07-29,Coffee I,Food,74000,1,C1620,Jakarta,0,E-Wallet,74000
2025-07-29,Jacket F,Fashion,557000,2,C1595,Malang,10,E-Wallet,1002600
2025-07-29,Shoes E,Fashion,634000,2,C0451,Surabaya,0,Credit Card,1268000
2025-07-29,Monitor D,Electronics,2408000,3,C2243,Surabaya,5,COD,6862800
2025-07-29,Coffee I,Food,77000,1,C2065,Surabaya,5,Credit Card,73150
2025-07-29,Coffee I,Food,75000,1,C1811,Solo,10,Bank Transfer,67500
2025-07-29,Coffee I,Food,75000,4,C0373,Yogyakarta,5,Credit Card,285000
2025-07-29,Smartphone B,Electronics,4876000,3,C0864,Malang,15,E-Wallet,12433800
2025-07-29,Pillow P,Home,195000,4,C1092,Jakarta,10,COD,702000
2025-07-29,Lamp M,Home,302000,1,C1472,Semarang,5,Bank Transfer,286900
2025-07-29,Tea K,Food,49000,1,C1338,Bandung,10,Credit Card,44100
2025-07-30,Monitor D,Electronics,2536000,1,C0761,Surabaya,0,Credit Card,2536000
2025-07-30,Table O,Home,1565000,1,C2187,Surabaya,10,E-Wallet,1408500
2025-07-30,Pillow P,Home,181000,4,C0760,Jakarta,0,Bank Transfer,724000
2025-07-30,Tea K,Food,50000,5,C2399,Malang,0,COD,250000
2025-07-30,Snack J,Food,36000,1,C1121,Malang,5,E-Wallet,34200
2025-07-30,Tea K,Food,50000,1,C0301,Bandung,0,E-Wallet,50000
2025-07-30,Snack J,Food,38000,3,C0888,Surabaya,10,Credit Card,102600
2025-07-30,Bag H,Fashion,439000,2,C2185,Yogyakarta,5,Credit Card,834100
2025-07-30,Chocolate L,Food,61000,3,C0463,Surabaya,0,Credit Card,183000
2025-07-30,Pillow P,Home,179000,4,C1845,Malang,0,Credit Card,716000
2025-07-30,Lamp M,Home,284000,3,C0922,Surabaya,20,E-Wallet,681600
2025-07-30,Chocolate L,Food,57000,1,C1531,Yogyakarta,20,E-Wallet,45600
2025-07-30,Laptop A,Electronics,8287000,1,C2334,Surabaya,20,COD,6629600
2025-07-30,Table O,Home,1400000,3,C2382,Jakarta,0,E-Wallet,4200000
2025-07-30,Lamp M,Home,315000,2,C1960,Bandung,5,E-Wallet,598500
2025-07-30,Lamp M,Home,285000,1,C2185,Yogyakarta,0,E-Wallet,285000
2025-07-30,Lamp M,Home,321000,3,C1461,Bandung,5,Bank Transfer,914850
2025-07-30,T-Shirt G,Fashion,260000,1,C1567,Surabaya,0,Bank Transfer,260000
2025-07-30,Laptop A,Electronics,9020000,4,C2123,Yogyakarta,10,E-Wallet,32472000
2025-07-30,Lamp M,Home,288000,1,C2251,Yogyakarta,20,COD,230400
2025-07-30,T-Shirt G,Fashion,263000,2,C0726,Bandung,5,Bank Transfer,499700
2025-07-31,Headphone C,Electronics,739000,1,C1803,Surabaya,20,E-Wallet,591200
2025-07-31,Headphone C,Electronics,739000,2,C1625,Jakarta,15,E-Wallet,1256300
2025-07-31,Bag H,Fashion,450000,1,C0554,Bandung,10,Credit Card,405000
2025-07-31,Jacket F,Fashion,571000,1,C1872,Semarang,0,COD,571000
2025-07-31,T-Shirt G,Fashion,253000,1,C0519,Bandung,20,Bank Transfer,202400
2025-07-31,Bag H,Fashion,423000,2,C2439,Malang,0,E-Wallet,846000
2025-07-31,Monitor D,Electronics,2511000,2,C0863,Semarang,10,E-Wallet,4519800
2025-07-31,Laptop A,Electronics,8532000,3,C0009,Yogyakarta,15,E-Wallet,21756600
2025-07-31,Pillow P,Home,185000,2,C0676,Malang,5,E-Wallet,351500
2025-07-31,Snack J,Food,37000,1,C0471,Semarang,0,COD,37000
2025-07-31,Chair N,Home,911000,2,C2298,Surabaya,10,E-Wallet,1639800
2025-07-31,Snack J,Food,36000,4,C0121,Jakarta,5,E-Wallet,136800
2025-07-31,Table O,Home,1526000,4,C2352,Bandung,0,E-Wallet,6104000
2025-07-31,Smartphone B,Electronics,4894000,1,C0520,Yogyakarta,10,Credit Card,4404600
2025-07-31,T-Shirt G,Fashion,253000,2,C1087,Bandung,15,Bank Transfer,430100
2025-07-31,Monitor D,Electronics,2617000,2,C0275,Malang,10,E-Wallet,4710600
2025-07-31,Chocolate L,Food,64000,1,C2243,Malang,0,Credit Card,64000
2025-07-31,Tea K,Food,48000,1,C1352,Bandung,0,E-Wallet,48000
2025-07-31,Headphone C,Electronics,742000,1,C1384,Yogyakarta,15,E-Wallet,630700
2025-07-31,Tea K,Food,51000,1,C1803,Jakarta,0,Bank Transfer,51000
2025-07-31,Coffee I,Food,76000,1,C1914,Bandung,10,E-Wallet,68400
2025-07-31,Headphone C,Electronics,751000,1,C0675,Yogyakarta,10,E-Wallet,675900
2025-07-31,Monitor D,Electronics,2380000,3,C2425,Bandung,0,Bank Transfer,7140000
2025-07-31,Chocolate L,Food,56000,1,C0498,Malang,5,E-Wallet,53200
2025-07-31,Coffee I,Food,75000,3,C0365,Solo,15,E-Wallet,191250
2025-08-01,Jacket F,Fashion,557000,2,C0165,Surabaya,5,Credit Card,1058300
2025-08-01,Laptop A,Electronics,8153000,1,C1224,Solo,10,Bank Transfer,7337700
2025-08-01,Monitor D,Electronics,2247000,4,C1859,Bandung,0,E-Wallet,8988000
2025-08-01,Table O,Home,1546000,1,C0442,Surabaya,0,E-Wallet,1546000
2025-08-01,Headphone C,Electronics,749000,3,C1577,Semarang,0,E-Wallet,2247000
2025-08-01,Shoes E,Fashion,624000,3,C2430,Bandung,5,E-Wallet,1778400
2025-08-01,Chocolate L,Food,63000,1,C1450,Surabaya,0,E-Wallet,63000
2025-08-01,Laptop A,Electronics,8888000,2,C0887,Surabaya,5,Bank Transfer,16887200
2025-08-01,Laptop A,Electronics,8317000,1,C0515,Jakarta,5,Credit Card,7901150
2025-08-01,Monitor D,Electronics,2546000,1,C0758,Surabaya,5,E-Wallet,2418700
2025-08-01,Chocolate L,Food,59000,1,C2166,Semarang,5,E-Wallet,56050
2025-08-01,T-Shirt G,Fashion,254000,1,C0826,Jakarta,0,E-Wallet,254000
2025-08-01,Bag H,Fashion,446000,1,C0825,Surabaya,10,E-Wallet,401400
2025-08-01,Bag H,Fashion,465000,1,C1298,Semarang,5,COD,441750
2025-08-01,Smartphone B,Electronics,4980000,4,C2109,Jakarta,10,COD,17928000
2025-08-01,Pillow P,Home,171000,2,C2027,Surabaya,10,COD,307800
2025-08-01,Pillow P,Home,183000,1,C1155,Jakarta,0,Bank Transfer,183000
2025-08-01,Snack J,Food,35000,1,C0406,Jakarta,0,Bank Transfer,35000
2025-08-01,Tea K,Food,49000,1,C1232,Solo,5,E-Wallet,46550
2025-08-01,Headphone C,Electronics,712000,4,C1614,Semarang,0,Bank Transfer,2848000
2025-08-01,Shoes E,Fashion,651000,4,C1061,Jakarta,10,E-Wallet,2343600
2025-08-01,Chair N,Home,850000,1,C2354,Yogyakarta,10,Credit Card,765000
2025-08-01,Monitor D,Electronics,2392000,1,C0062,Yogyakarta,5,E-Wallet,2272400
2025-08-02,Headphone C,Electronics,742000,1,C0437,Jakarta,15,E-Wallet,630700
2025-08-02,Tea K,Food,50000,1,C0392,Surabaya,15,Credit Card,42500
2025-08-02,T-Shirt G,Fashion,236000,5,C0212,Bandung,0,Credit Card,1180000
2025-08-02,Chair N,Home,885000,2,C1408,Solo,5,Credit Card,1681500
2025-08-02,Jacket F,Fashion,580000,2,C1845,Bandung,10,E-Wallet,1044000
2025-08-02,Headphone C,Electronics,696000,1,C2135,Surabaya,10,Credit Card,626400
2025-08-02,Headphone C,Electronics,748000,1,C1342,Jakarta,10,Credit Card,673200
2025-08-02,Snack J,Food,36000,2,C0783,Yogyakarta,10,E-Wallet,64800
2025-08-02,Shoes E,Fashion,666000,1,C1846,Surabaya,10,Credit Card,599400
2025-08-02,Lamp M,Home,317000,2,C1798,Jakarta,0,Credit Card,634000
2025-08-02,Jacket F,Fashion,576000,2,C1999,Semarang,0,E-Wallet,1152000
2025-08-02,Pillow P,Home,171000,1,C1295,Solo,0,Credit Card,171000
2025-08-02,T-Shirt G,Fashion,261000,2,C1070,Yogyakarta,15,E-Wallet,443700
2025-08-02,Snack J,Food,35000,1,C0991,Jakarta,10,Bank Transfer,31500
2025-08-02,Laptop A,Electronics,8964000,4,C0967,Semarang,10,COD,32270400
2025-08-02,Bag H,Fashion,467000,1,C2064,Malang,0,Bank Transfer,467000
2025-08-03,Shoes E,Fashion,674000,2,C1998,Bandung,0,Credit Card,1348000
2025-08-03,Tea K,Food,48000,2,C2339,Jakarta,10,Credit Card,86400
2025-08-03,T-Shirt G,Fashion,254000,1,C2042,Surabaya,20,COD,203200
2025-08-03,Headphone C,Electronics,695000,2,C1551,Yogyakarta,5,Credit Card,1320500
2025-08-03,T-Shirt G,Fashion,257000,5,C0835,Malang,0,E-Wallet,1285000
2025-08-03,T-Shirt G,Fashion,261000,4,C0936,Surabaya,20,Credit Card,835200
2025-08-03,Chair N,Home,915000,4,C2429,Surabaya,10,E-Wallet,3294000
2025-08-03,Monitor D,Electronics,2659000,1,C0828,Jakarta,5,Bank Transfer,2526050
2025-08-03,T-Shirt G,Fashion,254000,2,C1340,Jakarta,0,COD,508000
2025-08-03,Smartphone B,Electronics,4917000,5,C0639,Surabaya,0,Credit Card,24585000
2025-08-03,Coffee I,Food,73000,3,C2037,Surabaya,10,E-Wallet,197100
2025-08-03,T-Shirt G,Fashion,247000,2,C1406,Semarang,10,Bank Transfer,444600
2025-08-03,T-Shirt G,Fashion,243000,2,C0871,Jakarta,10,Bank Transfer,437400
2025-08-03,Laptop A,Electronics,8364000,2,C0446,Jakarta,0,E-Wallet,16728000
2025-08-03,Headphone C,Electronics,815000,4,C1901,Solo,20,Credit Card,2608000
2025-08-03,Shoes E,Fashion,693000,1,C0924,Surabaya,10,E-Wallet,623700
2025-08-03,Tea K,Food,53000,1,C2498,Solo,0,E-Wallet,53000
2025-08-04,Chocolate L,Food,59000,1,C2078,Yogyakarta,5,COD,56050
2025-08-04,Chocolate L,Food,59000,1,C2207,Jakarta,10,E-Wallet,53100
2025-08-04,Tea K,Food,48000,1,C0846,Surabaya,0,COD,48000
2025-08-04,Bag H,Fashion,482000,1,C0240,Jakarta,5,E-Wallet,457900
2025-08-04,Laptop A,Electronics,8274000,1,C1234,Malang,0,Bank Transfer,8274000
2025-08-04,Jacket F,Fashion,565000,1,C0961,Surabaya,0,E-Wallet,565000
2025-08-04,Snack J,Food,39000,1,C1405,Solo,0,Bank Transfer,39000
2025-08-04,Lamp M,Home,289000,2,C2322,Jakarta,10,E-Wallet,520200
2025-08-04,Jacket F,Fashion,551000,2,C2231,Yogyakarta,0,COD,1102000
2025-08-04,Shoes E,Fashion,635000,1,C1084,Bandung,0,E-Wallet,635000
2025-08-04,Coffee I,Food,77000,2,C0031,Jakarta,10,E-Wallet,138600
2025-08-04,Bag H,Fashion,436000,5,C1311,Malang,0,E-Wallet,2180000
2025-08-04,Chair N,Home,861000,1,C0860,Jakarta,10,Credit Card,774900
2025-08-04,Jacket F,Fashion,581000,2,C0254,Yogyakarta,5,Bank Transfer,1103900
2025-08-04,Lamp M,Home,311000,1,C0973,Surabaya,5,E-Wallet,295450
2025-08-04,Coffee I,Food,75000,3,C0296,Semarang,0,Credit Card,225000
2025-08-04,Snack J,Food,35000,2,C0534,Solo,10,COD,63000
2025-08-04,Pillow P,Home,184000,2,C0641,Yogyakarta,0,Credit Card,368000
2025-08-05,Coffee I,Food,74000,1,C1948,Malang,0,E-Wallet,74000
2025-08-05,Headphone C,Electronics,724000,4,C2132,Malang,10,E-Wallet,2606400
2025-08-05,Monitor D,Electronics,2395000,3,C2115,Solo,5,Credit Card,6825750
2025-08-05,T-Shirt G,Fashion,258000,1,C1930,Malang,10,COD,232200
2025-08-05,Snack J,Food,35000,1,C0913,Semarang,15,Credit Card,29750
2025-08-05,Smartphone B,Electronics,5111000,1,C1242,Bandung,0,E-Wallet,5111000
2025-08-05,Bag H,Fashion,420000,1,C0886,Yogyakarta,5,Bank Transfer,399000
2025-08-05,Laptop A,Electronics,8311000,2,C2236,Malang,10,Credit Card,14959800
2025-08-05,Monitor D,Electronics,2617000,4,C1019,Surabaya,0,Credit Card,10468000
2025-08-05,Headphone C,Electronics,715000,1,C1603,Bandung,10,E-Wallet,643500
2025-08-05,Chair N,Home,951000,2,C2054,Yogyakarta,5,Bank Transfer,1806900
2025-08-05,Coffee I,Food,75000,2,C0411,Surabaya,10,E-Wallet,135000
2025-08-05,Shoes E,Fashion,647000,2,C2100,Malang,0,Bank Transfer,1294000
2025-08-05,Laptop A,Electronics,9078000,1,C0459,Yogyakarta,0,Credit Card,9078000
2025-08-05,Monitor D,Electronics,2700000,4,C0739,Surabaya,0,E-Wallet,10800000
2025-08-05,Tea K,Food,48000,3,C1301,Semarang,10,Bank Transfer,129600
2025-08-05,Headphone C,Electronics,719000,2,C1389,Semarang,15,E-Wallet,1222300
2025-08-06,Table O,Home,1513000,1,C0652,Semarang,0,E-Wallet,1513000
2025-08-06,Chocolate L,Food,56000,3,C0129,Yogyakarta,15,Bank Transfer,142800
2025-08-06,Laptop A,Electronics,8077000,1,C2202,Malang,5,E-Wallet,7673150
2025-08-06,Laptop A,Electronics,8533000,1,C0311,Surabaya,5,E-Wallet,8106350
2025-08-06,Smartphone B,Electronics,4873000,1,C0660,Yogyakarta,15,Bank Transfer,4142050
2025-08-06,Lamp M,Home,297000,2,C0791,Bandung,5,E-Wallet,564300
2025-08-06,Table O,Home,1515000,3,C1135,Semarang,0,E-Wallet,4545000
2025-08-06,Smartphone B,Electronics,4824000,1,C1832,Malang,10,COD,4341600
2025-08-06,Coffee I,Food,77000,1,C1944,Malang,5,E-Wallet,73150
2025-08-06,Monitor D,Electronics,2605000,2,C1048,Yogyakarta,10,COD,4689000
2025-08-06,Bag H,Fashion,451000,1,C1359,Surabaya,15,E-Wallet,383350
2025-08-06,T-Shirt G,Fashion,269000,1,C1601,Bandung,0,Bank Transfer,269000
2025-08-06,Snack J,Food,36000,1,C0454,Solo,0,E-Wallet,36000
2025-08-06,Lamp M,Home,307000,1,C0596,Jakarta,0,E-Wallet,307000
2025-08-06,Chocolate L,Food,63000,3,C2012,Jakarta,15,Bank Transfer,160650
2025-08-06,Headphone C,Electronics,717000,2,C1122,Yogyakarta,0,COD,1434000
2025-08-06,Snack J,Food,34000,4,C0320,Yogyakarta,10,Bank Transfer,122400
2025-08-06,Headphone C,Electronics,785000,1,C0426,Malang,0,Bank Transfer,785000
2025-08-07,Tea K,Food,49000,3,C0087,Bandung,0,Bank Transfer,147000
2025-08-07,Monitor D,Electronics,2416000,1,C0246,Bandung,20,Credit Card,1932800
2025-08-07,Shoes E,Fashion,644000,1,C1926,Surabaya,15,Credit Card,547400
2025-08-07,Snack J,Food,35000,2,C1605,Malang,15,Bank Transfer,59500
2025-08-07,Snack J,Food,35000,2,C2033,Yogyakarta,0,Bank Transfer,70000
2025-08-07,Laptop A,Electronics,7997000,2,C1287,Semarang,10,Credit Card,14394600
2025-08-07,Chair N,Home,881000,3,C2280,Surabaya,5,COD,2510850
2025-08-07,Snack J,Food,32000,1,C1929,Bandung,0,Bank Transfer,32000
2025-08-07,T-Shirt G,Fashion,234000,2,C1839,Malang,0,Credit Card,468000
2025-08-07,T-Shirt G,Fashion,228000,1,C0635,Semarang,0,E-Wallet,228000
2025-08-07,T-Shirt G,Fashion,249000,3,C1729,Bandung,10,Bank Transfer,672300
2025-08-07,Coffee I,Food,80000,1,C2279,Malang,10,COD,72000
2025-08-08,T-Shirt G,Fashion,244000,1,C1655,Semarang,10,Bank Transfer,219600
2025-08-08,T-Shirt G,Fashion,257000,1,C1664,Semarang,0,Bank Transfer,257000
2025-08-08,Smartphone B,Electronics,5196000,2,C0493,Solo,0,COD,10392000
2025-08-08,Laptop A,Electronics,8465000,2,C1272,Bandung,5,E-Wallet,16083500
2025-08-08,Headphone C,Electronics,720000,2,C0531,Semarang,0,Credit Card,1440000
2025-08-08,Headphone C,Electronics,731000,1,C0052,Surabaya,0,E-Wallet,731000
2025-08-08,Lamp M,Home,296000,1,C1526,Semarang,15,E-Wallet,251600
2025-08-08,Snack J,Food,35000,3,C0557,Semarang,10,COD,94500
2025-08-08,Lamp M,Home,310000,1,C2372,Solo,0,Bank Transfer,310000
2025-08-08,Shoes E,Fashion,633000,4,C0659,Yogyakarta,0,E-Wallet,2532000
2025-08-08,Smartphone B,Electronics,5325000,1,C0046,Malang,5,Bank Transfer,5058750
2025-08-08,Table O,Home,1343000,3,C1855,Jakarta,0,Credit Card,4029000
2025-08-08,Tea K,Food,45000,2,C1974,Yogyakarta,5,Credit Card,85500
2025-08-08,Chair N,Home,908000,3,C1752,Jakarta,5,E-Wallet,2587800
2025-08-08,Chair N,Home,919000,2,C1265,Solo,10,Bank Transfer,1654200
2025-08-08,Chair N,Home,860000,2,C0548,Jakarta,10,Bank Transfer,1548000
2025-08-08,Bag H,Fashion,454000,4,C1021,Bandung,10,E-Wallet,1634400
2025-08-08,Snack J,Food,36000,3,C1670,Jakarta,10,Credit Card,97200
2025-08-08,Smartphone B,Electronics,4765000,1,C2304,Bandung,0,COD,4765000
2025-08-08,Pillow P,Home,180000,2,C2229,Semarang,5,Credit Card,342000
2025-08-08,Laptop A,Electronics,8339000,2,C1296,Jakarta,15,Bank Transfer,14176300
2025-08-08,Pillow P,Home,187000,3,C1013,Solo,15,COD,476850
2025-08-09,Lamp M,Home,312000,1,C1901,Bandung,15,E-Wallet,265200
2025-08-09,Headphone C,Electronics,728000,1,C1811,Jakarta,10,Credit Card,655200
2025-08-09,Laptop A,Electronics,8188000,3,C1195,Solo,20,COD,19651200
2025-08-09,Monitor D,Electronics,2393000,3,C1206,Semarang,20,Bank Transfer,5743200
2025-08-09,Jacket F,Fashion,521000,1,C1418,Yogyakarta,5,E-Wallet,494950
2025-08-09,Smartphone B,Electronics,5401000,1,C0020,Yogyakarta,0,E-Wallet,5401000
2025-08-09,Snack J,Food,36000,2,C2452,Surabaya,5,E-Wallet,68400
2025-08-09,T-Shirt G,Fashion,258000,4,C0405,Malang,5,Credit Card,980400
2025-08-09,Snack J,Food,36000,1,C1835,Malang,15,Credit Card,30600
2025-08-09,T-Shirt G,Fashion,257000,1,C0130,Jakarta,15,COD,218450
2025-08-09,Monitor D,Electronics,2596000,3,C0166,Jakarta,0,E-Wallet,7788000
2025-08-09,Laptop A,Electronics,8326000,2,C1653,Yogyakarta,10,Credit Card,14986800
2025-08-09,Laptop A,Electronics,8056000,2,C1576,Malang,5,COD,15306400
2025-08-09,Monitor D,Electronics,2428000,1,C1587,Solo,5,COD,2306600
2025-08-09,T-Shirt G,Fashion,233000,1,C0413,Jakarta,0,Bank Transfer,233000
2025-08-09,Headphone C,Electronics,777000,1,C2297,Yogyakarta,5,COD,738150
2025-08-09,Headphone C,Electronics,761000,3,C1685,Surabaya,20,Credit Card,1826400
2025-08-09,Snack J,Food,36000,1,C1212,Yogyakarta,15,Bank Transfer,30600
2025-08-09,Lamp M,Home,284000,3,C1527,Surabaya,10,E-Wallet,766800
2025-08-09,Shoes E,Fashion,663000,2,C1293,Surabaya,5,Bank Transfer,1259700
2025-08-09,Lamp M,Home,300000,1,C2252,Jakarta,20,COD,240000
2025-08-09,Chair N,Home,893000,2,C0917,Semarang,10,Bank Transfer,1607400
2025-08-09,Snack J,Food,35000,1,C1115,Bandung,0,E-Wallet,35000
2025-08-09,T-Shirt G,Fashion,244000,1,C0625,Semarang,0,Credit Card,244000
2025-08-09,Shoes E,Fashion,643000,1,C0784,Solo,5,Bank Transfer,610850
2025-08-09,Bag H,Fashion,413000,3,C2219,Surabaya,10,COD,1115100
2025-08-09,Chair N,Home,945000,2,C0975,Jakarta,0,E-Wallet,1890000
2025-08-09,Headphone C,Electronics,832000,1,C1368,Malang,15,E-Wallet,707200
2025-08-10,Chocolate L,Food,59000,3,C1874,Bandung,10,Credit Card,159300
2025-08-10,Pillow P,Home,169000,2,C1275,Solo,0,E-Wallet,338000
2025-08-10,Monitor D,Electronics,2513000,2,C1548,Yogyakarta,15,COD,4272100
2025-08-10,Tea K,Food,52000,2,C1477,Surabaya,20,E-Wallet,83200
2025-08-10,Coffee I,Food,76000,2,C1842,Malang,5,Bank Transfer,144400
2025-08-10,Coffee I,Food,76000,3,C0245,Malang,5,E-Wallet,216600
2025-08-10,Chocolate L,Food,58000,1,C2435,Yogyakarta,0,Credit Card,58000
2025-08-10,Tea K,Food,49000,1,C1306,Surabaya,5,E-Wallet,46550
2025-08-10,Bag H,Fashion,453000,1,C0670,Malang,5,Credit Card,430350
2025-08-10,Snack J,Food,37000,4,C1988,Jakarta,10,E-Wallet,133200
2025-08-10,Bag H,Fashion,462000,1,C0806,Malang,0,Bank Transfer,462000
2025-08-10,Chair N,Home,834000,1,C0899,Bandung,0,COD,834000
2025-08-11,Monitor D,Electronics,2651000,3,C0133,Malang,10,E-Wallet,7157700
2025-08-11,Bag H,Fashion,490000,2,C0813,Jakarta,10,COD,882000
2025-08-11,Smartphone B,Electronics,5226000,1,C2344,Solo,10,Bank Transfer,4703400
2025-08-11,Monitor D,Electronics,2580000,3,C0064,Jakarta,10,COD,6966000
2025-08-11,Coffee I,Food,72000,2,C1276,Malang,15,Bank Transfer,122400
2025-08-11,Smartphone B,Electronics,4975000,2,C1638,Bandung,5,Credit Card,9452500
2025-08-11,Jacket F,Fashion,549000,4,C2195,Surabaya,5,Bank Transfer,2086200
2025-08-11,T-Shirt G,Fashion,242000,3,C0470,Solo,5,E-Wallet,689700
2025-08-11,Bag H,Fashion,450000,3,C1749,Bandung,10,Credit Card,1215000
2025-08-11,Snack J,Food,35000,2,C1317,Bandung,15,Bank Transfer,59500
2025-08-11,Monitor D,Electronics,2483000,1,C1843,Jakarta,10,COD,2234700
2025-08-11,Chocolate L,Food,64000,3,C0273,Jakarta,15,E-Wallet,163200
2025-08-11,T-Shirt G,Fashion,256000,1,C0626,Surabaya,5,COD,243200
2025-08-11,Snack J,Food,33000,1,C0913,Jakarta,0,Bank Transfer,33000
2025-08-11,Smartphone B,Electronics,4821000,1,C2426,Jakarta,5,E-Wallet,4579950
2025-08-11,Pillow P,Home,173000,1,C1816,Semarang,15,COD,147050
2025-08-11,Coffee I,Food,72000,1,C2326,Yogyakarta,0,Credit Card,72000
2025-08-11,Smartphone B,Electronics,4564000,1,C0979,Yogyakarta,0,COD,4564000
2025-08-11,Shoes E,Fashion,668000,1,C1989,Malang,0,Bank Transfer,668000
2025-08-12,Laptop A,Electronics,8144000,2,C1906,Bandung,10,COD,14659200
2025-08-12,Shoes E,Fashion,665000,1,C1108,Surabaya,0,E-Wallet,665000
2025-08-12,Headphone C,Electronics,758000,3,C1417,Jakarta,15,COD,1932900
2025-08-12,Monitor D,Electronics,2451000,1,C0266,Jakarta,10,E-Wallet,2205900
2025-08-12,Tea K,Food,47000,1,C1587,Jakarta,5,E-Wallet,44650
2025-08-12,Laptop A,Electronics,9150000,1,C0706,Jakarta,15,Bank Transfer,7777500
2025-08-12,Headphone C,Electronics,776000,1,C2322,Jakarta,10,Bank Transfer,698400
2025-08-12,Laptop A,Electronics,8569000,3,C2265,Bandung,10,COD,23136300
2025-08-12,Jacket F,Fashion,564000,2,C1970,Bandung,5,E-Wallet,1071600
2025-08-12,Headphone C,Electronics,731000,1,C1444,Surabaya,10,Credit Card,657900
2025-08-12,Lamp M,Home,293000,4,C2384,Bandung,15,E-Wallet,996200
2025-08-12,Table O,Home,1483000,1,C2202,Jakarta,0,Bank Transfer,1483000
2025-08-12,Headphone C,Electronics,764000,1,C0569,Surabaya,0,E-Wallet,764000
2025-08-12,Jacket F,Fashion,535000,1,C0782,Solo,0,COD,535000
2025-08-12,Chair N,Home,934000,3,C2357,Solo,0,Credit Card,2802000
2025-08-12,Monitor D,Electronics,2484000,4,C1251,Bandung,20,Credit Card,7948800
2025-08-13,Chair N,Home,903000,3,C0693,Malang,5,E-Wallet,2573550
2025-08-13,Pillow P,Home,183000,2,C1819,Jakarta,0,E-Wallet,366000
2025-08-13,Lamp M,Home,277000,1,C2434,Surabaya,15,Credit Card,235450
2025-08-13,Shoes E,Fashion,650000,1,C0547,Surabaya,0,E-Wallet,650000
2025-08-13,Tea K,Food,50000,4,C1558,Bandung,0,Bank Transfer,200000
2025-08-13,Chair N,Home,875000,2,C0892,Solo,10,Bank Transfer,1575000
2025-08-13,Chocolate L,Food,64000,1,C1604,Jakarta,0,Bank Transfer,64000
2025-08-13,Bag H,Fashion,450000,2,C1237,Solo,5,COD,855000
2025-08-13,Smartphone B,Electronics,5281000,1,C2151,Solo,10,Credit Card,4752900
2025-08-13,Headphone C,Electronics,750000,1,C1113,Malang,0,Bank Transfer,750000
2025-08-13,Smartphone B,Electronics,5351000,1,C0466,Semarang,10,E-Wallet,4815900
2025-08-13,Coffee I,Food,76000,3,C0895,Solo,5,Credit Card,216600
2025-08-13,Chair N,Home,906000,1,C1760,Jakarta,0,E-Wallet,906000
2025-08-13,Jacket F,Fashion,521000,1,C0014,Malang,15,Credit Card,442850
2025-08-13,T-Shirt G,Fashion,236000,1,C2055,Bandung,10,Credit Card,212400
2025-08-13,Headphone C,Electronics,736000,1,C1049,Jakarta,15,E-Wallet,625600
2025-08-13,Tea K,Food,52000,3,C1849,Jakarta,0,E-Wallet,156000
2025-08-14,Monitor D,Electronics,2337000,1,C1144,Surabaya,10,COD,2103300
2025-08-14,Bag H,Fashion,430000,3,C0093,Yogyakarta,0,Credit Card,1290000
2025-08-14,Laptop A,Electronics,8192000,3,C1729,Semarang,10,Credit Card,22118400
2025-08-14,Headphone C,Electronics,692000,3,C1799,Yogyakarta,15,Bank Transfer,1764600
2025-08-14,Table O,Home,1501000,2,C0046,Yogyakarta,20,COD,2401600
2025-08-14,Chocolate L,Food,59000,2,C1284,Semarang,0,Bank Transfer,118000
2025-08-14,Monitor D,Electronics,2560000,1,C1110,Surabaya,10,E-Wallet,2304000
2025-08-14,Chocolate L,Food,62000,2,C0676,Yogyakarta,0,E-Wallet,124000
2025-08-14,Pillow P,Home,177000,3,C0828,Bandung,0,Bank Transfer,531000
2025-08-14,Headphone C,Electronics,741000,1,C1307,Bandung,0,E-Wallet,741000
2025-08-14,T-Shirt G,Fashion,248000,2,C1535,Surabaya,0,E-Wallet,496000
2025-08-14,Lamp M,Home,286000,2,C2396,Jakarta,5,COD,543400
2025-08-14,Chair N,Home,903000,1,C1790,Semarang,10,Bank Transfer,812700
2025-08-14,Shoes E,Fashion,648000,3,C2176,Surabaya,10,E-Wallet,1749600
2025-08-14,Coffee I,Food,75000,2,C0818,Malang,10,COD,135000
2025-08-14,Snack J,Food,35000,3,C0371,Malang,15,COD,89250
2025-08-14,Snack J,Food,34000,2,C0940,Bandung,0,E-Wallet,68000
2025-08-14,Smartphone B,Electronics,4604000,1,C1150,Solo,0,E-Wallet,4604000
2025-08-14,Snack J,Food,37000,3,C0585,Semarang,0,E-Wallet,111000
2025-08-15,Headphone C,Electronics,728000,1,C1308,Jakarta,15,E-Wallet,618800
2025-08-15,Lamp M,Home,288000,1,C0050,Bandung,5,Credit Card,273600
2025-08-15,Snack J,Food,35000,4,C1743,Bandung,0,Credit Card,140000
2025-08-15,T-Shirt G,Fashion,252000,2,C0542,Bandung,0,E-Wallet,504000
2025-08-15,Shoes E,Fashion,628000,5,C2370,Surabaya,15,Bank Transfer,2669000
2025-08-15,Shoes E,Fashion,647000,2,C0042,Solo,5,COD,1229300
2025-08-15,Pillow P,Home,188000,2,C1451,Yogyakarta,5,E-Wallet,357200
2025-08-15,T-Shirt G,Fashion,245000,3,C2404,Semarang,15,Credit Card,624750
2025-08-15,T-Shirt G,Fashion,247000,4,C1556,Yogyakarta,0,Credit Card,988000
2025-08-15,Table O,Home,1531000,1,C0018,Jakarta,10,Credit Card,1377900
2025-08-15,Pillow P,Home,191000,3,C2497,Malang,15,E-Wallet,487050
2025-08-15,Shoes E,Fashion,630000,1,C0454,Bandung,10,Bank Transfer,567000
2025-08-15,Monitor D,Electronics,2443000,4,C0643,Jakarta,20,Bank Transfer,7817600
2025-08-15,Tea K,Food,52000,1,C1082,Surabaya,5,Bank Transfer,49400
2025-08-15,Lamp M,Home,287000,1,C0438,Solo,5,Credit Card,272650
2025-08-15,Jacket F,Fashion,528000,3,C2267,Surabaya,15,COD,1346400
2025-08-15,Snack J,Food,34000,4,C1854,Bandung,10,E-Wallet,122400
2025-08-15,Chair N,Home,892000,3,C1105,Malang,20,Credit Card,2140800
2025-08-15,Tea K,Food,49000,1,C0346,Jakarta,10,Bank Transfer,44100
2025-08-15,Headphone C,Electronics,749000,1,C1147,Yogyakarta,0,Bank Transfer,749000
2025-08-15,Laptop A,Electronics,8649000,1,C0687,Bandung,0,COD,8649000
2025-08-15,Shoes E,Fashion,660000,2,C1123,Solo,0,Bank Transfer,1320000
2025-08-16,Monitor D,Electronics,2492000,3,C1712,Jakarta,0,COD,7476000
2025-08-16,Smartphone B,Electronics,4864000,1,C0568,Bandung,15,COD,4134400
2025-08-16,Smartphone B,Electronics,5207000,5,C0602,Jakarta,0,Credit Card,26035000
2025-08-16,Coffee I,Food,74000,1,C0678,Malang,15,E-Wallet,62900
2025-08-16,Pillow P,Home,189000,4,C1334,Jakarta,5,COD,718200
2025-08-16,Shoes E,Fashion,648000,1,C2387,Jakarta,10,Bank Transfer,583200
2025-08-16,Table O,Home,1594000,3,C1236,Bandung,20,COD,3825600
2025-08-16,Snack J,Food,33000,3,C1829,Semarang,0,E-Wallet,99000
2025-08-16,Jacket F,Fashion,554000,1,C0903,Yogyakarta,0,E-Wallet,554000
2025-08-16,Snack J,Food,37000,1,C0827,Yogyakarta,0,Credit Card,37000
2025-08-16,Bag H,Fashion,460000,2,C0900,Surabaya,0,Bank Transfer,920000
2025-08-16,Chocolate L,Food,59000,2,C0874,Yogyakarta,0,COD,118000
2025-08-16,Pillow P,Home,176000,3,C2296,Jakarta,5,E-Wallet,501600
2025-08-16,Jacket F,Fashion,518000,2,C0336,Jakarta,0,E-Wallet,1036000
2025-08-16,Coffee I,Food,68000,3,C0003,Malang,10,Bank Transfer,183600
2025-08-16,Jacket F,Fashion,564000,1,C0273,Surabaya,20,E-Wallet,451200
2025-08-16,Chair N,Home,924000,2,C1924,Jakarta,0,E-Wallet,1848000
2025-08-16,Chair N,Home,963000,2,C0896,Jakarta,0,Credit Card,1926000
2025-08-17,Shoes E,Fashion,619000,1,C2206,Malang,0,Bank Transfer,619000
2025-08-17,Bag H,Fashion,467000,3,C1231,Semarang,0,Credit Card,1401000
2025-08-17,Chocolate L,Food,60000,3,C2201,Solo,15,Bank Transfer,153000
2025-08-17,Coffee I,Food,76000,2,C0884,Surabaya,10,E-Wallet,136800
2025-08-17,Smartphone B,Electronics,4790000,2,C0865,Malang,15,Credit Card,8143000
2025-08-17,Monitor D,Electronics,2490000,1,C1321,Jakarta,10,COD,2241000
2025-08-17,Lamp M,Home,288000,3,C2368,Yogyakarta,15,Bank Transfer,734400
2025-08-17,Laptop A,Electronics,8382000,1,C1824,Bandung,10,E-Wallet,7543800
2025-08-17,Monitor D,Electronics,2466000,2,C0415,Surabaya,15,Credit Card,4192200
2025-08-17,Bag H,Fashion,441000,2,C0500,Surabaya,5,COD,837900
2025-08-17,Monitor D,Electronics,2589000,1,C1184,Jakarta,15,Bank Transfer,2200650
2025-08-17,Snack J,Food,35000,2,C0667,Semarang,10,Credit Card,63000
2025-08-17,Jacket F,Fashion,534000,2,C2026,Semarang,15,Bank Transfer,907800
2025-08-17,Chocolate L,Food,59000,2,C2063,Jakarta,5,COD,112100
2025-08-17,Jacket F,Fashion,581000,2,C0988,Malang,10,Credit Card,1045800
2025-08-17,Snack J,Food,38000,1,C2178,Solo,15,Credit Card,32300
2025-08-18,T-Shirt G,Fashion,249000,1,C2106,Semarang,0,E-Wallet,249000
2025-08-18,T-Shirt G,Fashion,249000,5,C1584,Malang,15,E-Wallet,1058250
2025-08-18,Snack J,Food,35000,1,C1207,Jakarta,5,E-Wallet,33250
2025-08-18,Chocolate L,Food,63000,1,C0050,Yogyakarta,0,E-Wallet,63000
2025-08-18,Shoes E,Fashion,688000,4,C1151,Semarang,0,E-Wallet,2752000
2025-08-18,Bag H,Fashion,436000,1,C1597,Malang,0,E-Wallet,436000
2025-08-18,Laptop A,Electronics,8666000,2,C0579,Surabaya,15,Credit Card,14732200
2025-08-18,Shoes E,Fashion,682000,2,C0688,Yogyakarta,10,Credit Card,1227600
2025-08-18,Jacket F,Fashion,537000,3,C1885,Yogyakarta,10,Bank Transfer,1449900
2025-08-18,Snack J,Food,36000,2,C1928,Jakarta,5,E-Wallet,68400
2025-08-18,Monitor D,Electronics,2454000,4,C0689,Semarang,0,E-Wallet,9816000
2025-08-18,Chocolate L,Food,57000,4,C0457,Solo,5,Bank Transfer,216600
2025-08-18,Shoes E,Fashion,645000,2,C0947,Bandung,10,COD,1161000
2025-08-18,Coffee I,Food,75000,4,C0332,Solo,15,Credit Card,255000
2025-08-19,Monitor D,Electronics,2420000,2,C0317,Yogyakarta,10,Credit Card,4356000
2025-08-19,Laptop A,Electronics,8533000,3,C1971,Semarang,15,E-Wallet,21759150
2025-08-19,Shoes E,Fashion,673000,1,C1164,Semarang,0,Bank Transfer,673000
2025-08-19,Lamp M,Home,280000,2,C0146,Jakarta,10,Credit Card,504000
2025-08-19,Lamp M,Home,301000,1,C0996,Malang,10,COD,270900
2025-08-19,Bag H,Fashion,463000,2,C2314,Surabaya,10,Credit Card,833400
2025-08-19,Lamp M,Home,279000,1,C1028,Jakarta,0,E-Wallet,279000
2025-08-19,Monitor D,Electronics,2400000,3,C0711,Bandung,0,Credit Card,7200000
2025-08-19,Shoes E,Fashion,644000,4,C1888,Jakarta,5,Bank Transfer,2447200
2025-08-19,Chair N,Home,885000,3,C1936,Semarang,15,E-Wallet,2256750
2025-08-19,Shoes E,Fashion,616000,3,C1814,Surabaya,0,COD,1848000
2025-08-19,Jacket F,Fashion,531000,1,C1008,Jakarta,5,Credit Card,504450
2025-08-19,Bag H,Fashion,469000,1,C1160,Yogyakarta,15,Credit Card,398650
2025-08-19,T-Shirt G,Fashion,249000,3,C0474,Bandung,0,E-Wallet,747000
2025-08-19,Snack J,Food,33000,2,C1895,Semarang,15,Credit Card,56100
2025-08-19,Tea K,Food,48000,3,C0493,Semarang,0,Bank Transfer,144000
2025-08-19,Table O,Home,1411000,2,C2219,Jakarta,15,Credit Card,2398700
2025-08-19,Table O,Home,1553000,2,C0404,Bandung,20,E-Wallet,2484800
2025-08-19,Headphone C,Electronics,727000,1,C0918,Malang,5,E-Wallet,690650
2025-08-19,Lamp M,Home,292000,1,C0446,Bandung,0,Bank Transfer,292000
2025-08-19,Snack J,Food,33000,1,C1149,Jakarta,10,Bank Transfer,29700
2025-08-20,Chocolate L,Food,63000,1,C2084,Yogyakarta,0,COD,63000
2025-08-20,Laptop A,Electronics,8118000,5,C1650,Surabaya,0,Credit Card,40590000
2025-08-20,Monitor D,Electronics,2443000,1,C1500,Yogyakarta,0,Credit Card,2443000
2025-08-20,Laptop A,Electronics,7997000,2,C0152,Semarang,5,E-Wallet,15194300
2025-08-20,Headphone C,Electronics,774000,1,C0132,Bandung,0,Bank Transfer,774000
2025-08-20,Smartphone B,Electronics,5451000,3,C1442,Jakarta,10,Bank Transfer,14717700
2025-08-20,Table O,Home,1438000,2,C1710,Jakarta,10,COD,2588400
2025-08-20,Shoes E,Fashion,687000,1,C2248,Jakarta,10,E-Wallet,618300
2025-08-20,Pillow P,Home,173000,2,C1659,Malang,5,Bank Transfer,328700
2025-08-20,Lamp M,Home,302000,2,C0457,Semarang,10,E-Wallet,543600
2025-08-20,Monitor D,Electronics,2586000,3,C0057,Jakarta,5,E-Wallet,7370100
2025-08-20,Laptop A,Electronics,8731000,1,C0189,Bandung,5,E-Wallet,8294450
2025-08-20,Table O,Home,1514000,1,C0437,Jakarta,10,E-Wallet,1362600
2025-08-20,Chair N,Home,873000,2,C1346,Jakarta,15,Credit Card,1484100
2025-08-21,Snack J,Food,36000,2,C0160,Malang,10,Credit Card,64800
2025-08-21,Headphone C,Electronics,718000,2,C0193,Bandung,15,Bank Transfer,1220600
2025-08-21,Bag H,Fashion,449000,2,C0814,Jakarta,10,E-Wallet,808200
2025-08-21,Jacket F,Fashion,525000,3,C2178,Semarang,10,Credit Card,1417500
2025-08-21,Laptop A,Electronics,8675000,3,C1298,Jakarta,5,E-Wallet,24723750
2025-08-21,Headphone C,Electronics,730000,2,C1055,Bandung,10,Bank Transfer,1314000
2025-08-21,Chair N,Home,957000,2,C0028,Bandung,0,Bank Transfer,1914000
2025-08-21,Table O,Home,1562000,2,C2469,Jakarta,10,COD,2811600
2025-08-21,Coffee I,Food,77000,1,C0491,Jakarta,10,Bank Transfer,69300
2025-08-21,Jacket F,Fashion,564000,4,C2058,Malang,15,E-Wallet,1917600
2025-08-21,Snack J,Food,36000,2,C0047,Surabaya,0,E-Wallet,72000
2025-08-21,Monitor D,Electronics,2536000,1,C1753,Surabaya,15,Credit Card,2155600
2025-08-21,Headphone C,Electronics,746000,2,C1330,Bandung,15,Bank Transfer,1268200
2025-08-21,Headphone C,Electronics,734000,1,C1932,Surabaya,10,Bank Transfer,660600
2025-08-21,Shoes E,Fashion,657000,2,C0199,Semarang,0,E-Wallet,1314000
2025-08-21,Jacket F,Fashion,546000,1,C0624,Yogyakarta,0,COD,546000
2025-08-21,Headphone C,Electronics,773000,1,C1792,Bandung,0,Bank Transfer,773000
2025-08-21,Shoes E,Fashion,669000,1,C0786,Bandung,5,E-Wallet,635550
2025-08-22,Laptop A,Electronics,8894000,2,C1700,Jakarta,15,E-Wallet,15119800
2025-08-22,Headphone C,Electronics,793000,3,C2195,Jakarta,0,Bank Transfer,2379000
2025-08-22,Laptop A,Electronics,8463000,3,C1910,Malang,10,Credit Card,22850100
2025-08-22,Shoes E,Fashion,639000,3,C0164,Bandung,5,COD,1821150
2025-08-22,Snack J,Food,33000,2,C1959,Surabaya,0,COD,66000
2025-08-22,Laptop A,Electronics,8759000,1,C2018,Semarang,5,E-Wallet,8321050
2025-08-22,Jacket F,Fashion,536000,1,C2333,Jakarta,10,Credit Card,482400
2025-08-22,Headphone C,Electronics,741000,5,C0927,Malang,10,COD,3334500
2025-08-22,Coffee I,Food,75000,1,C0213,Solo,0,Bank Transfer,75000
2025-08-22,Monitor D,Electronics,2310000,1,C1928,Surabaya,15,COD,1963500
2025-08-22,Jacket F,Fashion,518000,3,C1033,Surabaya,5,E-Wallet,1476300
2025-08-22,T-Shirt G,Fashion,259000,1,C1120,Yogyakarta,0,Bank Transfer,259000
2025-08-22,Lamp M,Home,305000,1,C0916,Surabaya,20,E-Wallet,244000
2025-08-22,Tea K,Food,51000,1,C1854,Jakarta,5,E-Wallet,48450
2025-08-22,Headphone C,Electronics,816000,1,C1699,Bandung,10,COD,734400
2025-08-22,Bag H,Fashion,458000,3,C1277,Semarang,0,COD,1374000
2025-08-22,Tea K,Food,49000,1,C0771,Solo,0,Bank Transfer,49000
2025-08-22,Lamp M,Home,292000,1,C0955,Jakarta,20,E-Wallet,233600
2025-08-23,Shoes E,Fashion,657000,1,C0181,Yogyakarta,0,E-Wallet,657000
2025-08-23,T-Shirt G,Fashion,259000,2,C1673,Malang,5,Bank Transfer,492100
2025-08-23,Tea K,Food,50000,3,C2254,Malang,10,Credit Card,135000
2025-08-23,Chair N,Home,908000,3,C1554,Yogyakarta,10,Credit Card,2451600
2025-08-23,Tea K,Food,52000,2,C0366,Bandung,5,Credit Card,98800
2025-08-23,Jacket F,Fashion,581000,2,C0120,Bandung,0,Credit Card,1162000
2025-08-23,Lamp M,Home,301000,2,C1499,Solo,5,Bank Transfer,571900
2025-08-23,Pillow P,Home,172000,2,C1657,Jakarta,5,Credit Card,326800
2025-08-23,Headphone C,Electronics,730000,1,C0974,Surabaya,0,Credit Card,730000
2025-08-23,Shoes E,Fashion,629000,1,C0783,Malang,0,E-Wallet,629000
2025-08-23,Snack J,Food,36000,1,C0025,Jakarta,10,Credit Card,32400
2025-08-23,Monitor D,Electronics,2502000,2,C1752,Jakarta,0,COD,5004000
2025-08-23,Chocolate L,Food,58000,2,C2142,Yogyakarta,5,Credit Card,110200
2025-08-23,Headphone C,Electronics,787000,1,C1095,Semarang,0,COD,787000
2025-08-23,Pillow P,Home,177000,4,C2209,Jakarta,10,Bank Transfer,637200
2025-08-23,T-Shirt G,Fashion,234000,2,C0576,Malang,0,E-Wallet,468000
2025-08-23,Smartphone B,Electronics,4921000,3,C1757,Malang,10,Credit Card,13286700
2025-08-23,Bag H,Fashion,437000,2,C0263,Bandung,15,Bank Transfer,742900
2025-08-23,Lamp M,Home,310000,1,C2032,Semarang,0,Credit Card,310000
2025-08-23,Pillow P,Home,183000,1,C1872,Surabaya,10,COD,164700
2025-08-23,Jacket F,Fashion,539000,1,C0157,Jakarta,10,COD,485100
2025-08-23,T-Shirt G,Fashion,268000,1,C1614,Malang,0,Credit Card,268000
2025-08-23,Shoes E,Fashion,605000,1,C1451,Jakarta,15,Bank Transfer,514250
2025-08-24,Lamp M,Home,293000,2,C1935,Solo,0,E-Wallet,586000
2025-08-24,Lamp M,Home,303000,1,C1866,Bandung,0,Bank Transfer,303000
2025-08-24,T-Shirt G,Fashion,254000,1,C1104,Surabaya,15,E-Wallet,215900
2025-08-24,Snack J,Food,35000,1,C2464,Jakarta,10,Credit Card,31500
2025-08-24,Jacket F,Fashion,533000,1,C0865,Jakarta,15,COD,453050
2025-08-24,Bag H,Fashion,487000,4,C1005,Malang,5,E-Wallet,1850600
2025-08-24,Smartphone B,Electronics,4599000,4,C2020,Surabaya,10,Bank Transfer,16556400
2025-08-24,Coffee I,Food,77000,1,C1468,Solo,0,Bank Transfer,77000
2025-08-24,T-Shirt G,Fashion,251000,2,C2201,Jakarta,15,COD,426700
2025-08-24,T-Shirt G,Fashion,235000,2,C0188,Solo,10,COD,423000
2025-08-24,Bag H,Fashion,483000,1,C1152,Solo,10,Bank Transfer,434700
2025-08-24,Chair N,Home,909000,3,C0149,Malang,5,Credit Card,2590650
2025-08-24,Lamp M,Home,287000,1,C1318,Jakarta,10,E-Wallet,258300
2025-08-24,Snack J,Food,34000,1,C0521,Solo,0,Bank Transfer,34000
2025-08-24,Shoes E,Fashion,678000,1,C1549,Bandung,10,Credit Card,610200
2025-08-24,Jacket F,Fashion,485000,2,C1439,Yogyakarta,15,Credit Card,824500
2025-08-24,T-Shirt G,Fashion,257000,1,C0750,Solo,5,E-Wallet,244150
2025-08-24,Lamp M,Home,316000,4,C1945,Bandung,0,Credit Card,1264000
2025-08-24,Jacket F,Fashion,573000,3,C0873,Semarang,0,COD,1719000
2025-08-25,Monitor D,Electronics,2475000,1,C1293,Surabaya,0,Credit Card,2475000
2025-08-25,Snack J,Food,33000,1,C0827,Jakarta,0,Bank Transfer,33000
2025-08-25,Table O,Home,1514000,3,C0574,Solo,5,E-Wallet,4314900
2025-08-25,Monitor D,Electronics,2414000,1,C0723,Solo,10,E-Wallet,2172600
2025-08-25,Pillow P,Home,174000,2,C1885,Surabaya,15,Bank Transfer,295800
2025-08-25,Headphone C,Electronics,729000,1,C0729,Bandung,0,E-Wallet,729000
2025-08-25,Monitor D,Electronics,2346000,3,C1106,Semarang,15,E-Wallet,5982300
2025-08-25,Chair N,Home,930000,5,C1512,Solo,0,E-Wallet,4650000
2025-08-25,Monitor D,Electronics,2580000,1,C0682,Bandung,15,E-Wallet,2193000
2025-08-25,Bag H,Fashion,470000,2,C0101,Surabaya,5,Bank Transfer,893000
2025-08-25,Laptop A,Electronics,8053000,2,C1069,Yogyakarta,10,E-Wallet,14495400
2025-08-25,Snack J,Food,31000,1,C1656,Jakarta,0,Credit Card,31000
2025-08-25,Headphone C,Electronics,736000,2,C2236,Surabaya,0,Credit Card,1472000
2025-08-25,T-Shirt G,Fashion,248000,1,C0272,Jakarta,5,COD,235600
2025-08-25,T-Shirt G,Fashion,256000,1,C1037,Jakarta,5,Bank Transfer,243200
2025-08-25,T-Shirt G,Fashion,240000,2,C0205,Semarang,0,E-Wallet,480000
2025-08-25,Pillow P,Home,182000,1,C0779,Jakarta,10,Bank Transfer,163800
2025-08-25,Coffee I,Food,76000,3,C2433,Bandung,0,COD,228000
2025-08-25,Chocolate L,Food,64000,1,C2072,Yogyakarta,10,Bank Transfer,57600
2025-08-25,Lamp M,Home,291000,2,C0656,Bandung,10,Credit Card,523800
2025-08-25,Jacket F,Fashion,577000,2,C1338,Malang,5,Bank Transfer,1096300
2025-08-25,Pillow P,Home,162000,2,C1382,Malang,0,E-Wallet,324000
2025-08-26,Monitor D,Electronics,2543000,1,C0631,Malang,10,Credit Card,2288700
2025-08-26,Chocolate L,Food,60000,1,C1532,Jakarta,0,E-Wallet,60000
2025-08-26,Smartphone B,Electronics,5476000,5,C1297,Surabaya,15,E-Wallet,23273000
2025-08-26,Tea K,Food,47000,3,C0211,Malang,20,E-Wallet,112800
2025-08-26,Table O,Home,1608000,1,C1342,Malang,0,Credit Card,1608000
2025-08-26,Monitor D,Electronics,2476000,1,C2124,Malang,0,Credit Card,2476000
2025-08-26,Smartphone B,Electronics,5207000,5,C1416,Surabaya,0,E-Wallet,26035000
2025-08-26,Snack J,Food,38000,1,C2364,Semarang,0,Bank Transfer,38000
2025-08-26,Snack J,Food,35000,3,C0812,Semarang,15,Credit Card,89250
2025-08-27,Coffee I,Food,78000,3,C1629,Solo,5,Bank Transfer,222300
2025-08-27,Monitor D,Electronics,2391000,2,C0089,Malang,0,COD,4782000
2025-08-27,T-Shirt G,Fashion,247000,2,C0241,Malang,10,E-Wallet,444600
2025-08-27,Coffee I,Food,71000,2,C1848,Bandung,0,COD,142000
2025-08-27,Lamp M,Home,312000,2,C1894,Bandung,0,Credit Card,624000
2025-08-27,Smartphone B,Electronics,4783000,2,C1710,Solo,0,COD,9566000
2025-08-27,Laptop A,Electronics,8683000,2,C1466,Jakarta,15,Bank Transfer,14761100
2025-08-27,T-Shirt G,Fashion,252000,1,C1859,Bandung,0,Credit Card,252000
2025-08-27,Bag H,Fashion,460000,1,C1745,Jakarta,0,E-Wallet,460000
2025-08-27,Tea K,Food,49000,1,C0600,Malang,5,E-Wallet,46550
2025-08-27,Tea K,Food,49000,1,C1256,Surabaya,0,Bank Transfer,49000
2025-08-27,Bag H,Fashion,450000,2,C0794,Malang,10,COD,810000
2025-08-28,T-Shirt G,Fashion,262000,1,C0433,Surabaya,10,E-Wallet,235800
2025-08-28,Pillow P,Home,174000,1,C1730,Jakarta,0,Bank Transfer,174000
2025-08-28,Table O,Home,1550000,2,C2005,Jakarta,0,E-Wallet,3100000
2025-08-28,Smartphone B,Electronics,4800000,1,C0147,Surabaya,10,COD,4320000
2025-08-28,Pillow P,Home,194000,2,C0538,Semarang,0,Bank Transfer,388000
2025-08-28,Pillow P,Home,180000,1,C2324,Semarang,0,E-Wallet,180000
2025-08-28,Headphone C,Electronics,744000,2,C2401,Jakarta,5,Bank Transfer,1413600
2025-08-28,Snack J,Food,36000,2,C1632,Surabaya,20,E-Wallet,57600
2025-08-28,Monitor D,Electronics,2569000,1,C1008,Bandung,15,Credit Card,2183650
2025-08-28,Chair N,Home,856000,1,C2326,Malang,10,Bank Transfer,770400
2025-08-28,Snack J,Food,37000,3,C0608,Yogyakarta,5,E-Wallet,105450
2025-08-28,Chocolate L,Food,59000,3,C1206,Bandung,15,Bank Transfer,150450
2025-08-28,Tea K,Food,46000,1,C0876,Bandung,0,E-Wallet,46000
2025-08-29,Shoes E,Fashion,618000,3,C2360,Surabaya,5,Credit Card,1761300
2025-08-29,Headphone C,Electronics,791000,4,C2014,Surabaya,5,COD,3005800
2025-08-29,Laptop A,Electronics,8837000,1,C0395,Malang,20,Bank Transfer,7069600
2025-08-29,Chocolate L,Food,67000,3,C0416,Jakarta,20,E-Wallet,160800
2025-08-29,Headphone C,Electronics,733000,1,C2253,Solo,15,Credit Card,623050
2025-08-29,Smartphone B,Electronics,4934000,1,C1280,Yogyakarta,5,Bank Transfer,4687300
2025-08-29,Bag H,Fashion,424000,4,C1105,Jakarta,0,E-Wallet,1696000
2025-08-29,Shoes E,Fashion,656000,1,C0082,Jakarta,5,COD,623200
2025-08-29,Tea K,Food,55000,2,C1740,Yogyakarta,0,E-Wallet,110000
2025-08-29,Table O,Home,1444000,2,C1625,Bandung,0,E-Wallet,2888000
2025-08-30,Snack J,Food,38000,1,C0591,Bandung,15,E-Wallet,32300
2025-08-30,Monitor D,Electronics,2394000,1,C2300,Surabaya,10,COD,2154600
2025-08-30,Monitor D,Electronics,2565000,4,C2327,Semarang,10,COD,9234000
2025-08-30,Smartphone B,Electronics,4893000,1,C0481,Yogyakarta,0,Bank Transfer,4893000
2025-08-30,Table O,Home,1451000,2,C0299,Solo,5,Credit Card,2756900
2025-08-30,Smartphone B,Electronics,5295000,2,C2419,Jakarta,0,Bank Transfer,10590000
2025-08-30,Shoes E,Fashion,607000,3,C0724,Solo,10,E-Wallet,1638900
2025-08-30,Smartphone B,Electronics,5096000,1,C0447,Jakarta,15,Credit Card,4331600
2025-08-30,Smartphone B,Electronics,4862000,3,C1444,Surabaya,5,COD,13856700
2025-08-30,Chocolate L,Food,56000,2,C0625,Jakarta,5,E-Wallet,106400
2025-08-30,Coffee I,Food,77000,1,C0919,Yogyakarta,15,Bank Transfer,65450
2025-08-30,Table O,Home,1481000,1,C1754,Surabaya,10,Credit Card,1332900
2025-08-30,Shoes E,Fashion,655000,5,C0631,Surabaya,5,COD,3111250
2025-08-30,T-Shirt G,Fashion,247000,1,C1449,Bandung,0,COD,247000
2025-08-31,Laptop A,Electronics,8975000,2,C0710,Jakarta,10,Credit Card,16155000
2025-08-31,Pillow P,Home,167000,2,C0763,Surabaya,0,Credit Card,334000
2025-08-31,Pillow P,Home,180000,1,C2467,Jakarta,10,Credit Card,162000
2025-08-31,Shoes E,Fashion,704000,4,C2273,Yogyakarta,10,E-Wallet,2534400
2025-08-31,Pillow P,Home,179000,5,C2012,Jakarta,10,Bank Transfer,805500
2025-08-31,Tea K,Food,51000,2,C0334,Solo,0,COD,102000
2025-08-31,Jacket F,Fashion,536000,2,C0284,Jakarta,5,Bank Transfer,1018400
2025-08-31,Chair N,Home,930000,1,C0728,Malang,10,Credit Card,837000
2025-08-31,Snack J,Food,36000,1,C0005,Bandung,20,COD,28800
2025-08-31,Bag H,Fashion,462000,1,C0921,Yogyakarta,0,Credit Card,462000
2025-08-31,Tea K,Food,49000,2,C2331,Jakarta,5,Credit Card,93100
2025-08-31,Lamp M,Home,304000,1,C1092,Jakarta,5,Bank Transfer,288800
2025-08-31,Monitor D,Electronics,2548000,1,C1997,Yogyakarta,15,E-Wallet,2165800
